Element,Unit,Item,Year,Value
Import Quantity,t,"Almonds, in shell",1961,0
Import Value,1000 USD,"Almonds, in shell",1961,0
Export Quantity,t,"Almonds, in shell",1961,0
Export Value,1000 USD,"Almonds, in shell",1961,0
Import Quantity,t,"Almonds, in shell",1962,0
Import Value,1000 USD,"Almonds, in shell",1962,0
Export Quantity,t,"Almonds, in shell",1962,0
Export Value,1000 USD,"Almonds, in shell",1962,0
Import Quantity,t,"Almonds, in shell",1963,0
Import Value,1000 USD,"Almonds, in shell",1963,0
Export Quantity,t,"Almonds, in shell",1963,0
Export Value,1000 USD,"Almonds, in shell",1963,0
Import Quantity,t,"Almonds, in shell",1964,0
Import Value,1000 USD,"Almonds, in shell",1964,0
Export Quantity,t,"Almonds, in shell",1964,0
Export Value,1000 USD,"Almonds, in shell",1964,0
Import Quantity,t,"Almonds, in shell",1965,0
Import Value,1000 USD,"Almonds, in shell",1965,0
Export Quantity,t,"Almonds, in shell",1965,0
Export Value,1000 USD,"Almonds, in shell",1965,0
Import Quantity,t,"Almonds, in shell",1966,0
Import Value,1000 USD,"Almonds, in shell",1966,0
Export Quantity,t,"Almonds, in shell",1966,0
Export Value,1000 USD,"Almonds, in shell",1966,0
Import Quantity,t,"Almonds, in shell",1967,0
Import Value,1000 USD,"Almonds, in shell",1967,0
Export Quantity,t,"Almonds, in shell",1967,0
Export Value,1000 USD,"Almonds, in shell",1967,0
Import Quantity,t,"Almonds, in shell",1968,0
Import Value,1000 USD,"Almonds, in shell",1968,0
Export Quantity,t,"Almonds, in shell",1968,0
Export Value,1000 USD,"Almonds, in shell",1968,0
Import Quantity,t,"Almonds, in shell",1969,0
Import Value,1000 USD,"Almonds, in shell",1969,0
Export Quantity,t,"Almonds, in shell",1969,0
Export Value,1000 USD,"Almonds, in shell",1969,0
Import Quantity,t,"Almonds, in shell",1970,0
Import Value,1000 USD,"Almonds, in shell",1970,0
Export Quantity,t,"Almonds, in shell",1970,0
Export Value,1000 USD,"Almonds, in shell",1970,0
Import Quantity,t,"Almonds, in shell",1971,0
Import Value,1000 USD,"Almonds, in shell",1971,0
Export Quantity,t,"Almonds, in shell",1971,0
Export Value,1000 USD,"Almonds, in shell",1971,0
Import Quantity,t,"Almonds, in shell",1972,0
Import Value,1000 USD,"Almonds, in shell",1972,0
Export Quantity,t,"Almonds, in shell",1972,0
Export Value,1000 USD,"Almonds, in shell",1972,0
Import Quantity,t,"Almonds, in shell",1973,0
Import Value,1000 USD,"Almonds, in shell",1973,0
Export Quantity,t,"Almonds, in shell",1973,0
Export Value,1000 USD,"Almonds, in shell",1973,0
Import Quantity,t,"Almonds, in shell",1974,0
Import Value,1000 USD,"Almonds, in shell",1974,0
Export Quantity,t,"Almonds, in shell",1974,0
Export Value,1000 USD,"Almonds, in shell",1974,0
Import Quantity,t,"Almonds, in shell",1975,0
Import Value,1000 USD,"Almonds, in shell",1975,0
Export Quantity,t,"Almonds, in shell",1975,0
Export Value,1000 USD,"Almonds, in shell",1975,0
Import Quantity,t,"Almonds, in shell",1976,0
Import Value,1000 USD,"Almonds, in shell",1976,0
Export Quantity,t,"Almonds, in shell",1976,0
Export Value,1000 USD,"Almonds, in shell",1976,0
Import Quantity,t,"Almonds, in shell",1977,0
Import Value,1000 USD,"Almonds, in shell",1977,0
Export Quantity,t,"Almonds, in shell",1977,0
Export Value,1000 USD,"Almonds, in shell",1977,0
Import Quantity,t,"Almonds, in shell",1978,0
Import Value,1000 USD,"Almonds, in shell",1978,0
Export Quantity,t,"Almonds, in shell",1978,0
Export Value,1000 USD,"Almonds, in shell",1978,0
Import Quantity,t,"Almonds, in shell",1979,0
Import Value,1000 USD,"Almonds, in shell",1979,0
Export Quantity,t,"Almonds, in shell",1979,0
Export Value,1000 USD,"Almonds, in shell",1979,0
Import Quantity,t,"Almonds, in shell",1980,0
Import Value,1000 USD,"Almonds, in shell",1980,0
Export Quantity,t,"Almonds, in shell",1980,0
Export Value,1000 USD,"Almonds, in shell",1980,0
Import Quantity,t,"Almonds, in shell",1981,0
Import Value,1000 USD,"Almonds, in shell",1981,0
Export Quantity,t,"Almonds, in shell",1981,0
Export Value,1000 USD,"Almonds, in shell",1981,0
Import Quantity,t,"Almonds, in shell",1982,0
Import Value,1000 USD,"Almonds, in shell",1982,0
Export Quantity,t,"Almonds, in shell",1982,0
Export Value,1000 USD,"Almonds, in shell",1982,0
Import Quantity,t,"Almonds, in shell",1983,0
Import Value,1000 USD,"Almonds, in shell",1983,0
Export Quantity,t,"Almonds, in shell",1983,0
Export Value,1000 USD,"Almonds, in shell",1983,0
Import Quantity,t,"Almonds, in shell",1984,0
Import Value,1000 USD,"Almonds, in shell",1984,0
Export Quantity,t,"Almonds, in shell",1984,0
Export Value,1000 USD,"Almonds, in shell",1984,0
Import Quantity,t,"Almonds, in shell",1985,0
Import Value,1000 USD,"Almonds, in shell",1985,0
Export Quantity,t,"Almonds, in shell",1985,0
Export Value,1000 USD,"Almonds, in shell",1985,0
Import Quantity,t,"Almonds, in shell",1986,0
Import Value,1000 USD,"Almonds, in shell",1986,0
Export Quantity,t,"Almonds, in shell",1986,0
Export Value,1000 USD,"Almonds, in shell",1986,0
Import Quantity,t,"Almonds, in shell",1987,0
Import Value,1000 USD,"Almonds, in shell",1987,0
Export Quantity,t,"Almonds, in shell",1987,0
Export Value,1000 USD,"Almonds, in shell",1987,0
Import Quantity,t,"Almonds, in shell",1988,1104
Import Value,1000 USD,"Almonds, in shell",1988,2838
Export Quantity,t,"Almonds, in shell",1988,76
Export Value,1000 USD,"Almonds, in shell",1988,309
Import Quantity,t,"Almonds, in shell",1989,1212
Import Value,1000 USD,"Almonds, in shell",1989,2153
Export Quantity,t,"Almonds, in shell",1989,29
Export Value,1000 USD,"Almonds, in shell",1989,109
Import Quantity,t,"Almonds, in shell",1990,581
Import Value,1000 USD,"Almonds, in shell",1990,1273
Export Quantity,t,"Almonds, in shell",1990,96
Export Value,1000 USD,"Almonds, in shell",1990,429
Import Quantity,t,"Almonds, in shell",1991,467
Import Value,1000 USD,"Almonds, in shell",1991,802
Export Quantity,t,"Almonds, in shell",1991,107
Export Value,1000 USD,"Almonds, in shell",1991,341
Import Quantity,t,"Almonds, in shell",1992,424
Import Value,1000 USD,"Almonds, in shell",1992,841
Export Quantity,t,"Almonds, in shell",1992,31
Export Value,1000 USD,"Almonds, in shell",1992,133
Import Quantity,t,"Almonds, in shell",1993,463
Import Value,1000 USD,"Almonds, in shell",1993,1028
Export Quantity,t,"Almonds, in shell",1993,71
Export Value,1000 USD,"Almonds, in shell",1993,190
Import Quantity,t,"Almonds, in shell",1994,998
Import Value,1000 USD,"Almonds, in shell",1994,2537
Export Quantity,t,"Almonds, in shell",1994,23
Export Value,1000 USD,"Almonds, in shell",1994,69
Import Quantity,t,"Almonds, in shell",1995,467
Import Value,1000 USD,"Almonds, in shell",1995,1519
Export Quantity,t,"Almonds, in shell",1995,47
Export Value,1000 USD,"Almonds, in shell",1995,237
Import Quantity,t,"Almonds, in shell",1996,319
Import Value,1000 USD,"Almonds, in shell",1996,1385
Export Quantity,t,"Almonds, in shell",1996,86
Export Value,1000 USD,"Almonds, in shell",1996,235
Import Quantity,t,"Almonds, in shell",1997,341
Import Value,1000 USD,"Almonds, in shell",1997,1592
Export Quantity,t,"Almonds, in shell",1997,197
Export Value,1000 USD,"Almonds, in shell",1997,329
Import Quantity,t,"Almonds, in shell",1998,413
Import Value,1000 USD,"Almonds, in shell",1998,1115
Export Quantity,t,"Almonds, in shell",1998,19
Export Value,1000 USD,"Almonds, in shell",1998,58
Import Quantity,t,"Almonds, in shell",1999,420
Import Value,1000 USD,"Almonds, in shell",1999,1005
Export Quantity,t,"Almonds, in shell",1999,132
Export Value,1000 USD,"Almonds, in shell",1999,227
Import Quantity,t,"Almonds, in shell",2000,418
Import Value,1000 USD,"Almonds, in shell",2000,950
Export Quantity,t,"Almonds, in shell",2000,187
Export Value,1000 USD,"Almonds, in shell",2000,631
Import Quantity,t,"Almonds, in shell",2001,636
Import Value,1000 USD,"Almonds, in shell",2001,1420
Export Quantity,t,"Almonds, in shell",2001,46
Export Value,1000 USD,"Almonds, in shell",2001,159
Import Quantity,t,"Almonds, in shell",2002,512
Import Value,1000 USD,"Almonds, in shell",2002,1144
Export Quantity,t,"Almonds, in shell",2002,24
Export Value,1000 USD,"Almonds, in shell",2002,102
Import Quantity,t,"Almonds, in shell",2003,271
Import Value,1000 USD,"Almonds, in shell",2003,836
Export Quantity,t,"Almonds, in shell",2003,112
Export Value,1000 USD,"Almonds, in shell",2003,407
Import Quantity,t,"Almonds, in shell",2004,413
Import Value,1000 USD,"Almonds, in shell",2004,1404
Export Quantity,t,"Almonds, in shell",2004,43
Export Value,1000 USD,"Almonds, in shell",2004,274
Import Quantity,t,"Almonds, in shell",2005,473
Import Value,1000 USD,"Almonds, in shell",2005,1991
Export Quantity,t,"Almonds, in shell",2005,40
Export Value,1000 USD,"Almonds, in shell",2005,391
Import Quantity,t,"Almonds, in shell",2006,337
Import Value,1000 USD,"Almonds, in shell",2006,1335
Export Quantity,t,"Almonds, in shell",2006,73
Export Value,1000 USD,"Almonds, in shell",2006,690
Import Quantity,t,"Almonds, in shell",2007,257
Import Value,1000 USD,"Almonds, in shell",2007,1259
Export Quantity,t,"Almonds, in shell",2007,66
Export Value,1000 USD,"Almonds, in shell",2007,543
Import Quantity,t,"Almonds, in shell",2008,354
Import Value,1000 USD,"Almonds, in shell",2008,1483
Export Quantity,t,"Almonds, in shell",2008,56
Export Value,1000 USD,"Almonds, in shell",2008,623
Import Quantity,t,"Almonds, in shell",2009,179
Import Value,1000 USD,"Almonds, in shell",2009,718
Export Quantity,t,"Almonds, in shell",2009,55
Export Value,1000 USD,"Almonds, in shell",2009,600
Import Quantity,t,"Almonds, in shell",2010,891
Import Value,1000 USD,"Almonds, in shell",2010,4650
Export Quantity,t,"Almonds, in shell",2010,89
Export Value,1000 USD,"Almonds, in shell",2010,694
Import Quantity,t,"Almonds, in shell",2011,1433
Import Value,1000 USD,"Almonds, in shell",2011,10123
Export Quantity,t,"Almonds, in shell",2011,98
Export Value,1000 USD,"Almonds, in shell",2011,508
Import Quantity,t,"Almonds, in shell",2012,705
Import Value,1000 USD,"Almonds, in shell",2012,4430
Export Quantity,t,"Almonds, in shell",2012,51
Export Value,1000 USD,"Almonds, in shell",2012,436
Import Quantity,t,"Almonds, in shell",2013,265
Import Value,1000 USD,"Almonds, in shell",2013,1394
Export Quantity,t,"Almonds, in shell",2013,67
Export Value,1000 USD,"Almonds, in shell",2013,495
Import Quantity,t,"Almonds, in shell",2014,222
Import Value,1000 USD,"Almonds, in shell",2014,1513
Export Quantity,t,"Almonds, in shell",2014,133.06
Export Value,1000 USD,"Almonds, in shell",2014,846
Import Quantity,t,"Almonds, in shell",2015,680.5
Import Value,1000 USD,"Almonds, in shell",2015,9288
Export Quantity,t,"Almonds, in shell",2015,681.12
Export Value,1000 USD,"Almonds, in shell",2015,2672
Import Quantity,t,"Almonds, in shell",2016,405.04
Import Value,1000 USD,"Almonds, in shell",2016,3988
Export Quantity,t,"Almonds, in shell",2016,149.55
Export Value,1000 USD,"Almonds, in shell",2016,1140
Import Quantity,t,"Almonds, in shell",2017,519.94
Import Value,1000 USD,"Almonds, in shell",2017,3948
Export Quantity,t,"Almonds, in shell",2017,146.16
Export Value,1000 USD,"Almonds, in shell",2017,846
Import Quantity,t,"Almonds, in shell",2018,268.21
Import Value,1000 USD,"Almonds, in shell",2018,2130
Export Quantity,t,"Almonds, in shell",2018,96.94
Export Value,1000 USD,"Almonds, in shell",2018,835
Import Quantity,t,"Almonds, in shell",2019,122.53
Import Value,1000 USD,"Almonds, in shell",2019,832
Export Quantity,t,"Almonds, in shell",2019,84.76
Export Value,1000 USD,"Almonds, in shell",2019,688
Import Quantity,t,"Almonds, in shell",2020,444.19
Import Value,1000 USD,"Almonds, in shell",2020,3081
Export Quantity,t,"Almonds, in shell",2020,29.93
Export Value,1000 USD,"Almonds, in shell",2020,289
Import Quantity,t,"Almonds, in shell",2021,268.75
Import Value,1000 USD,"Almonds, in shell",2021,1588
Export Quantity,t,"Almonds, in shell",2021,10.24
Export Value,1000 USD,"Almonds, in shell",2021,106
Import Quantity,t,"Almonds, in shell",2022,424.54
Import Value,1000 USD,"Almonds, in shell",2022,1991
Export Quantity,t,"Almonds, in shell",2022,16.14
Export Value,1000 USD,"Almonds, in shell",2022,135
Import Quantity,t,Apples,1961,230410
Import Value,1000 USD,Apples,1961,54217
Export Quantity,t,Apples,1961,8500
Export Value,1000 USD,Apples,1961,1836
Import Quantity,t,Apples,1962,239440
Import Value,1000 USD,Apples,1962,65935
Export Quantity,t,Apples,1962,8146
Export Value,1000 USD,Apples,1962,2172
Import Quantity,t,Apples,1963,209170
Import Value,1000 USD,Apples,1963,54443
Export Quantity,t,Apples,1963,9012
Export Value,1000 USD,Apples,1963,2191
Import Quantity,t,Apples,1964,239110
Import Value,1000 USD,Apples,1964,62478
Export Quantity,t,Apples,1964,15367
Export Value,1000 USD,Apples,1964,2951
Import Quantity,t,Apples,1965,246682
Import Value,1000 USD,Apples,1965,69882
Export Quantity,t,Apples,1965,15113
Export Value,1000 USD,Apples,1965,3401
Import Quantity,t,Apples,1966,273636
Import Value,1000 USD,Apples,1966,77160
Export Quantity,t,Apples,1966,18776
Export Value,1000 USD,Apples,1966,4648
Import Quantity,t,Apples,1967,289962
Import Value,1000 USD,Apples,1967,81120
Export Quantity,t,Apples,1967,10664
Export Value,1000 USD,Apples,1967,2752
Import Quantity,t,Apples,1968,299613
Import Value,1000 USD,Apples,1968,78413
Export Quantity,t,Apples,1968,9167
Export Value,1000 USD,Apples,1968,2271
Import Quantity,t,Apples,1969,289897
Import Value,1000 USD,Apples,1969,82139
Export Quantity,t,Apples,1969,10543
Export Value,1000 USD,Apples,1969,3014
Import Quantity,t,Apples,1970,258500
Import Value,1000 USD,Apples,1970,73231
Export Quantity,t,Apples,1970,10923
Export Value,1000 USD,Apples,1970,2124
Import Quantity,t,Apples,1971,264783
Import Value,1000 USD,Apples,1971,81325
Export Quantity,t,Apples,1971,11177
Export Value,1000 USD,Apples,1971,2498
Import Quantity,t,Apples,1972,277080
Import Value,1000 USD,Apples,1972,98166
Export Quantity,t,Apples,1972,16467
Export Value,1000 USD,Apples,1972,4574
Import Quantity,t,Apples,1973,331874
Import Value,1000 USD,Apples,1973,127635
Export Quantity,t,Apples,1973,12404
Export Value,1000 USD,Apples,1973,4772
Import Quantity,t,Apples,1974,312089
Import Value,1000 USD,Apples,1974,123951
Export Quantity,t,Apples,1974,14900
Export Value,1000 USD,Apples,1974,4344
Import Quantity,t,Apples,1975,333632
Import Value,1000 USD,Apples,1975,155180
Export Quantity,t,Apples,1975,13551
Export Value,1000 USD,Apples,1975,4062
Import Quantity,t,Apples,1976,381396
Import Value,1000 USD,Apples,1976,136376
Export Quantity,t,Apples,1976,15860
Export Value,1000 USD,Apples,1976,4091
Import Quantity,t,Apples,1977,338932
Import Value,1000 USD,Apples,1977,164557
Export Quantity,t,Apples,1977,13598
Export Value,1000 USD,Apples,1977,5756
Import Quantity,t,Apples,1978,343656
Import Value,1000 USD,Apples,1978,191810
Export Quantity,t,Apples,1978,18803
Export Value,1000 USD,Apples,1978,6179
Import Quantity,t,Apples,1979,372233
Import Value,1000 USD,Apples,1979,197401
Export Quantity,t,Apples,1979,17988
Export Value,1000 USD,Apples,1979,6024
Import Quantity,t,Apples,1980,374170
Import Value,1000 USD,Apples,1980,235178
Export Quantity,t,Apples,1980,14246
Export Value,1000 USD,Apples,1980,6650
Import Quantity,t,Apples,1981,423421
Import Value,1000 USD,Apples,1981,222490
Export Quantity,t,Apples,1981,19378
Export Value,1000 USD,Apples,1981,6628
Import Quantity,t,Apples,1982,399452
Import Value,1000 USD,Apples,1982,230393
Export Quantity,t,Apples,1982,15269
Export Value,1000 USD,Apples,1982,7664
Import Quantity,t,Apples,1983,405553
Import Value,1000 USD,Apples,1983,193250
Export Quantity,t,Apples,1983,20964
Export Value,1000 USD,Apples,1983,6857
Import Quantity,t,Apples,1984,400967
Import Value,1000 USD,Apples,1984,173040
Export Quantity,t,Apples,1984,20459
Export Value,1000 USD,Apples,1984,8799
Import Quantity,t,Apples,1985,428561
Import Value,1000 USD,Apples,1985,192964
Export Quantity,t,Apples,1985,24179
Export Value,1000 USD,Apples,1985,8264
Import Quantity,t,Apples,1986,442114
Import Value,1000 USD,Apples,1986,238858
Export Quantity,t,Apples,1986,19347
Export Value,1000 USD,Apples,1986,10178
Import Quantity,t,Apples,1987,442941
Import Value,1000 USD,Apples,1987,274840
Export Quantity,t,Apples,1987,31814
Export Value,1000 USD,Apples,1987,13431
Import Quantity,t,Apples,1988,498473
Import Value,1000 USD,Apples,1988,308213
Export Quantity,t,Apples,1988,15958
Export Value,1000 USD,Apples,1988,9635
Import Quantity,t,Apples,1989,469679
Import Value,1000 USD,Apples,1989,275594
Export Quantity,t,Apples,1989,31363
Export Value,1000 USD,Apples,1989,10231
Import Quantity,t,Apples,1990,466726
Import Value,1000 USD,Apples,1990,387353
Export Quantity,t,Apples,1990,19949
Export Value,1000 USD,Apples,1990,11249
Import Quantity,t,Apples,1991,463194
Import Value,1000 USD,Apples,1991,387617
Export Quantity,t,Apples,1991,42172
Export Value,1000 USD,Apples,1991,19413
Import Quantity,t,Apples,1992,458379
Import Value,1000 USD,Apples,1992,407051
Export Quantity,t,Apples,1992,37813
Export Value,1000 USD,Apples,1992,18060
Import Quantity,t,Apples,1993,414444
Import Value,1000 USD,Apples,1993,274982
Export Quantity,t,Apples,1993,8873
Export Value,1000 USD,Apples,1993,6420
Import Quantity,t,Apples,1994,437232
Import Value,1000 USD,Apples,1994,338033
Export Quantity,t,Apples,1994,13238
Export Value,1000 USD,Apples,1994,8710
Import Quantity,t,Apples,1995,411759
Import Value,1000 USD,Apples,1995,346651
Export Quantity,t,Apples,1995,23136
Export Value,1000 USD,Apples,1995,11659
Import Quantity,t,Apples,1996,422088
Import Value,1000 USD,Apples,1996,417484
Export Quantity,t,Apples,1996,31872
Export Value,1000 USD,Apples,1996,23923
Import Quantity,t,Apples,1997,406861
Import Value,1000 USD,Apples,1997,397387
Export Quantity,t,Apples,1997,16344
Export Value,1000 USD,Apples,1997,14057
Import Quantity,t,Apples,1998,460369
Import Value,1000 USD,Apples,1998,390920
Export Quantity,t,Apples,1998,19737
Export Value,1000 USD,Apples,1998,13071
Import Quantity,t,Apples,1999,449492
Import Value,1000 USD,Apples,1999,374154
Export Quantity,t,Apples,1999,19472
Export Value,1000 USD,Apples,1999,13205
Import Quantity,t,Apples,2000,426298
Import Value,1000 USD,Apples,2000,319220
Export Quantity,t,Apples,2000,17488
Export Value,1000 USD,Apples,2000,12779
Import Quantity,t,Apples,2001,466351
Import Value,1000 USD,Apples,2001,361658
Export Quantity,t,Apples,2001,16890
Export Value,1000 USD,Apples,2001,11402
Import Quantity,t,Apples,2002,448569
Import Value,1000 USD,Apples,2002,377794
Export Quantity,t,Apples,2002,14880
Export Value,1000 USD,Apples,2002,10941
Import Quantity,t,Apples,2003,475860
Import Value,1000 USD,Apples,2003,461328
Export Quantity,t,Apples,2003,18518
Export Value,1000 USD,Apples,2003,13779
Import Quantity,t,Apples,2004,524928
Import Value,1000 USD,Apples,2004,552973
Export Quantity,t,Apples,2004,19486
Export Value,1000 USD,Apples,2004,20021
Import Quantity,t,Apples,2005,514215
Import Value,1000 USD,Apples,2005,528506
Export Quantity,t,Apples,2005,27060
Export Value,1000 USD,Apples,2005,16442
Import Quantity,t,Apples,2006,531785
Import Value,1000 USD,Apples,2006,566191
Export Quantity,t,Apples,2006,44376
Export Value,1000 USD,Apples,2006,29062
Import Quantity,t,Apples,2007,522841
Import Value,1000 USD,Apples,2007,641672
Export Quantity,t,Apples,2007,43885
Export Value,1000 USD,Apples,2007,26447
Import Quantity,t,Apples,2008,481809
Import Value,1000 USD,Apples,2008,613100
Export Quantity,t,Apples,2008,23691
Export Value,1000 USD,Apples,2008,17449
Import Quantity,t,Apples,2009,455671
Import Value,1000 USD,Apples,2009,511407
Export Quantity,t,Apples,2009,18470
Export Value,1000 USD,Apples,2009,14842
Import Quantity,t,Apples,2010,460722
Import Value,1000 USD,Apples,2010,513660
Export Quantity,t,Apples,2010,19497
Export Value,1000 USD,Apples,2010,12958
Import Quantity,t,Apples,2011,459068
Import Value,1000 USD,Apples,2011,508746
Export Quantity,t,Apples,2011,30179
Export Value,1000 USD,Apples,2011,18186
Import Quantity,t,Apples,2012,482049
Import Value,1000 USD,Apples,2012,555070
Export Quantity,t,Apples,2012,21182
Export Value,1000 USD,Apples,2012,19086
Import Quantity,t,Apples,2013,479667
Import Value,1000 USD,Apples,2013,610139
Export Quantity,t,Apples,2013,21555
Export Value,1000 USD,Apples,2013,25826
Import Quantity,t,Apples,2014,437083.6
Import Value,1000 USD,Apples,2014,529615
Export Quantity,t,Apples,2014,15871.48
Export Value,1000 USD,Apples,2014,13924
Import Quantity,t,Apples,2015,413639.13
Import Value,1000 USD,Apples,2015,481053
Export Quantity,t,Apples,2015,16776.89
Export Value,1000 USD,Apples,2015,12431
Import Quantity,t,Apples,2016,381590.92
Import Value,1000 USD,Apples,2016,428749
Export Quantity,t,Apples,2016,14227.49
Export Value,1000 USD,Apples,2016,10288
Import Quantity,t,Apples,2017,374081.44
Import Value,1000 USD,Apples,2017,463751
Export Quantity,t,Apples,2017,22971.44
Export Value,1000 USD,Apples,2017,17799
Import Quantity,t,Apples,2018,361743.36
Import Value,1000 USD,Apples,2018,485801
Export Quantity,t,Apples,2018,20108.26
Export Value,1000 USD,Apples,2018,23588
Import Quantity,t,Apples,2019,331556.34
Import Value,1000 USD,Apples,2019,405681
Export Quantity,t,Apples,2019,18158.41
Export Value,1000 USD,Apples,2019,16604
Import Quantity,t,Apples,2020,346368.89
Import Value,1000 USD,Apples,2020,441011
Export Quantity,t,Apples,2020,21805.49
Export Value,1000 USD,Apples,2020,16208
Import Quantity,t,Apples,2021,327473.28
Import Value,1000 USD,Apples,2021,420880
Export Quantity,t,Apples,2021,10920.36
Export Value,1000 USD,Apples,2021,10613
Import Quantity,t,Apples,2022,322163.48
Import Value,1000 USD,Apples,2022,391870
Export Quantity,t,Apples,2022,11122.78
Export Value,1000 USD,Apples,2022,11335
Import Quantity,t,Apricots,1961,4418
Import Value,1000 USD,Apricots,1961,1286
Export Quantity,t,Apricots,1961,11
Export Value,1000 USD,Apricots,1961,3
Import Quantity,t,Apricots,1962,4486
Import Value,1000 USD,Apricots,1962,1137
Export Quantity,t,Apricots,1962,6
Export Value,1000 USD,Apricots,1962,3
Import Quantity,t,Apricots,1963,3993
Import Value,1000 USD,Apricots,1963,1157
Export Quantity,t,Apricots,1963,12
Export Value,1000 USD,Apricots,1963,4
Import Quantity,t,Apricots,1964,3878
Import Value,1000 USD,Apricots,1964,1060
Export Quantity,t,Apricots,1964,9
Export Value,1000 USD,Apricots,1964,4
Import Quantity,t,Apricots,1965,3854
Import Value,1000 USD,Apricots,1965,1173
Export Quantity,t,Apricots,1965,16
Export Value,1000 USD,Apricots,1965,7
Import Quantity,t,Apricots,1966,3471
Import Value,1000 USD,Apricots,1966,1030
Export Quantity,t,Apricots,1966,7
Export Value,1000 USD,Apricots,1966,4
Import Quantity,t,Apricots,1967,3378
Import Value,1000 USD,Apricots,1967,1106
Export Quantity,t,Apricots,1967,16
Export Value,1000 USD,Apricots,1967,7
Import Quantity,t,Apricots,1968,4278
Import Value,1000 USD,Apricots,1968,999
Export Quantity,t,Apricots,1968,18
Export Value,1000 USD,Apricots,1968,11
Import Quantity,t,Apricots,1969,2933
Import Value,1000 USD,Apricots,1969,816
Export Quantity,t,Apricots,1969,11
Export Value,1000 USD,Apricots,1969,4
Import Quantity,t,Apricots,1970,2957
Import Value,1000 USD,Apricots,1970,844
Export Quantity,t,Apricots,1970,0
Export Value,1000 USD,Apricots,1970,0
Import Quantity,t,Apricots,1971,2891
Import Value,1000 USD,Apricots,1971,874
Export Quantity,t,Apricots,1971,0
Export Value,1000 USD,Apricots,1971,0
Import Quantity,t,Apricots,1972,3206
Import Value,1000 USD,Apricots,1972,1033
Export Quantity,t,Apricots,1972,0
Export Value,1000 USD,Apricots,1972,0
Import Quantity,t,Apricots,1973,2092
Import Value,1000 USD,Apricots,1973,857
Export Quantity,t,Apricots,1973,0
Export Value,1000 USD,Apricots,1973,0
Import Quantity,t,Apricots,1974,2654
Import Value,1000 USD,Apricots,1974,1515
Export Quantity,t,Apricots,1974,0
Export Value,1000 USD,Apricots,1974,0
Import Quantity,t,Apricots,1975,2052
Import Value,1000 USD,Apricots,1975,1370
Export Quantity,t,Apricots,1975,0
Export Value,1000 USD,Apricots,1975,0
Import Quantity,t,Apricots,1976,1871
Import Value,1000 USD,Apricots,1976,841
Export Quantity,t,Apricots,1976,12
Export Value,1000 USD,Apricots,1976,11
Import Quantity,t,Apricots,1977,771
Import Value,1000 USD,Apricots,1977,536
Export Quantity,t,Apricots,1977,4
Export Value,1000 USD,Apricots,1977,5
Import Quantity,t,Apricots,1978,1734
Import Value,1000 USD,Apricots,1978,1302
Export Quantity,t,Apricots,1978,22
Export Value,1000 USD,Apricots,1978,21
Import Quantity,t,Apricots,1979,1546
Import Value,1000 USD,Apricots,1979,1339
Export Quantity,t,Apricots,1979,7
Export Value,1000 USD,Apricots,1979,11
Import Quantity,t,Apricots,1980,2268
Import Value,1000 USD,Apricots,1980,2459
Export Quantity,t,Apricots,1980,26
Export Value,1000 USD,Apricots,1980,33
Import Quantity,t,Apricots,1981,3319
Import Value,1000 USD,Apricots,1981,2738
Export Quantity,t,Apricots,1981,2
Export Value,1000 USD,Apricots,1981,8
Import Quantity,t,Apricots,1982,3565
Import Value,1000 USD,Apricots,1982,2936
Export Quantity,t,Apricots,1982,6
Export Value,1000 USD,Apricots,1982,9
Import Quantity,t,Apricots,1983,2939
Import Value,1000 USD,Apricots,1983,1738
Export Quantity,t,Apricots,1983,1
Export Value,1000 USD,Apricots,1983,2
Import Quantity,t,Apricots,1984,3969
Import Value,1000 USD,Apricots,1984,2366
Export Quantity,t,Apricots,1984,12
Export Value,1000 USD,Apricots,1984,25
Import Quantity,t,Apricots,1985,3055
Import Value,1000 USD,Apricots,1985,2426
Export Quantity,t,Apricots,1985,32
Export Value,1000 USD,Apricots,1985,70
Import Quantity,t,Apricots,1986,3106
Import Value,1000 USD,Apricots,1986,3004
Export Quantity,t,Apricots,1986,13
Export Value,1000 USD,Apricots,1986,71
Import Quantity,t,Apricots,1987,3271
Import Value,1000 USD,Apricots,1987,3768
Export Quantity,t,Apricots,1987,3
Export Value,1000 USD,Apricots,1987,6
Import Quantity,t,Apricots,1988,4248
Import Value,1000 USD,Apricots,1988,4968
Export Quantity,t,Apricots,1988,32
Export Value,1000 USD,Apricots,1988,119
Import Quantity,t,Apricots,1989,4920
Import Value,1000 USD,Apricots,1989,5354
Export Quantity,t,Apricots,1989,47
Export Value,1000 USD,Apricots,1989,151
Import Quantity,t,Apricots,1990,4773
Import Value,1000 USD,Apricots,1990,7339
Export Quantity,t,Apricots,1990,29
Export Value,1000 USD,Apricots,1990,45
Import Quantity,t,Apricots,1991,5118
Import Value,1000 USD,Apricots,1991,7383
Export Quantity,t,Apricots,1991,58
Export Value,1000 USD,Apricots,1991,104
Import Quantity,t,Apricots,1992,6882
Import Value,1000 USD,Apricots,1992,11439
Export Quantity,t,Apricots,1992,98
Export Value,1000 USD,Apricots,1992,157
Import Quantity,t,Apricots,1993,6036
Import Value,1000 USD,Apricots,1993,9231
Export Quantity,t,Apricots,1993,39
Export Value,1000 USD,Apricots,1993,87
Import Quantity,t,Apricots,1994,7913
Import Value,1000 USD,Apricots,1994,9529
Export Quantity,t,Apricots,1994,123
Export Value,1000 USD,Apricots,1994,157
Import Quantity,t,Apricots,1995,6666
Import Value,1000 USD,Apricots,1995,9059
Export Quantity,t,Apricots,1995,22
Export Value,1000 USD,Apricots,1995,39
Import Quantity,t,Apricots,1996,5497
Import Value,1000 USD,Apricots,1996,9260
Export Quantity,t,Apricots,1996,32
Export Value,1000 USD,Apricots,1996,113
Import Quantity,t,Apricots,1997,6524
Import Value,1000 USD,Apricots,1997,10746
Export Quantity,t,Apricots,1997,122
Export Value,1000 USD,Apricots,1997,239
Import Quantity,t,Apricots,1998,7108
Import Value,1000 USD,Apricots,1998,10405
Export Quantity,t,Apricots,1998,121
Export Value,1000 USD,Apricots,1998,202
Import Quantity,t,Apricots,1999,6722
Import Value,1000 USD,Apricots,1999,9184
Export Quantity,t,Apricots,1999,135
Export Value,1000 USD,Apricots,1999,313
Import Quantity,t,Apricots,2000,8425
Import Value,1000 USD,Apricots,2000,9055
Export Quantity,t,Apricots,2000,35
Export Value,1000 USD,Apricots,2000,79
Import Quantity,t,Apricots,2001,5866
Import Value,1000 USD,Apricots,2001,8492
Export Quantity,t,Apricots,2001,69
Export Value,1000 USD,Apricots,2001,173
Import Quantity,t,Apricots,2002,8804
Import Value,1000 USD,Apricots,2002,11019
Export Quantity,t,Apricots,2002,185
Export Value,1000 USD,Apricots,2002,682
Import Quantity,t,Apricots,2003,5503
Import Value,1000 USD,Apricots,2003,11084
Export Quantity,t,Apricots,2003,113
Export Value,1000 USD,Apricots,2003,439
Import Quantity,t,Apricots,2004,5825
Import Value,1000 USD,Apricots,2004,13727
Export Quantity,t,Apricots,2004,53
Export Value,1000 USD,Apricots,2004,200
Import Quantity,t,Apricots,2005,8093
Import Value,1000 USD,Apricots,2005,16643
Export Quantity,t,Apricots,2005,74
Export Value,1000 USD,Apricots,2005,399
Import Quantity,t,Apricots,2006,8710
Import Value,1000 USD,Apricots,2006,19210
Export Quantity,t,Apricots,2006,165
Export Value,1000 USD,Apricots,2006,637
Import Quantity,t,Apricots,2007,7213
Import Value,1000 USD,Apricots,2007,18533
Export Quantity,t,Apricots,2007,109
Export Value,1000 USD,Apricots,2007,394
Import Quantity,t,Apricots,2008,5018
Import Value,1000 USD,Apricots,2008,16616
Export Quantity,t,Apricots,2008,93
Export Value,1000 USD,Apricots,2008,434
Import Quantity,t,Apricots,2009,5826
Import Value,1000 USD,Apricots,2009,15679
Export Quantity,t,Apricots,2009,92
Export Value,1000 USD,Apricots,2009,371
Import Quantity,t,Apricots,2010,5052
Import Value,1000 USD,Apricots,2010,14648
Export Quantity,t,Apricots,2010,146
Export Value,1000 USD,Apricots,2010,593
Import Quantity,t,Apricots,2011,5404
Import Value,1000 USD,Apricots,2011,14776
Export Quantity,t,Apricots,2011,134
Export Value,1000 USD,Apricots,2011,539
Import Quantity,t,Apricots,2012,6769
Import Value,1000 USD,Apricots,2012,16129
Export Quantity,t,Apricots,2012,87
Export Value,1000 USD,Apricots,2012,459
Import Quantity,t,Apricots,2013,7119
Import Value,1000 USD,Apricots,2013,19624
Export Quantity,t,Apricots,2013,130
Export Value,1000 USD,Apricots,2013,664
Import Quantity,t,Apricots,2014,9664.45
Import Value,1000 USD,Apricots,2014,26607
Export Quantity,t,Apricots,2014,107.46
Export Value,1000 USD,Apricots,2014,653
Import Quantity,t,Apricots,2015,8637.7
Import Value,1000 USD,Apricots,2015,20001
Export Quantity,t,Apricots,2015,75.33
Export Value,1000 USD,Apricots,2015,401
Import Quantity,t,Apricots,2016,8553.12
Import Value,1000 USD,Apricots,2016,20166
Export Quantity,t,Apricots,2016,155.11
Export Value,1000 USD,Apricots,2016,629
Import Quantity,t,Apricots,2017,11453.15
Import Value,1000 USD,Apricots,2017,22821
Export Quantity,t,Apricots,2017,135.99
Export Value,1000 USD,Apricots,2017,624
Import Quantity,t,Apricots,2018,9418.39
Import Value,1000 USD,Apricots,2018,21492
Export Quantity,t,Apricots,2018,117.86
Export Value,1000 USD,Apricots,2018,621
Import Quantity,t,Apricots,2019,9805.83
Import Value,1000 USD,Apricots,2019,18969
Export Quantity,t,Apricots,2019,113.89
Export Value,1000 USD,Apricots,2019,320
Import Quantity,t,Apricots,2020,8033.07
Import Value,1000 USD,Apricots,2020,18734
Export Quantity,t,Apricots,2020,43.71
Export Value,1000 USD,Apricots,2020,160
Import Quantity,t,Apricots,2021,6905.56
Import Value,1000 USD,Apricots,2021,18055
Export Quantity,t,Apricots,2021,66.19
Export Value,1000 USD,Apricots,2021,174
Import Quantity,t,Apricots,2022,7780.93
Import Value,1000 USD,Apricots,2022,21105
Export Quantity,t,Apricots,2022,53.51
Export Value,1000 USD,Apricots,2022,208
Import Quantity,t,Avocados,1961,0
Import Value,1000 USD,Avocados,1961,0
Export Quantity,t,Avocados,1961,0
Export Value,1000 USD,Avocados,1961,0
Import Quantity,t,Avocados,1962,0
Import Value,1000 USD,Avocados,1962,0
Export Quantity,t,Avocados,1962,0
Export Value,1000 USD,Avocados,1962,0
Import Quantity,t,Avocados,1963,555
Import Value,1000 USD,Avocados,1963,465
Export Quantity,t,Avocados,1963,0
Export Value,1000 USD,Avocados,1963,0
Import Quantity,t,Avocados,1964,912
Import Value,1000 USD,Avocados,1964,660
Export Quantity,t,Avocados,1964,0
Export Value,1000 USD,Avocados,1964,0
Import Quantity,t,Avocados,1965,791
Import Value,1000 USD,Avocados,1965,765
Export Quantity,t,Avocados,1965,0
Export Value,1000 USD,Avocados,1965,0
Import Quantity,t,Avocados,1966,1288
Import Value,1000 USD,Avocados,1966,1174
Export Quantity,t,Avocados,1966,0
Export Value,1000 USD,Avocados,1966,0
Import Quantity,t,Avocados,1967,1772
Import Value,1000 USD,Avocados,1967,1620
Export Quantity,t,Avocados,1967,0
Export Value,1000 USD,Avocados,1967,0
Import Quantity,t,Avocados,1968,2573
Import Value,1000 USD,Avocados,1968,1946
Export Quantity,t,Avocados,1968,0
Export Value,1000 USD,Avocados,1968,0
Import Quantity,t,Avocados,1969,2038
Import Value,1000 USD,Avocados,1969,1473
Export Quantity,t,Avocados,1969,82
Export Value,1000 USD,Avocados,1969,49
Import Quantity,t,Avocados,1970,2910
Import Value,1000 USD,Avocados,1970,2254
Export Quantity,t,Avocados,1970,0
Export Value,1000 USD,Avocados,1970,0
Import Quantity,t,Avocados,1971,3133
Import Value,1000 USD,Avocados,1971,2514
Export Quantity,t,Avocados,1971,0
Export Value,1000 USD,Avocados,1971,0
Import Quantity,t,Avocados,1972,3941
Import Value,1000 USD,Avocados,1972,3210
Export Quantity,t,Avocados,1972,0
Export Value,1000 USD,Avocados,1972,0
Import Quantity,t,Avocados,1973,5376
Import Value,1000 USD,Avocados,1973,5095
Export Quantity,t,Avocados,1973,35
Export Value,1000 USD,Avocados,1973,23
Import Quantity,t,Avocados,1974,4682
Import Value,1000 USD,Avocados,1974,4472
Export Quantity,t,Avocados,1974,0
Export Value,1000 USD,Avocados,1974,0
Import Quantity,t,Avocados,1975,4331
Import Value,1000 USD,Avocados,1975,4926
Export Quantity,t,Avocados,1975,118
Export Value,1000 USD,Avocados,1975,115
Import Quantity,t,Avocados,1976,3402
Import Value,1000 USD,Avocados,1976,4166
Export Quantity,t,Avocados,1976,531
Export Value,1000 USD,Avocados,1976,607
Import Quantity,t,Avocados,1977,4222
Import Value,1000 USD,Avocados,1977,5210
Export Quantity,t,Avocados,1977,400
Export Value,1000 USD,Avocados,1977,417
Import Quantity,t,Avocados,1978,4760
Import Value,1000 USD,Avocados,1978,7638
Export Quantity,t,Avocados,1978,150
Export Value,1000 USD,Avocados,1978,165
Import Quantity,t,Avocados,1979,6663
Import Value,1000 USD,Avocados,1979,11382
Export Quantity,t,Avocados,1979,191
Export Value,1000 USD,Avocados,1979,253
Import Quantity,t,Avocados,1980,6563
Import Value,1000 USD,Avocados,1980,13258
Export Quantity,t,Avocados,1980,202
Export Value,1000 USD,Avocados,1980,307
Import Quantity,t,Avocados,1981,8280
Import Value,1000 USD,Avocados,1981,11975
Export Quantity,t,Avocados,1981,106
Export Value,1000 USD,Avocados,1981,178
Import Quantity,t,Avocados,1982,9310
Import Value,1000 USD,Avocados,1982,14047
Export Quantity,t,Avocados,1982,227
Export Value,1000 USD,Avocados,1982,271
Import Quantity,t,Avocados,1983,10709
Import Value,1000 USD,Avocados,1983,14325
Export Quantity,t,Avocados,1983,267
Export Value,1000 USD,Avocados,1983,311
Import Quantity,t,Avocados,1984,11895
Import Value,1000 USD,Avocados,1984,14338
Export Quantity,t,Avocados,1984,417
Export Value,1000 USD,Avocados,1984,542
Import Quantity,t,Avocados,1985,13947
Import Value,1000 USD,Avocados,1985,15482
Export Quantity,t,Avocados,1985,292
Export Value,1000 USD,Avocados,1985,295
Import Quantity,t,Avocados,1986,14869
Import Value,1000 USD,Avocados,1986,19747
Export Quantity,t,Avocados,1986,325
Export Value,1000 USD,Avocados,1986,421
Import Quantity,t,Avocados,1987,18744
Import Value,1000 USD,Avocados,1987,24868
Export Quantity,t,Avocados,1987,436
Export Value,1000 USD,Avocados,1987,656
Import Quantity,t,Avocados,1988,13012
Import Value,1000 USD,Avocados,1988,24064
Export Quantity,t,Avocados,1988,424
Export Value,1000 USD,Avocados,1988,765
Import Quantity,t,Avocados,1989,14403
Import Value,1000 USD,Avocados,1989,22774
Export Quantity,t,Avocados,1989,590
Export Value,1000 USD,Avocados,1989,994
Import Quantity,t,Avocados,1990,14227
Import Value,1000 USD,Avocados,1990,25360
Export Quantity,t,Avocados,1990,450
Export Value,1000 USD,Avocados,1990,882
Import Quantity,t,Avocados,1991,15657
Import Value,1000 USD,Avocados,1991,23669
Export Quantity,t,Avocados,1991,481
Export Value,1000 USD,Avocados,1991,884
Import Quantity,t,Avocados,1992,15985
Import Value,1000 USD,Avocados,1992,26276
Export Quantity,t,Avocados,1992,168
Export Value,1000 USD,Avocados,1992,351
Import Quantity,t,Avocados,1993,14041
Import Value,1000 USD,Avocados,1993,20392
Export Quantity,t,Avocados,1993,107
Export Value,1000 USD,Avocados,1993,235
Import Quantity,t,Avocados,1994,15259
Import Value,1000 USD,Avocados,1994,21230
Export Quantity,t,Avocados,1994,1168
Export Value,1000 USD,Avocados,1994,1334
Import Quantity,t,Avocados,1995,12277
Import Value,1000 USD,Avocados,1995,18120
Export Quantity,t,Avocados,1995,327
Export Value,1000 USD,Avocados,1995,481
Import Quantity,t,Avocados,1996,16752
Import Value,1000 USD,Avocados,1996,21795
Export Quantity,t,Avocados,1996,543
Export Value,1000 USD,Avocados,1996,622
Import Quantity,t,Avocados,1997,19581
Import Value,1000 USD,Avocados,1997,25459
Export Quantity,t,Avocados,1997,837
Export Value,1000 USD,Avocados,1997,1086
Import Quantity,t,Avocados,1998,23368
Import Value,1000 USD,Avocados,1998,27866
Export Quantity,t,Avocados,1998,1553
Export Value,1000 USD,Avocados,1998,1384
Import Quantity,t,Avocados,1999,18503
Import Value,1000 USD,Avocados,1999,30863
Export Quantity,t,Avocados,1999,664
Export Value,1000 USD,Avocados,1999,1075
Import Quantity,t,Avocados,2000,22837
Import Value,1000 USD,Avocados,2000,28219
Export Quantity,t,Avocados,2000,342
Export Value,1000 USD,Avocados,2000,728
Import Quantity,t,Avocados,2001,23204
Import Value,1000 USD,Avocados,2001,34975
Export Quantity,t,Avocados,2001,292
Export Value,1000 USD,Avocados,2001,730
Import Quantity,t,Avocados,2002,28888
Import Value,1000 USD,Avocados,2002,37510
Export Quantity,t,Avocados,2002,659
Export Value,1000 USD,Avocados,2002,1345
Import Quantity,t,Avocados,2003,26472
Import Value,1000 USD,Avocados,2003,51468
Export Quantity,t,Avocados,2003,341
Export Value,1000 USD,Avocados,2003,1034
Import Quantity,t,Avocados,2004,29679
Import Value,1000 USD,Avocados,2004,50526
Export Quantity,t,Avocados,2004,610
Export Value,1000 USD,Avocados,2004,3680
Import Quantity,t,Avocados,2005,57344
Import Value,1000 USD,Avocados,2005,80124
Export Quantity,t,Avocados,2005,683
Export Value,1000 USD,Avocados,2005,2721
Import Quantity,t,Avocados,2006,60123
Import Value,1000 USD,Avocados,2006,93681
Export Quantity,t,Avocados,2006,2145
Export Value,1000 USD,Avocados,2006,4702
Import Quantity,t,Avocados,2007,44526
Import Value,1000 USD,Avocados,2007,79879
Export Quantity,t,Avocados,2007,2381
Export Value,1000 USD,Avocados,2007,4793
Import Quantity,t,Avocados,2008,39277
Import Value,1000 USD,Avocados,2008,75184
Export Quantity,t,Avocados,2008,1400
Export Value,1000 USD,Avocados,2008,2893
Import Quantity,t,Avocados,2009,34054
Import Value,1000 USD,Avocados,2009,64629
Export Quantity,t,Avocados,2009,1086
Export Value,1000 USD,Avocados,2009,2276
Import Quantity,t,Avocados,2010,35242
Import Value,1000 USD,Avocados,2010,63803
Export Quantity,t,Avocados,2010,1180
Export Value,1000 USD,Avocados,2010,2854
Import Quantity,t,Avocados,2011,34850
Import Value,1000 USD,Avocados,2011,73398
Export Quantity,t,Avocados,2011,1435
Export Value,1000 USD,Avocados,2011,4201
Import Quantity,t,Avocados,2012,38096
Import Value,1000 USD,Avocados,2012,75574
Export Quantity,t,Avocados,2012,1830
Export Value,1000 USD,Avocados,2012,4933
Import Quantity,t,Avocados,2013,41391
Import Value,1000 USD,Avocados,2013,90739
Export Quantity,t,Avocados,2013,1928
Export Value,1000 USD,Avocados,2013,5794
Import Quantity,t,Avocados,2014,51554.44
Import Value,1000 USD,Avocados,2014,108116
Export Quantity,t,Avocados,2014,935
Export Value,1000 USD,Avocados,2014,3121
Import Quantity,t,Avocados,2015,73517
Import Value,1000 USD,Avocados,2015,162396
Export Quantity,t,Avocados,2015,1688.23
Export Value,1000 USD,Avocados,2015,5477
Import Quantity,t,Avocados,2016,93152.53
Import Value,1000 USD,Avocados,2016,236976
Export Quantity,t,Avocados,2016,1466.97
Export Value,1000 USD,Avocados,2016,5163
Import Quantity,t,Avocados,2017,103271.18
Import Value,1000 USD,Avocados,2017,278693
Export Quantity,t,Avocados,2017,4571.2
Export Value,1000 USD,Avocados,2017,11376
Import Quantity,t,Avocados,2018,115805.2
Import Value,1000 USD,Avocados,2018,262736
Export Quantity,t,Avocados,2018,6899.96
Export Value,1000 USD,Avocados,2018,10137
Import Quantity,t,Avocados,2019,110818.65
Import Value,1000 USD,Avocados,2019,334497
Export Quantity,t,Avocados,2019,12973.47
Export Value,1000 USD,Avocados,2019,14292
Import Quantity,t,Avocados,2020,122298.09
Import Value,1000 USD,Avocados,2020,348388
Export Quantity,t,Avocados,2020,21255.53
Export Value,1000 USD,Avocados,2020,25798
Import Quantity,t,Avocados,2021,114272.52
Import Value,1000 USD,Avocados,2021,312219
Export Quantity,t,Avocados,2021,6610.67
Export Value,1000 USD,Avocados,2021,18036
Import Quantity,t,Avocados,2022,115914.19
Import Value,1000 USD,Avocados,2022,260032
Export Quantity,t,Avocados,2022,7514.77
Export Value,1000 USD,Avocados,2022,17137
Import Quantity,t,Bananas,1961,370510
Import Value,1000 USD,Bananas,1961,65917
Export Quantity,t,Bananas,1961,136
Export Value,1000 USD,Bananas,1961,28
Import Quantity,t,Bananas,1962,373570
Import Value,1000 USD,Bananas,1962,64510
Export Quantity,t,Bananas,1962,197
Export Value,1000 USD,Bananas,1962,45
Import Quantity,t,Bananas,1963,365030
Import Value,1000 USD,Bananas,1963,64061
Export Quantity,t,Bananas,1963,1150
Export Value,1000 USD,Bananas,1963,291
Import Quantity,t,Bananas,1964,363220
Import Value,1000 USD,Bananas,1964,63731
Export Quantity,t,Bananas,1964,510
Export Value,1000 USD,Bananas,1964,135
Import Quantity,t,Bananas,1965,376303
Import Value,1000 USD,Bananas,1965,64361
Export Quantity,t,Bananas,1965,640
Export Value,1000 USD,Bananas,1965,143
Import Quantity,t,Bananas,1966,369210
Import Value,1000 USD,Bananas,1966,60559
Export Quantity,t,Bananas,1966,1168
Export Value,1000 USD,Bananas,1966,258
Import Quantity,t,Bananas,1967,353283
Import Value,1000 USD,Bananas,1967,58091
Export Quantity,t,Bananas,1967,501
Export Value,1000 USD,Bananas,1967,119
Import Quantity,t,Bananas,1968,345788
Import Value,1000 USD,Bananas,1968,50143
Export Quantity,t,Bananas,1968,3533
Export Value,1000 USD,Bananas,1968,482
Import Quantity,t,Bananas,1969,356740
Import Value,1000 USD,Bananas,1969,52970
Export Quantity,t,Bananas,1969,490
Export Value,1000 USD,Bananas,1969,98
Import Quantity,t,Bananas,1970,335245
Import Value,1000 USD,Bananas,1970,49567
Export Quantity,t,Bananas,1970,36
Export Value,1000 USD,Bananas,1970,6
Import Quantity,t,Bananas,1971,318972
Import Value,1000 USD,Bananas,1971,51028
Export Quantity,t,Bananas,1971,22
Export Value,1000 USD,Bananas,1971,6
Import Quantity,t,Bananas,1972,309520
Import Value,1000 USD,Bananas,1972,57841
Export Quantity,t,Bananas,1972,81
Export Value,1000 USD,Bananas,1972,33
Import Quantity,t,Bananas,1973,306613
Import Value,1000 USD,Bananas,1973,69488
Export Quantity,t,Bananas,1973,107
Export Value,1000 USD,Bananas,1973,39
Import Quantity,t,Bananas,1974,305257
Import Value,1000 USD,Bananas,1974,84945
Export Quantity,t,Bananas,1974,331
Export Value,1000 USD,Bananas,1974,103
Import Quantity,t,Bananas,1975,307069
Import Value,1000 USD,Bananas,1975,102003
Export Quantity,t,Bananas,1975,305
Export Value,1000 USD,Bananas,1975,132
Import Quantity,t,Bananas,1976,312772
Import Value,1000 USD,Bananas,1976,93715
Export Quantity,t,Bananas,1976,742
Export Value,1000 USD,Bananas,1976,329
Import Quantity,t,Bananas,1977,304581
Import Value,1000 USD,Bananas,1977,104171
Export Quantity,t,Bananas,1977,308
Export Value,1000 USD,Bananas,1977,115
Import Quantity,t,Bananas,1978,316339
Import Value,1000 USD,Bananas,1978,129066
Export Quantity,t,Bananas,1978,71
Export Value,1000 USD,Bananas,1978,40
Import Quantity,t,Bananas,1979,304302
Import Value,1000 USD,Bananas,1979,139625
Export Quantity,t,Bananas,1979,151
Export Value,1000 USD,Bananas,1979,95
Import Quantity,t,Bananas,1980,322481
Import Value,1000 USD,Bananas,1980,174636
Export Quantity,t,Bananas,1980,81
Export Value,1000 USD,Bananas,1980,59
Import Quantity,t,Bananas,1981,328045
Import Value,1000 USD,Bananas,1981,171841
Export Quantity,t,Bananas,1981,48
Export Value,1000 USD,Bananas,1981,37
Import Quantity,t,Bananas,1982,327876
Import Value,1000 USD,Bananas,1982,168655
Export Quantity,t,Bananas,1982,72
Export Value,1000 USD,Bananas,1982,49
Import Quantity,t,Bananas,1983,307169
Import Value,1000 USD,Bananas,1983,167384
Export Quantity,t,Bananas,1983,39
Export Value,1000 USD,Bananas,1983,26
Import Quantity,t,Bananas,1984,309327
Import Value,1000 USD,Bananas,1984,162247
Export Quantity,t,Bananas,1984,16
Export Value,1000 USD,Bananas,1984,13
Import Quantity,t,Bananas,1985,323561
Import Value,1000 USD,Bananas,1985,187658
Export Quantity,t,Bananas,1985,23
Export Value,1000 USD,Bananas,1985,11
Import Quantity,t,Bananas,1986,342993
Import Value,1000 USD,Bananas,1986,238884
Export Quantity,t,Bananas,1986,32
Export Value,1000 USD,Bananas,1986,22
Import Quantity,t,Bananas,1987,359415
Import Value,1000 USD,Bananas,1987,277043
Export Quantity,t,Bananas,1987,29
Export Value,1000 USD,Bananas,1987,28
Import Quantity,t,Bananas,1988,388000
Import Value,1000 USD,Bananas,1988,313244
Export Quantity,t,Bananas,1988,316
Export Value,1000 USD,Bananas,1988,258
Import Quantity,t,Bananas,1989,433558
Import Value,1000 USD,Bananas,1989,303867
Export Quantity,t,Bananas,1989,194
Export Value,1000 USD,Bananas,1989,129
Import Quantity,t,Bananas,1990,469914
Import Value,1000 USD,Bananas,1990,370156
Export Quantity,t,Bananas,1990,758
Export Value,1000 USD,Bananas,1990,437
Import Quantity,t,Bananas,1991,489326
Import Value,1000 USD,Bananas,1991,384039
Export Quantity,t,Bananas,1991,1822
Export Value,1000 USD,Bananas,1991,916
Import Quantity,t,Bananas,1992,544709
Import Value,1000 USD,Bananas,1992,417781
Export Quantity,t,Bananas,1992,4370
Export Value,1000 USD,Bananas,1992,2957
Import Quantity,t,Bananas,1993,561636
Import Value,1000 USD,Bananas,1993,391979
Export Quantity,t,Bananas,1993,4097
Export Value,1000 USD,Bananas,1993,2413
Import Quantity,t,Bananas,1994,561282
Import Value,1000 USD,Bananas,1994,416031
Export Quantity,t,Bananas,1994,1181
Export Value,1000 USD,Bananas,1994,884
Import Quantity,t,Bananas,1995,613082
Import Value,1000 USD,Bananas,1995,458828
Export Quantity,t,Bananas,1995,1502
Export Value,1000 USD,Bananas,1995,1719
Import Quantity,t,Bananas,1996,672413
Import Value,1000 USD,Bananas,1996,502881
Export Quantity,t,Bananas,1996,4869
Export Value,1000 USD,Bananas,1996,4195
Import Quantity,t,Bananas,1997,634285
Import Value,1000 USD,Bananas,1997,484041
Export Quantity,t,Bananas,1997,2615
Export Value,1000 USD,Bananas,1997,2121
Import Quantity,t,Bananas,1998,755098
Import Value,1000 USD,Bananas,1998,577874
Export Quantity,t,Bananas,1998,4577
Export Value,1000 USD,Bananas,1998,3290
Import Quantity,t,Bananas,1999,730478
Import Value,1000 USD,Bananas,1999,534273
Export Quantity,t,Bananas,1999,9706
Export Value,1000 USD,Bananas,1999,6297
Import Quantity,t,Bananas,2000,742933
Import Value,1000 USD,Bananas,2000,483086
Export Quantity,t,Bananas,2000,2415
Export Value,1000 USD,Bananas,2000,1635
Import Quantity,t,Bananas,2001,736491
Import Value,1000 USD,Bananas,2001,427948
Export Quantity,t,Bananas,2001,1323
Export Value,1000 USD,Bananas,2001,1416
Import Quantity,t,Bananas,2002,833154
Import Value,1000 USD,Bananas,2002,487152
Export Quantity,t,Bananas,2002,4786
Export Value,1000 USD,Bananas,2002,3655
Import Quantity,t,Bananas,2003,863489
Import Value,1000 USD,Bananas,2003,521938
Export Quantity,t,Bananas,2003,2964
Export Value,1000 USD,Bananas,2003,2595
Import Quantity,t,Bananas,2004,828892
Import Value,1000 USD,Bananas,2004,552325
Export Quantity,t,Bananas,2004,5406
Export Value,1000 USD,Bananas,2004,5352
Import Quantity,t,Bananas,2005,837931
Import Value,1000 USD,Bananas,2005,604156
Export Quantity,t,Bananas,2005,7969
Export Value,1000 USD,Bananas,2005,7969
Import Quantity,t,Bananas,2006,924523
Import Value,1000 USD,Bananas,2006,587863
Export Quantity,t,Bananas,2006,9778
Export Value,1000 USD,Bananas,2006,9988
Import Quantity,t,Bananas,2007,977348
Import Value,1000 USD,Bananas,2007,680407
Export Quantity,t,Bananas,2007,37859
Export Value,1000 USD,Bananas,2007,35979
Import Quantity,t,Bananas,2008,951242
Import Value,1000 USD,Bananas,2008,697224
Export Quantity,t,Bananas,2008,37618
Export Value,1000 USD,Bananas,2008,38894
Import Quantity,t,Bananas,2009,942277
Import Value,1000 USD,Bananas,2009,710203
Export Quantity,t,Bananas,2009,53909
Export Value,1000 USD,Bananas,2009,40741
Import Quantity,t,Bananas,2010,979397
Import Value,1000 USD,Bananas,2010,732720
Export Quantity,t,Bananas,2010,25516
Export Value,1000 USD,Bananas,2010,23460
Import Quantity,t,Bananas,2011,1019227
Import Value,1000 USD,Bananas,2011,796800
Export Quantity,t,Bananas,2011,13240
Export Value,1000 USD,Bananas,2011,13769
Import Quantity,t,Bananas,2012,1037184
Import Value,1000 USD,Bananas,2012,789245
Export Quantity,t,Bananas,2012,10896
Export Value,1000 USD,Bananas,2012,10979
Import Quantity,t,Bananas,2013,1139992
Import Value,1000 USD,Bananas,2013,815332
Export Quantity,t,Bananas,2013,31918
Export Value,1000 USD,Bananas,2013,33202
Import Quantity,t,Bananas,2014,1116478.4
Import Value,1000 USD,Bananas,2014,803585
Export Quantity,t,Bananas,2014,14929.8
Export Value,1000 USD,Bananas,2014,14454
Import Quantity,t,Bananas,2015,1120682.9
Import Value,1000 USD,Bananas,2015,810132
Export Quantity,t,Bananas,2015,26474.5
Export Value,1000 USD,Bananas,2015,23527
Import Quantity,t,Bananas,2016,1147786.14
Import Value,1000 USD,Bananas,2016,795837
Export Quantity,t,Bananas,2016,38037.84
Export Value,1000 USD,Bananas,2016,33567
Import Quantity,t,Bananas,2017,1133443.05
Import Value,1000 USD,Bananas,2017,779103
Export Quantity,t,Bananas,2017,42610.53
Export Value,1000 USD,Bananas,2017,35346
Import Quantity,t,Bananas,2018,1021487.29
Import Value,1000 USD,Bananas,2018,735807
Export Quantity,t,Bananas,2018,12398.59
Export Value,1000 USD,Bananas,2018,11848
Import Quantity,t,Bananas,2019,1011407.08
Import Value,1000 USD,Bananas,2019,696382
Export Quantity,t,Bananas,2019,7814.69
Export Value,1000 USD,Bananas,2019,7050
Import Quantity,t,Bananas,2020,979420.27
Import Value,1000 USD,Bananas,2020,692347
Export Quantity,t,Bananas,2020,6763.69
Export Value,1000 USD,Bananas,2020,5434
Import Quantity,t,Bananas,2021,915514.84
Import Value,1000 USD,Bananas,2021,669306
Export Quantity,t,Bananas,2021,813.1
Export Value,1000 USD,Bananas,2021,861
Import Quantity,t,Bananas,2022,852571.75
Import Value,1000 USD,Bananas,2022,616925
Export Quantity,t,Bananas,2022,1257.92
Export Value,1000 USD,Bananas,2022,657
Import Quantity,t,beef and veal preparations nes,1961,83985
Import Value,1000 USD,beef and veal preparations nes,1961,80616
Export Quantity,t,beef and veal preparations nes,1961,362
Export Value,1000 USD,beef and veal preparations nes,1961,334
Import Quantity,t,beef and veal preparations nes,1962,80139
Import Value,1000 USD,beef and veal preparations nes,1962,74804
Export Quantity,t,beef and veal preparations nes,1962,453
Export Value,1000 USD,beef and veal preparations nes,1962,378
Import Quantity,t,beef and veal preparations nes,1963,71364
Import Value,1000 USD,beef and veal preparations nes,1963,64222
Export Quantity,t,beef and veal preparations nes,1963,681
Export Value,1000 USD,beef and veal preparations nes,1963,526
Import Quantity,t,beef and veal preparations nes,1964,68496
Import Value,1000 USD,beef and veal preparations nes,1964,63919
Export Quantity,t,beef and veal preparations nes,1964,1074
Export Value,1000 USD,beef and veal preparations nes,1964,900
Import Quantity,t,beef and veal preparations nes,1965,52844
Import Value,1000 USD,beef and veal preparations nes,1965,53687
Export Quantity,t,beef and veal preparations nes,1965,2337
Export Value,1000 USD,beef and veal preparations nes,1965,1906
Import Quantity,t,beef and veal preparations nes,1966,58909
Import Value,1000 USD,beef and veal preparations nes,1966,61287
Export Quantity,t,beef and veal preparations nes,1966,1631
Export Value,1000 USD,beef and veal preparations nes,1966,1358
Import Quantity,t,beef and veal preparations nes,1967,77012
Import Value,1000 USD,beef and veal preparations nes,1967,81586
Export Quantity,t,beef and veal preparations nes,1967,1012
Export Value,1000 USD,beef and veal preparations nes,1967,874
Import Quantity,t,beef and veal preparations nes,1968,72224
Import Value,1000 USD,beef and veal preparations nes,1968,75877
Export Quantity,t,beef and veal preparations nes,1968,1009
Export Value,1000 USD,beef and veal preparations nes,1968,646
Import Quantity,t,beef and veal preparations nes,1969,56539
Import Value,1000 USD,beef and veal preparations nes,1969,59052
Export Quantity,t,beef and veal preparations nes,1969,1478
Export Value,1000 USD,beef and veal preparations nes,1969,1039
Import Quantity,t,beef and veal preparations nes,1970,60846
Import Value,1000 USD,beef and veal preparations nes,1970,65650
Export Quantity,t,beef and veal preparations nes,1970,0
Export Value,1000 USD,beef and veal preparations nes,1970,0
Import Quantity,t,beef and veal preparations nes,1971,58644
Import Value,1000 USD,beef and veal preparations nes,1971,84927
Export Quantity,t,beef and veal preparations nes,1971,0
Export Value,1000 USD,beef and veal preparations nes,1971,0
Import Quantity,t,beef and veal preparations nes,1972,63771
Import Value,1000 USD,beef and veal preparations nes,1972,97778
Export Quantity,t,beef and veal preparations nes,1972,0
Export Value,1000 USD,beef and veal preparations nes,1972,0
Import Quantity,t,beef and veal preparations nes,1973,63293
Import Value,1000 USD,beef and veal preparations nes,1973,113674
Export Quantity,t,beef and veal preparations nes,1973,3654
Export Value,1000 USD,beef and veal preparations nes,1973,4011
Import Quantity,t,beef and veal preparations nes,1974,49526
Import Value,1000 USD,beef and veal preparations nes,1974,119579
Export Quantity,t,beef and veal preparations nes,1974,3971
Export Value,1000 USD,beef and veal preparations nes,1974,5232
Import Quantity,t,beef and veal preparations nes,1975,54798
Import Value,1000 USD,beef and veal preparations nes,1975,101468
Export Quantity,t,beef and veal preparations nes,1975,3072
Export Value,1000 USD,beef and veal preparations nes,1975,4295
Import Quantity,t,beef and veal preparations nes,1976,79517
Import Value,1000 USD,beef and veal preparations nes,1976,142616
Export Quantity,t,beef and veal preparations nes,1976,4626
Export Value,1000 USD,beef and veal preparations nes,1976,6485
Import Quantity,t,beef and veal preparations nes,1977,76735
Import Value,1000 USD,beef and veal preparations nes,1977,140682
Export Quantity,t,beef and veal preparations nes,1977,6320
Export Value,1000 USD,beef and veal preparations nes,1977,9761
Import Quantity,t,beef and veal preparations nes,1978,76197
Import Value,1000 USD,beef and veal preparations nes,1978,143257
Export Quantity,t,beef and veal preparations nes,1978,6580
Export Value,1000 USD,beef and veal preparations nes,1978,11575
Import Quantity,t,beef and veal preparations nes,1979,70276
Import Value,1000 USD,beef and veal preparations nes,1979,194763
Export Quantity,t,beef and veal preparations nes,1979,8803
Export Value,1000 USD,beef and veal preparations nes,1979,19344
Import Quantity,t,beef and veal preparations nes,1980,57260
Import Value,1000 USD,beef and veal preparations nes,1980,189501
Export Quantity,t,beef and veal preparations nes,1980,4840
Export Value,1000 USD,beef and veal preparations nes,1980,12614
Import Quantity,t,beef and veal preparations nes,1981,80181
Import Value,1000 USD,beef and veal preparations nes,1981,253526
Export Quantity,t,beef and veal preparations nes,1981,4491
Export Value,1000 USD,beef and veal preparations nes,1981,12279
Import Quantity,t,beef and veal preparations nes,1982,75793
Import Value,1000 USD,beef and veal preparations nes,1982,195981
Export Quantity,t,beef and veal preparations nes,1982,4194
Export Value,1000 USD,beef and veal preparations nes,1982,10863
Import Quantity,t,beef and veal preparations nes,1983,81767
Import Value,1000 USD,beef and veal preparations nes,1983,203010
Export Quantity,t,beef and veal preparations nes,1983,4433
Export Value,1000 USD,beef and veal preparations nes,1983,10792
Import Quantity,t,beef and veal preparations nes,1984,79133
Import Value,1000 USD,beef and veal preparations nes,1984,175002
Export Quantity,t,beef and veal preparations nes,1984,4013
Export Value,1000 USD,beef and veal preparations nes,1984,9103
Import Quantity,t,beef and veal preparations nes,1985,80253
Import Value,1000 USD,beef and veal preparations nes,1985,171518
Export Quantity,t,beef and veal preparations nes,1985,4105
Export Value,1000 USD,beef and veal preparations nes,1985,9663
Import Quantity,t,beef and veal preparations nes,1986,84303
Import Value,1000 USD,beef and veal preparations nes,1986,185656
Export Quantity,t,beef and veal preparations nes,1986,3936
Export Value,1000 USD,beef and veal preparations nes,1986,10669
Import Quantity,t,beef and veal preparations nes,1987,81108
Import Value,1000 USD,beef and veal preparations nes,1987,222657
Export Quantity,t,beef and veal preparations nes,1987,3898
Export Value,1000 USD,beef and veal preparations nes,1987,12333
Import Quantity,t,beef and veal preparations nes,1988,94229
Import Value,1000 USD,beef and veal preparations nes,1988,213659
Export Quantity,t,beef and veal preparations nes,1988,2843
Export Value,1000 USD,beef and veal preparations nes,1988,9096
Import Quantity,t,beef and veal preparations nes,1989,94428
Import Value,1000 USD,beef and veal preparations nes,1989,245331
Export Quantity,t,beef and veal preparations nes,1989,2488
Export Value,1000 USD,beef and veal preparations nes,1989,7927
Import Quantity,t,beef and veal preparations nes,1990,86644
Import Value,1000 USD,beef and veal preparations nes,1990,245387
Export Quantity,t,beef and veal preparations nes,1990,2855
Export Value,1000 USD,beef and veal preparations nes,1990,10743
Import Quantity,t,beef and veal preparations nes,1991,89700
Import Value,1000 USD,beef and veal preparations nes,1991,270639
Export Quantity,t,beef and veal preparations nes,1991,3318
Export Value,1000 USD,beef and veal preparations nes,1991,11727
Import Quantity,t,beef and veal preparations nes,1992,106833
Import Value,1000 USD,beef and veal preparations nes,1992,278864
Export Quantity,t,beef and veal preparations nes,1992,2607
Export Value,1000 USD,beef and veal preparations nes,1992,10252
Import Quantity,t,beef and veal preparations nes,1993,86971
Import Value,1000 USD,beef and veal preparations nes,1993,225429
Export Quantity,t,beef and veal preparations nes,1993,3144
Export Value,1000 USD,beef and veal preparations nes,1993,11062
Import Quantity,t,beef and veal preparations nes,1994,90790
Import Value,1000 USD,beef and veal preparations nes,1994,248441
Export Quantity,t,beef and veal preparations nes,1994,5051
Export Value,1000 USD,beef and veal preparations nes,1994,18846
Import Quantity,t,beef and veal preparations nes,1995,96823
Import Value,1000 USD,beef and veal preparations nes,1995,301968
Export Quantity,t,beef and veal preparations nes,1995,4519
Export Value,1000 USD,beef and veal preparations nes,1995,16947
Import Quantity,t,beef and veal preparations nes,1996,71193
Import Value,1000 USD,beef and veal preparations nes,1996,212813
Export Quantity,t,beef and veal preparations nes,1996,2284
Export Value,1000 USD,beef and veal preparations nes,1996,9124
Import Quantity,t,beef and veal preparations nes,1997,78810
Import Value,1000 USD,beef and veal preparations nes,1997,214648
Export Quantity,t,beef and veal preparations nes,1997,2284
Export Value,1000 USD,beef and veal preparations nes,1997,7176
Import Quantity,t,beef and veal preparations nes,1998,75096
Import Value,1000 USD,beef and veal preparations nes,1998,217304
Export Quantity,t,beef and veal preparations nes,1998,2003
Export Value,1000 USD,beef and veal preparations nes,1998,7341
Import Quantity,t,beef and veal preparations nes,1999,84885
Import Value,1000 USD,beef and veal preparations nes,1999,211793
Export Quantity,t,beef and veal preparations nes,1999,2084
Export Value,1000 USD,beef and veal preparations nes,1999,6742
Import Quantity,t,beef and veal preparations nes,2000,86393
Import Value,1000 USD,beef and veal preparations nes,2000,196350
Export Quantity,t,beef and veal preparations nes,2000,1692
Export Value,1000 USD,beef and veal preparations nes,2000,5469
Import Quantity,t,beef and veal preparations nes,2001,100428
Import Value,1000 USD,beef and veal preparations nes,2001,213598
Export Quantity,t,beef and veal preparations nes,2001,1707
Export Value,1000 USD,beef and veal preparations nes,2001,5932
Import Quantity,t,beef and veal preparations nes,2002,104012
Import Value,1000 USD,beef and veal preparations nes,2002,223982
Export Quantity,t,beef and veal preparations nes,2002,1796
Export Value,1000 USD,beef and veal preparations nes,2002,8549
Import Quantity,t,beef and veal preparations nes,2003,147713
Import Value,1000 USD,beef and veal preparations nes,2003,263567
Export Quantity,t,beef and veal preparations nes,2003,3517
Export Value,1000 USD,beef and veal preparations nes,2003,9432
Import Quantity,t,beef and veal preparations nes,2004,160874
Import Value,1000 USD,beef and veal preparations nes,2004,337583
Export Quantity,t,beef and veal preparations nes,2004,3019
Export Value,1000 USD,beef and veal preparations nes,2004,13170
Import Quantity,t,beef and veal preparations nes,2005,120080
Import Value,1000 USD,beef and veal preparations nes,2005,303976
Export Quantity,t,beef and veal preparations nes,2005,2724
Export Value,1000 USD,beef and veal preparations nes,2005,10099
Import Quantity,t,beef and veal preparations nes,2006,138418
Import Value,1000 USD,beef and veal preparations nes,2006,345659
Export Quantity,t,beef and veal preparations nes,2006,2853
Export Value,1000 USD,beef and veal preparations nes,2006,12618
Import Quantity,t,beef and veal preparations nes,2007,133226
Import Value,1000 USD,beef and veal preparations nes,2007,384040
Export Quantity,t,beef and veal preparations nes,2007,3466
Export Value,1000 USD,beef and veal preparations nes,2007,20821
Import Quantity,t,beef and veal preparations nes,2008,130430
Import Value,1000 USD,beef and veal preparations nes,2008,414550
Export Quantity,t,beef and veal preparations nes,2008,5532
Export Value,1000 USD,beef and veal preparations nes,2008,25396
Import Quantity,t,beef and veal preparations nes,2009,93845
Import Value,1000 USD,beef and veal preparations nes,2009,353756
Export Quantity,t,beef and veal preparations nes,2009,7083
Export Value,1000 USD,beef and veal preparations nes,2009,31248
Import Quantity,t,beef and veal preparations nes,2010,81432
Import Value,1000 USD,beef and veal preparations nes,2010,308077
Export Quantity,t,beef and veal preparations nes,2010,8111
Export Value,1000 USD,beef and veal preparations nes,2010,38874
Import Quantity,t,beef and veal preparations nes,2011,71702
Import Value,1000 USD,beef and veal preparations nes,2011,341263
Export Quantity,t,beef and veal preparations nes,2011,8388
Export Value,1000 USD,beef and veal preparations nes,2011,45345
Import Quantity,t,beef and veal preparations nes,2012,88548
Import Value,1000 USD,beef and veal preparations nes,2012,426754
Export Quantity,t,beef and veal preparations nes,2012,8319
Export Value,1000 USD,beef and veal preparations nes,2012,44649
Import Quantity,t,beef and veal preparations nes,2013,74362
Import Value,1000 USD,beef and veal preparations nes,2013,349031
Export Quantity,t,beef and veal preparations nes,2013,7424
Export Value,1000 USD,beef and veal preparations nes,2013,39734
Import Quantity,t,beef and veal preparations nes,2014,76251.96
Import Value,1000 USD,beef and veal preparations nes,2014,371284
Export Quantity,t,beef and veal preparations nes,2014,7646.73
Export Value,1000 USD,beef and veal preparations nes,2014,43239
Import Quantity,t,beef and veal preparations nes,2015,75710.91
Import Value,1000 USD,beef and veal preparations nes,2015,339562
Export Quantity,t,beef and veal preparations nes,2015,7193.95
Export Value,1000 USD,beef and veal preparations nes,2015,36227
Import Quantity,t,beef and veal preparations nes,2016,76453.38
Import Value,1000 USD,beef and veal preparations nes,2016,298994
Export Quantity,t,beef and veal preparations nes,2016,6361.17
Export Value,1000 USD,beef and veal preparations nes,2016,30280
Import Quantity,t,beef and veal preparations nes,2017,77100.56
Import Value,1000 USD,beef and veal preparations nes,2017,319998
Export Quantity,t,beef and veal preparations nes,2017,8802.86
Export Value,1000 USD,beef and veal preparations nes,2017,43212
Import Quantity,t,beef and veal preparations nes,2018,70882.41
Import Value,1000 USD,beef and veal preparations nes,2018,294240
Export Quantity,t,beef and veal preparations nes,2018,9125.79
Export Value,1000 USD,beef and veal preparations nes,2018,50455
Import Quantity,t,beef and veal preparations nes,2019,51788.33
Import Value,1000 USD,beef and veal preparations nes,2019,232842
Export Quantity,t,beef and veal preparations nes,2019,8750.96
Export Value,1000 USD,beef and veal preparations nes,2019,48598
Import Quantity,t,beef and veal preparations nes,2020,53888.53
Import Value,1000 USD,beef and veal preparations nes,2020,261693
Export Quantity,t,beef and veal preparations nes,2020,8323.94
Export Value,1000 USD,beef and veal preparations nes,2020,53840
Import Quantity,t,beef and veal preparations nes,2021,42115.05
Import Value,1000 USD,beef and veal preparations nes,2021,216577
Export Quantity,t,beef and veal preparations nes,2021,5765.5
Export Value,1000 USD,beef and veal preparations nes,2021,38170
Import Quantity,t,beef and veal preparations nes,2022,51416.86
Import Value,1000 USD,beef and veal preparations nes,2022,321722
Export Quantity,t,beef and veal preparations nes,2022,7831.7
Export Value,1000 USD,beef and veal preparations nes,2022,50430
Import Quantity,t,Blueberries,1961,0
Import Value,1000 USD,Blueberries,1961,0
Export Quantity,t,Blueberries,1961,0
Export Value,1000 USD,Blueberries,1961,0
Import Quantity,t,Blueberries,1962,0
Import Value,1000 USD,Blueberries,1962,0
Export Quantity,t,Blueberries,1962,0
Export Value,1000 USD,Blueberries,1962,0
Import Quantity,t,Blueberries,1963,0
Import Value,1000 USD,Blueberries,1963,0
Export Quantity,t,Blueberries,1963,0
Export Value,1000 USD,Blueberries,1963,0
Import Quantity,t,Blueberries,1964,0
Import Value,1000 USD,Blueberries,1964,0
Export Quantity,t,Blueberries,1964,0
Export Value,1000 USD,Blueberries,1964,0
Import Quantity,t,Blueberries,1965,0
Import Value,1000 USD,Blueberries,1965,0
Export Quantity,t,Blueberries,1965,0
Export Value,1000 USD,Blueberries,1965,0
Import Quantity,t,Blueberries,1966,0
Import Value,1000 USD,Blueberries,1966,0
Export Quantity,t,Blueberries,1966,0
Export Value,1000 USD,Blueberries,1966,0
Import Quantity,t,Blueberries,1967,0
Import Value,1000 USD,Blueberries,1967,0
Export Quantity,t,Blueberries,1967,0
Export Value,1000 USD,Blueberries,1967,0
Import Quantity,t,Blueberries,1968,0
Import Value,1000 USD,Blueberries,1968,0
Export Quantity,t,Blueberries,1968,0
Export Value,1000 USD,Blueberries,1968,0
Import Quantity,t,Blueberries,1969,0
Import Value,1000 USD,Blueberries,1969,0
Export Quantity,t,Blueberries,1969,0
Export Value,1000 USD,Blueberries,1969,0
Import Quantity,t,Blueberries,1970,0
Import Value,1000 USD,Blueberries,1970,0
Export Quantity,t,Blueberries,1970,0
Export Value,1000 USD,Blueberries,1970,0
Import Quantity,t,Blueberries,1971,0
Import Value,1000 USD,Blueberries,1971,0
Export Quantity,t,Blueberries,1971,0
Export Value,1000 USD,Blueberries,1971,0
Import Quantity,t,Blueberries,1972,0
Import Value,1000 USD,Blueberries,1972,0
Export Quantity,t,Blueberries,1972,0
Export Value,1000 USD,Blueberries,1972,0
Import Quantity,t,Blueberries,1973,0
Import Value,1000 USD,Blueberries,1973,0
Export Quantity,t,Blueberries,1973,0
Export Value,1000 USD,Blueberries,1973,0
Import Quantity,t,Blueberries,1974,0
Import Value,1000 USD,Blueberries,1974,0
Export Quantity,t,Blueberries,1974,0
Export Value,1000 USD,Blueberries,1974,0
Import Quantity,t,Blueberries,1975,0
Import Value,1000 USD,Blueberries,1975,0
Export Quantity,t,Blueberries,1975,0
Export Value,1000 USD,Blueberries,1975,0
Import Quantity,t,Blueberries,1976,0
Import Value,1000 USD,Blueberries,1976,0
Export Quantity,t,Blueberries,1976,0
Export Value,1000 USD,Blueberries,1976,0
Import Quantity,t,Blueberries,1977,5
Import Value,1000 USD,Blueberries,1977,10
Export Quantity,t,Blueberries,1977,12
Export Value,1000 USD,Blueberries,1977,12
Import Quantity,t,Blueberries,1978,7
Import Value,1000 USD,Blueberries,1978,21
Export Quantity,t,Blueberries,1978,0
Export Value,1000 USD,Blueberries,1978,0
Import Quantity,t,Blueberries,1979,45
Import Value,1000 USD,Blueberries,1979,95
Export Quantity,t,Blueberries,1979,0
Export Value,1000 USD,Blueberries,1979,2
Import Quantity,t,Blueberries,1980,2
Import Value,1000 USD,Blueberries,1980,9
Export Quantity,t,Blueberries,1980,4
Export Value,1000 USD,Blueberries,1980,5
Import Quantity,t,Blueberries,1981,12
Import Value,1000 USD,Blueberries,1981,32
Export Quantity,t,Blueberries,1981,6
Export Value,1000 USD,Blueberries,1981,8
Import Quantity,t,Blueberries,1982,2
Import Value,1000 USD,Blueberries,1982,11
Export Quantity,t,Blueberries,1982,12
Export Value,1000 USD,Blueberries,1982,11
Import Quantity,t,Blueberries,1983,36
Import Value,1000 USD,Blueberries,1983,71
Export Quantity,t,Blueberries,1983,42
Export Value,1000 USD,Blueberries,1983,44
Import Quantity,t,Blueberries,1984,79
Import Value,1000 USD,Blueberries,1984,94
Export Quantity,t,Blueberries,1984,18
Export Value,1000 USD,Blueberries,1984,27
Import Quantity,t,Blueberries,1985,78
Import Value,1000 USD,Blueberries,1985,56
Export Quantity,t,Blueberries,1985,0
Export Value,1000 USD,Blueberries,1985,0
Import Quantity,t,Blueberries,1986,60
Import Value,1000 USD,Blueberries,1986,60
Export Quantity,t,Blueberries,1986,0
Export Value,1000 USD,Blueberries,1986,0
Import Quantity,t,Blueberries,1987,92
Import Value,1000 USD,Blueberries,1987,224
Export Quantity,t,Blueberries,1987,38
Export Value,1000 USD,Blueberries,1987,35
Import Quantity,t,Blueberries,1988,14
Import Value,1000 USD,Blueberries,1988,88
Export Quantity,t,Blueberries,1988,0
Export Value,1000 USD,Blueberries,1988,0
Import Quantity,t,Blueberries,1989,71
Import Value,1000 USD,Blueberries,1989,151
Export Quantity,t,Blueberries,1989,0
Export Value,1000 USD,Blueberries,1989,0
Import Quantity,t,Blueberries,1990,60
Import Value,1000 USD,Blueberries,1990,185
Export Quantity,t,Blueberries,1990,0
Export Value,1000 USD,Blueberries,1990,0
Import Quantity,t,Blueberries,1991,66
Import Value,1000 USD,Blueberries,1991,274
Export Quantity,t,Blueberries,1991,1
Export Value,1000 USD,Blueberries,1991,1
Import Quantity,t,Blueberries,1992,92
Import Value,1000 USD,Blueberries,1992,292
Export Quantity,t,Blueberries,1992,0
Export Value,1000 USD,Blueberries,1992,0
Import Quantity,t,Blueberries,1993,126
Import Value,1000 USD,Blueberries,1993,355
Export Quantity,t,Blueberries,1993,0
Export Value,1000 USD,Blueberries,1993,0
Import Quantity,t,Blueberries,1994,115
Import Value,1000 USD,Blueberries,1994,538
Export Quantity,t,Blueberries,1994,1
Export Value,1000 USD,Blueberries,1994,4
Import Quantity,t,Blueberries,1995,196
Import Value,1000 USD,Blueberries,1995,610
Export Quantity,t,Blueberries,1995,21
Export Value,1000 USD,Blueberries,1995,50
Import Quantity,t,Blueberries,1996,201
Import Value,1000 USD,Blueberries,1996,819
Export Quantity,t,Blueberries,1996,0
Export Value,1000 USD,Blueberries,1996,0
Import Quantity,t,Blueberries,1997,322
Import Value,1000 USD,Blueberries,1997,1732
Export Quantity,t,Blueberries,1997,3
Export Value,1000 USD,Blueberries,1997,10
Import Quantity,t,Blueberries,1998,217
Import Value,1000 USD,Blueberries,1998,1250
Export Quantity,t,Blueberries,1998,3
Export Value,1000 USD,Blueberries,1998,15
Import Quantity,t,Blueberries,1999,327
Import Value,1000 USD,Blueberries,1999,1999
Export Quantity,t,Blueberries,1999,5
Export Value,1000 USD,Blueberries,1999,43
Import Quantity,t,Blueberries,2000,413
Import Value,1000 USD,Blueberries,2000,2742
Export Quantity,t,Blueberries,2000,0
Export Value,1000 USD,Blueberries,2000,1
Import Quantity,t,Blueberries,2001,508
Import Value,1000 USD,Blueberries,2001,3639
Export Quantity,t,Blueberries,2001,0
Export Value,1000 USD,Blueberries,2001,0
Import Quantity,t,Blueberries,2002,428
Import Value,1000 USD,Blueberries,2002,3080
Export Quantity,t,Blueberries,2002,0
Export Value,1000 USD,Blueberries,2002,0
Import Quantity,t,Blueberries,2003,407
Import Value,1000 USD,Blueberries,2003,3756
Export Quantity,t,Blueberries,2003,0
Export Value,1000 USD,Blueberries,2003,0
Import Quantity,t,Blueberries,2004,451
Import Value,1000 USD,Blueberries,2004,5232
Export Quantity,t,Blueberries,2004,1
Export Value,1000 USD,Blueberries,2004,4
Import Quantity,t,Blueberries,2005,1039
Import Value,1000 USD,Blueberries,2005,12268
Export Quantity,t,Blueberries,2005,4
Export Value,1000 USD,Blueberries,2005,15
Import Quantity,t,Blueberries,2006,789
Import Value,1000 USD,Blueberries,2006,9771
Export Quantity,t,Blueberries,2006,13
Export Value,1000 USD,Blueberries,2006,50
Import Quantity,t,Blueberries,2007,2587
Import Value,1000 USD,Blueberries,2007,27498
Export Quantity,t,Blueberries,2007,21
Export Value,1000 USD,Blueberries,2007,95
Import Quantity,t,Blueberries,2008,1158
Import Value,1000 USD,Blueberries,2008,11066
Export Quantity,t,Blueberries,2008,41
Export Value,1000 USD,Blueberries,2008,354
Import Quantity,t,Blueberries,2009,901
Import Value,1000 USD,Blueberries,2009,7358
Export Quantity,t,Blueberries,2009,31
Export Value,1000 USD,Blueberries,2009,157
Import Quantity,t,Blueberries,2010,2007
Import Value,1000 USD,Blueberries,2010,14584
Export Quantity,t,Blueberries,2010,64
Export Value,1000 USD,Blueberries,2010,282
Import Quantity,t,Blueberries,2011,1832
Import Value,1000 USD,Blueberries,2011,14964
Export Quantity,t,Blueberries,2011,41
Export Value,1000 USD,Blueberries,2011,189
Import Quantity,t,Blueberries,2012,3873
Import Value,1000 USD,Blueberries,2012,27486
Export Quantity,t,Blueberries,2012,56
Export Value,1000 USD,Blueberries,2012,244
Import Quantity,t,Blueberries,2013,4793
Import Value,1000 USD,Blueberries,2013,22946
Export Quantity,t,Blueberries,2013,407
Export Value,1000 USD,Blueberries,2013,2122
Import Quantity,t,Blueberries,2014,4109.9
Import Value,1000 USD,Blueberries,2014,24342
Export Quantity,t,Blueberries,2014,709.1
Export Value,1000 USD,Blueberries,2014,3282
Import Quantity,t,Blueberries,2015,4176.4
Import Value,1000 USD,Blueberries,2015,27060
Export Quantity,t,Blueberries,2015,1127.6
Export Value,1000 USD,Blueberries,2015,4807
Import Quantity,t,Blueberries,2016,5635.28
Import Value,1000 USD,Blueberries,2016,39810
Export Quantity,t,Blueberries,2016,405.77
Export Value,1000 USD,Blueberries,2016,2167
Import Quantity,t,Blueberries,2017,6547.14
Import Value,1000 USD,Blueberries,2017,48818
Export Quantity,t,Blueberries,2017,686.3
Export Value,1000 USD,Blueberries,2017,4361
Import Quantity,t,Blueberries,2018,11592.89
Import Value,1000 USD,Blueberries,2018,92521
Export Quantity,t,Blueberries,2018,272.55
Export Value,1000 USD,Blueberries,2018,2221
Import Quantity,t,Blueberries,2019,17521.5
Import Value,1000 USD,Blueberries,2019,120744
Export Quantity,t,Blueberries,2019,442.11
Export Value,1000 USD,Blueberries,2019,2695
Import Quantity,t,Blueberries,2020,19355.83
Import Value,1000 USD,Blueberries,2020,139180
Export Quantity,t,Blueberries,2020,369.53
Export Value,1000 USD,Blueberries,2020,793
Import Quantity,t,Blueberries,2021,18047.92
Import Value,1000 USD,Blueberries,2021,122205
Export Quantity,t,Blueberries,2021,87.31
Export Value,1000 USD,Blueberries,2021,460
Import Quantity,t,Blueberries,2022,8586.45
Import Value,1000 USD,Blueberries,2022,48500
Export Quantity,t,Blueberries,2022,124.3
Export Value,1000 USD,Blueberries,2022,777
Import Quantity,t,Bread,1961,0
Import Value,1000 USD,Bread,1961,0
Export Quantity,t,Bread,1961,1845
Export Value,1000 USD,Bread,1961,562
Import Quantity,t,Bread,1962,0
Import Value,1000 USD,Bread,1962,0
Export Quantity,t,Bread,1962,302
Export Value,1000 USD,Bread,1962,94
Import Quantity,t,Bread,1963,2479
Import Value,1000 USD,Bread,1963,1102
Export Quantity,t,Bread,1963,1532
Export Value,1000 USD,Bread,1963,787
Import Quantity,t,Bread,1964,3329
Import Value,1000 USD,Bread,1964,1461
Export Quantity,t,Bread,1964,2019
Export Value,1000 USD,Bread,1964,973
Import Quantity,t,Bread,1965,4124
Import Value,1000 USD,Bread,1965,2078
Export Quantity,t,Bread,1965,2788
Export Value,1000 USD,Bread,1965,1126
Import Quantity,t,Bread,1966,4511
Import Value,1000 USD,Bread,1966,2375
Export Quantity,t,Bread,1966,3096
Export Value,1000 USD,Bread,1966,1171
Import Quantity,t,Bread,1967,3671
Import Value,1000 USD,Bread,1967,2071
Export Quantity,t,Bread,1967,3533
Export Value,1000 USD,Bread,1967,1374
Import Quantity,t,Bread,1968,2560
Import Value,1000 USD,Bread,1968,1434
Export Quantity,t,Bread,1968,3445
Export Value,1000 USD,Bread,1968,1234
Import Quantity,t,Bread,1969,2434
Import Value,1000 USD,Bread,1969,1601
Export Quantity,t,Bread,1969,1314
Export Value,1000 USD,Bread,1969,751
Import Quantity,t,Bread,1970,4158
Import Value,1000 USD,Bread,1970,2345
Export Quantity,t,Bread,1970,3632
Export Value,1000 USD,Bread,1970,1328
Import Quantity,t,Bread,1971,6103
Import Value,1000 USD,Bread,1971,3464
Export Quantity,t,Bread,1971,3769
Export Value,1000 USD,Bread,1971,1501
Import Quantity,t,Bread,1972,7590
Import Value,1000 USD,Bread,1972,4631
Export Quantity,t,Bread,1972,5207
Export Value,1000 USD,Bread,1972,2292
Import Quantity,t,Bread,1973,7417
Import Value,1000 USD,Bread,1973,4951
Export Quantity,t,Bread,1973,7680
Export Value,1000 USD,Bread,1973,3048
Import Quantity,t,Bread,1974,7246
Import Value,1000 USD,Bread,1974,5653
Export Quantity,t,Bread,1974,13581
Export Value,1000 USD,Bread,1974,6351
Import Quantity,t,Bread,1975,5118
Import Value,1000 USD,Bread,1975,4419
Export Quantity,t,Bread,1975,15060
Export Value,1000 USD,Bread,1975,7997
Import Quantity,t,Bread,1976,4290
Import Value,1000 USD,Bread,1976,3820
Export Quantity,t,Bread,1976,14858
Export Value,1000 USD,Bread,1976,7173
Import Quantity,t,Bread,1977,4044
Import Value,1000 USD,Bread,1977,3848
Export Quantity,t,Bread,1977,15532
Export Value,1000 USD,Bread,1977,8915
Import Quantity,t,Bread,1978,5185
Import Value,1000 USD,Bread,1978,5812
Export Quantity,t,Bread,1978,19667
Export Value,1000 USD,Bread,1978,12841
Import Quantity,t,Bread,1979,5376
Import Value,1000 USD,Bread,1979,7153
Export Quantity,t,Bread,1979,20494
Export Value,1000 USD,Bread,1979,16057
Import Quantity,t,Bread,1980,5265
Import Value,1000 USD,Bread,1980,7974
Export Quantity,t,Bread,1980,20548
Export Value,1000 USD,Bread,1980,19167
Import Quantity,t,Bread,1981,7683
Import Value,1000 USD,Bread,1981,10496
Export Quantity,t,Bread,1981,12191
Export Value,1000 USD,Bread,1981,12547
Import Quantity,t,Bread,1982,7529
Import Value,1000 USD,Bread,1982,7831
Export Quantity,t,Bread,1982,11667
Export Value,1000 USD,Bread,1982,12523
Import Quantity,t,Bread,1983,9100
Import Value,1000 USD,Bread,1983,9002
Export Quantity,t,Bread,1983,15388
Export Value,1000 USD,Bread,1983,15858
Import Quantity,t,Bread,1984,9124
Import Value,1000 USD,Bread,1984,8780
Export Quantity,t,Bread,1984,18830
Export Value,1000 USD,Bread,1984,17564
Import Quantity,t,Bread,1985,9977
Import Value,1000 USD,Bread,1985,9284
Export Quantity,t,Bread,1985,21442
Export Value,1000 USD,Bread,1985,18900
Import Quantity,t,Bread,1986,10742
Import Value,1000 USD,Bread,1986,12583
Export Quantity,t,Bread,1986,21472
Export Value,1000 USD,Bread,1986,22520
Import Quantity,t,Bread,1987,11725
Import Value,1000 USD,Bread,1987,16327
Export Quantity,t,Bread,1987,25177
Export Value,1000 USD,Bread,1987,30420
Import Quantity,t,Bread,1988,14279
Import Value,1000 USD,Bread,1988,22430
Export Quantity,t,Bread,1988,32610
Export Value,1000 USD,Bread,1988,50756
Import Quantity,t,Bread,1989,21110
Import Value,1000 USD,Bread,1989,31010
Export Quantity,t,Bread,1989,30458
Export Value,1000 USD,Bread,1989,45913
Import Quantity,t,Bread,1990,25450
Import Value,1000 USD,Bread,1990,45526
Export Quantity,t,Bread,1990,29047
Export Value,1000 USD,Bread,1990,49565
Import Quantity,t,Bread,1991,30379
Import Value,1000 USD,Bread,1991,56492
Export Quantity,t,Bread,1991,45207
Export Value,1000 USD,Bread,1991,70996
Import Quantity,t,Bread,1992,31832
Import Value,1000 USD,Bread,1992,64148
Export Quantity,t,Bread,1992,47935
Export Value,1000 USD,Bread,1992,77326
Import Quantity,t,Bread,1993,23307
Import Value,1000 USD,Bread,1993,43365
Export Quantity,t,Bread,1993,56383
Export Value,1000 USD,Bread,1993,79750
Import Quantity,t,Bread,1994,22811
Import Value,1000 USD,Bread,1994,42868
Export Quantity,t,Bread,1994,63916
Export Value,1000 USD,Bread,1994,83610
Import Quantity,t,Bread,1995,27352
Import Value,1000 USD,Bread,1995,49167
Export Quantity,t,Bread,1995,65431
Export Value,1000 USD,Bread,1995,88796
Import Quantity,t,Bread,1996,27185
Import Value,1000 USD,Bread,1996,55957
Export Quantity,t,Bread,1996,68896
Export Value,1000 USD,Bread,1996,105976
Import Quantity,t,Bread,1997,35797
Import Value,1000 USD,Bread,1997,75707
Export Quantity,t,Bread,1997,72574
Export Value,1000 USD,Bread,1997,112946
Import Quantity,t,Bread,1998,56994
Import Value,1000 USD,Bread,1998,105527
Export Quantity,t,Bread,1998,76396
Export Value,1000 USD,Bread,1998,110058
Import Quantity,t,Bread,1999,45614
Import Value,1000 USD,Bread,1999,100424
Export Quantity,t,Bread,1999,77074
Export Value,1000 USD,Bread,1999,99562
Import Quantity,t,Bread,2000,46833
Import Value,1000 USD,Bread,2000,81913
Export Quantity,t,Bread,2000,79455
Export Value,1000 USD,Bread,2000,84115
Import Quantity,t,Bread,2001,51550
Import Value,1000 USD,Bread,2001,79266
Export Quantity,t,Bread,2001,98850
Export Value,1000 USD,Bread,2001,92343
Import Quantity,t,Bread,2002,71006
Import Value,1000 USD,Bread,2002,91469
Export Quantity,t,Bread,2002,86486
Export Value,1000 USD,Bread,2002,106358
Import Quantity,t,Bread,2003,80360
Import Value,1000 USD,Bread,2003,124054
Export Quantity,t,Bread,2003,67201
Export Value,1000 USD,Bread,2003,106909
Import Quantity,t,Bread,2004,95932
Import Value,1000 USD,Bread,2004,158857
Export Quantity,t,Bread,2004,81928
Export Value,1000 USD,Bread,2004,145965
Import Quantity,t,Bread,2005,134904
Import Value,1000 USD,Bread,2005,186978
Export Quantity,t,Bread,2005,74915
Export Value,1000 USD,Bread,2005,140745
Import Quantity,t,Bread,2006,119250
Import Value,1000 USD,Bread,2006,207263
Export Quantity,t,Bread,2006,78623
Export Value,1000 USD,Bread,2006,146878
Import Quantity,t,Bread,2007,126068
Import Value,1000 USD,Bread,2007,281585
Export Quantity,t,Bread,2007,99401
Export Value,1000 USD,Bread,2007,191512
Import Quantity,t,Bread,2008,117446
Import Value,1000 USD,Bread,2008,287002
Export Quantity,t,Bread,2008,119059
Export Value,1000 USD,Bread,2008,215153
Import Quantity,t,Bread,2009,109020
Import Value,1000 USD,Bread,2009,246981
Export Quantity,t,Bread,2009,99403
Export Value,1000 USD,Bread,2009,169470
Import Quantity,t,Bread,2010,114383
Import Value,1000 USD,Bread,2010,240285
Export Quantity,t,Bread,2010,98919
Export Value,1000 USD,Bread,2010,163641
Import Quantity,t,Bread,2011,110982
Import Value,1000 USD,Bread,2011,241041
Export Quantity,t,Bread,2011,98119
Export Value,1000 USD,Bread,2011,179541
Import Quantity,t,Bread,2012,15375
Import Value,1000 USD,Bread,2012,50964
Export Quantity,t,Bread,2012,22551
Export Value,1000 USD,Bread,2012,65621
Import Quantity,t,Bread,2013,14060
Import Value,1000 USD,Bread,2013,50107
Export Quantity,t,Bread,2013,18728
Export Value,1000 USD,Bread,2013,45514
Import Quantity,t,Bread,2014,16097.91
Import Value,1000 USD,Bread,2014,62196
Export Quantity,t,Bread,2014,13339.82
Export Value,1000 USD,Bread,2014,58596
Import Quantity,t,Bread,2015,35276.28
Import Value,1000 USD,Bread,2015,73042
Export Quantity,t,Bread,2015,17752.08
Export Value,1000 USD,Bread,2015,50499
Import Quantity,t,Bread,2016,23837.6
Import Value,1000 USD,Bread,2016,58175
Export Quantity,t,Bread,2016,15734.85
Export Value,1000 USD,Bread,2016,43903
Import Quantity,t,Bread,2017,53777
Import Value,1000 USD,Bread,2017,122638
Export Quantity,t,Bread,2017,14929.95
Export Value,1000 USD,Bread,2017,38683
Import Quantity,t,Bread,2018,28438.49
Import Value,1000 USD,Bread,2018,85460
Export Quantity,t,Bread,2018,16680.32
Export Value,1000 USD,Bread,2018,43392
Import Quantity,t,Bread,2019,16382.64
Import Value,1000 USD,Bread,2019,57951
Export Quantity,t,Bread,2019,21181.92
Export Value,1000 USD,Bread,2019,40611
Import Quantity,t,Bread,2020,20457.71
Import Value,1000 USD,Bread,2020,60573
Export Quantity,t,Bread,2020,23005.65
Export Value,1000 USD,Bread,2020,42209
Import Quantity,t,Bread,2021,10667.9
Import Value,1000 USD,Bread,2021,36871
Export Quantity,t,Bread,2021,19772.42
Export Value,1000 USD,Bread,2021,34793
Import Quantity,t,Bread,2022,11860.25
Import Value,1000 USD,Bread,2022,48781
Export Quantity,t,Bread,2022,20577.54
Export Value,1000 USD,Bread,2022,31449
Import Quantity,t,Cabbages,1961,5003
Import Value,1000 USD,Cabbages,1961,268
Export Quantity,t,Cabbages,1961,0
Export Value,1000 USD,Cabbages,1961,0
Import Quantity,t,Cabbages,1962,9147
Import Value,1000 USD,Cabbages,1962,797
Export Quantity,t,Cabbages,1962,0
Export Value,1000 USD,Cabbages,1962,0
Import Quantity,t,Cabbages,1963,11701
Import Value,1000 USD,Cabbages,1963,2198
Export Quantity,t,Cabbages,1963,0
Export Value,1000 USD,Cabbages,1963,0
Import Quantity,t,Cabbages,1964,8024
Import Value,1000 USD,Cabbages,1964,483
Export Quantity,t,Cabbages,1964,0
Export Value,1000 USD,Cabbages,1964,0
Import Quantity,t,Cabbages,1965,9121
Import Value,1000 USD,Cabbages,1965,560
Export Quantity,t,Cabbages,1965,0
Export Value,1000 USD,Cabbages,1965,0
Import Quantity,t,Cabbages,1966,6619
Import Value,1000 USD,Cabbages,1966,780
Export Quantity,t,Cabbages,1966,0
Export Value,1000 USD,Cabbages,1966,0
Import Quantity,t,Cabbages,1967,8644
Import Value,1000 USD,Cabbages,1967,582
Export Quantity,t,Cabbages,1967,0
Export Value,1000 USD,Cabbages,1967,0
Import Quantity,t,Cabbages,1968,9253
Import Value,1000 USD,Cabbages,1968,753
Export Quantity,t,Cabbages,1968,0
Export Value,1000 USD,Cabbages,1968,0
Import Quantity,t,Cabbages,1969,8500
Import Value,1000 USD,Cabbages,1969,1493
Export Quantity,t,Cabbages,1969,0
Export Value,1000 USD,Cabbages,1969,0
Import Quantity,t,Cabbages,1970,4483
Import Value,1000 USD,Cabbages,1970,641
Export Quantity,t,Cabbages,1970,0
Export Value,1000 USD,Cabbages,1970,0
Import Quantity,t,Cabbages,1971,5685
Import Value,1000 USD,Cabbages,1971,609
Export Quantity,t,Cabbages,1971,0
Export Value,1000 USD,Cabbages,1971,0
Import Quantity,t,Cabbages,1972,7253
Import Value,1000 USD,Cabbages,1972,923
Export Quantity,t,Cabbages,1972,0
Export Value,1000 USD,Cabbages,1972,0
Import Quantity,t,Cabbages,1973,5468
Import Value,1000 USD,Cabbages,1973,1086
Export Quantity,t,Cabbages,1973,0
Export Value,1000 USD,Cabbages,1973,0
Import Quantity,t,Cabbages,1974,10044
Import Value,1000 USD,Cabbages,1974,2387
Export Quantity,t,Cabbages,1974,0
Export Value,1000 USD,Cabbages,1974,0
Import Quantity,t,Cabbages,1975,14984
Import Value,1000 USD,Cabbages,1975,2862
Export Quantity,t,Cabbages,1975,88
Export Value,1000 USD,Cabbages,1975,33
Import Quantity,t,Cabbages,1976,10690
Import Value,1000 USD,Cabbages,1976,3872
Export Quantity,t,Cabbages,1976,259
Export Value,1000 USD,Cabbages,1976,128
Import Quantity,t,Cabbages,1977,34198
Import Value,1000 USD,Cabbages,1977,11880
Export Quantity,t,Cabbages,1977,1271
Export Value,1000 USD,Cabbages,1977,564
Import Quantity,t,Cabbages,1978,18391
Import Value,1000 USD,Cabbages,1978,4068
Export Quantity,t,Cabbages,1978,2036
Export Value,1000 USD,Cabbages,1978,989
Import Quantity,t,Cabbages,1979,44830
Import Value,1000 USD,Cabbages,1979,17059
Export Quantity,t,Cabbages,1979,6254
Export Value,1000 USD,Cabbages,1979,5038
Import Quantity,t,Cabbages,1980,30669
Import Value,1000 USD,Cabbages,1980,8660
Export Quantity,t,Cabbages,1980,4951
Export Value,1000 USD,Cabbages,1980,2842
Import Quantity,t,Cabbages,1981,33125
Import Value,1000 USD,Cabbages,1981,13991
Export Quantity,t,Cabbages,1981,8920
Export Value,1000 USD,Cabbages,1981,3756
Import Quantity,t,Cabbages,1982,63650
Import Value,1000 USD,Cabbages,1982,24631
Export Quantity,t,Cabbages,1982,767
Export Value,1000 USD,Cabbages,1982,389
Import Quantity,t,Cabbages,1983,40504
Import Value,1000 USD,Cabbages,1983,14128
Export Quantity,t,Cabbages,1983,922
Export Value,1000 USD,Cabbages,1983,425
Import Quantity,t,Cabbages,1984,53926
Import Value,1000 USD,Cabbages,1984,19250
Export Quantity,t,Cabbages,1984,654
Export Value,1000 USD,Cabbages,1984,327
Import Quantity,t,Cabbages,1985,60494
Import Value,1000 USD,Cabbages,1985,14943
Export Quantity,t,Cabbages,1985,4219
Export Value,1000 USD,Cabbages,1985,2552
Import Quantity,t,Cabbages,1986,56136
Import Value,1000 USD,Cabbages,1986,15850
Export Quantity,t,Cabbages,1986,1585
Export Value,1000 USD,Cabbages,1986,1179
Import Quantity,t,Cabbages,1987,43433
Import Value,1000 USD,Cabbages,1987,15546
Export Quantity,t,Cabbages,1987,2465
Export Value,1000 USD,Cabbages,1987,1400
Import Quantity,t,Cabbages,1988,35407
Import Value,1000 USD,Cabbages,1988,18843
Export Quantity,t,Cabbages,1988,1034
Export Value,1000 USD,Cabbages,1988,950
Import Quantity,t,Cabbages,1989,45334
Import Value,1000 USD,Cabbages,1989,25609
Export Quantity,t,Cabbages,1989,668
Export Value,1000 USD,Cabbages,1989,389
Import Quantity,t,Cabbages,1990,55521
Import Value,1000 USD,Cabbages,1990,40735
Export Quantity,t,Cabbages,1990,818
Export Value,1000 USD,Cabbages,1990,514
Import Quantity,t,Cabbages,1991,46748
Import Value,1000 USD,Cabbages,1991,46954
Export Quantity,t,Cabbages,1991,2013
Export Value,1000 USD,Cabbages,1991,1403
Import Quantity,t,Cabbages,1992,52549
Import Value,1000 USD,Cabbages,1992,47949
Export Quantity,t,Cabbages,1992,1375
Export Value,1000 USD,Cabbages,1992,1013
Import Quantity,t,Cabbages,1993,25397
Import Value,1000 USD,Cabbages,1993,17452
Export Quantity,t,Cabbages,1993,2900
Export Value,1000 USD,Cabbages,1993,1071
Import Quantity,t,Cabbages,1994,26014
Import Value,1000 USD,Cabbages,1994,15620
Export Quantity,t,Cabbages,1994,2553
Export Value,1000 USD,Cabbages,1994,1328
Import Quantity,t,Cabbages,1995,27467
Import Value,1000 USD,Cabbages,1995,18427
Export Quantity,t,Cabbages,1995,7229
Export Value,1000 USD,Cabbages,1995,2389
Import Quantity,t,Cabbages,1996,38828
Import Value,1000 USD,Cabbages,1996,24336
Export Quantity,t,Cabbages,1996,1567
Export Value,1000 USD,Cabbages,1996,1896
Import Quantity,t,Cabbages,1997,25534
Import Value,1000 USD,Cabbages,1997,19585
Export Quantity,t,Cabbages,1997,1932
Export Value,1000 USD,Cabbages,1997,2199
Import Quantity,t,Cabbages,1998,29027
Import Value,1000 USD,Cabbages,1998,23236
Export Quantity,t,Cabbages,1998,1740
Export Value,1000 USD,Cabbages,1998,1696
Import Quantity,t,Cabbages,1999,31686
Import Value,1000 USD,Cabbages,1999,21995
Export Quantity,t,Cabbages,1999,708
Export Value,1000 USD,Cabbages,1999,1193
Import Quantity,t,Cabbages,2000,32182
Import Value,1000 USD,Cabbages,2000,18724
Export Quantity,t,Cabbages,2000,965
Export Value,1000 USD,Cabbages,2000,1912
Import Quantity,t,Cabbages,2001,40981
Import Value,1000 USD,Cabbages,2001,27931
Export Quantity,t,Cabbages,2001,1285
Export Value,1000 USD,Cabbages,2001,2829
Import Quantity,t,Cabbages,2002,52691
Import Value,1000 USD,Cabbages,2002,27596
Export Quantity,t,Cabbages,2002,3667
Export Value,1000 USD,Cabbages,2002,2567
Import Quantity,t,Cabbages,2003,48624
Import Value,1000 USD,Cabbages,2003,31119
Export Quantity,t,Cabbages,2003,1037
Export Value,1000 USD,Cabbages,2003,1593
Import Quantity,t,Cabbages,2004,62020
Import Value,1000 USD,Cabbages,2004,48647
Export Quantity,t,Cabbages,2004,1615
Export Value,1000 USD,Cabbages,2004,2623
Import Quantity,t,Cabbages,2005,49375
Import Value,1000 USD,Cabbages,2005,55791
Export Quantity,t,Cabbages,2005,839
Export Value,1000 USD,Cabbages,2005,2414
Import Quantity,t,Cabbages,2006,52430
Import Value,1000 USD,Cabbages,2006,58932
Export Quantity,t,Cabbages,2006,2418
Export Value,1000 USD,Cabbages,2006,3861
Import Quantity,t,Cabbages,2007,73151
Import Value,1000 USD,Cabbages,2007,78662
Export Quantity,t,Cabbages,2007,2691
Export Value,1000 USD,Cabbages,2007,4264
Import Quantity,t,Cabbages,2008,58581
Import Value,1000 USD,Cabbages,2008,74434
Export Quantity,t,Cabbages,2008,3168
Export Value,1000 USD,Cabbages,2008,4562
Import Quantity,t,Cabbages,2009,50491
Import Value,1000 USD,Cabbages,2009,56313
Export Quantity,t,Cabbages,2009,4677
Export Value,1000 USD,Cabbages,2009,6458
Import Quantity,t,Cabbages,2010,46449
Import Value,1000 USD,Cabbages,2010,57109
Export Quantity,t,Cabbages,2010,9860
Export Value,1000 USD,Cabbages,2010,7997
Import Quantity,t,Cabbages,2011,50226
Import Value,1000 USD,Cabbages,2011,66732
Export Quantity,t,Cabbages,2011,5933
Export Value,1000 USD,Cabbages,2011,7741
Import Quantity,t,Cabbages,2012,57048
Import Value,1000 USD,Cabbages,2012,64192
Export Quantity,t,Cabbages,2012,8203
Export Value,1000 USD,Cabbages,2012,9497
Import Quantity,t,Cabbages,2013,64105
Import Value,1000 USD,Cabbages,2013,67194
Export Quantity,t,Cabbages,2013,6117
Export Value,1000 USD,Cabbages,2013,8218
Import Quantity,t,Cabbages,2014,49411.76
Import Value,1000 USD,Cabbages,2014,51668
Export Quantity,t,Cabbages,2014,5933.9
Export Value,1000 USD,Cabbages,2014,6016
Import Quantity,t,Cabbages,2015,51444.7
Import Value,1000 USD,Cabbages,2015,49143
Export Quantity,t,Cabbages,2015,7394.7
Export Value,1000 USD,Cabbages,2015,5346
Import Quantity,t,Cabbages,2016,54782.06
Import Value,1000 USD,Cabbages,2016,55562
Export Quantity,t,Cabbages,2016,5054.42
Export Value,1000 USD,Cabbages,2016,4893
Import Quantity,t,Cabbages,2017,41664.11
Import Value,1000 USD,Cabbages,2017,47710
Export Quantity,t,Cabbages,2017,6943.16
Export Value,1000 USD,Cabbages,2017,5071
Import Quantity,t,Cabbages,2018,36299.25
Import Value,1000 USD,Cabbages,2018,46744
Export Quantity,t,Cabbages,2018,6920.33
Export Value,1000 USD,Cabbages,2018,7230
Import Quantity,t,Cabbages,2019,45359.67
Import Value,1000 USD,Cabbages,2019,58633
Export Quantity,t,Cabbages,2019,9607.09
Export Value,1000 USD,Cabbages,2019,6978
Import Quantity,t,Cabbages,2020,55472.86
Import Value,1000 USD,Cabbages,2020,69755
Export Quantity,t,Cabbages,2020,5815.22
Export Value,1000 USD,Cabbages,2020,5128
Import Quantity,t,Cabbages,2021,50132.37
Import Value,1000 USD,Cabbages,2021,72390
Export Quantity,t,Cabbages,2021,6201.69
Export Value,1000 USD,Cabbages,2021,6671
Import Quantity,t,Cabbages,2022,53715.82
Import Value,1000 USD,Cabbages,2022,64062
Export Quantity,t,Cabbages,2022,9989.27
Export Value,1000 USD,Cabbages,2022,12474
Import Quantity,t,"Cashew nuts, in shell",1996,706
Import Value,1000 USD,"Cashew nuts, in shell",1996,3789
Export Quantity,t,"Cashew nuts, in shell",1996,116
Export Value,1000 USD,"Cashew nuts, in shell",1996,821
Import Quantity,t,"Cashew nuts, in shell",1997,799
Import Value,1000 USD,"Cashew nuts, in shell",1997,4063
Export Quantity,t,"Cashew nuts, in shell",1997,29
Export Value,1000 USD,"Cashew nuts, in shell",1997,315
Import Quantity,t,"Cashew nuts, in shell",1998,36
Import Value,1000 USD,"Cashew nuts, in shell",1998,179
Export Quantity,t,"Cashew nuts, in shell",1998,22
Export Value,1000 USD,"Cashew nuts, in shell",1998,155
Import Quantity,t,"Cashew nuts, in shell",1999,4
Import Value,1000 USD,"Cashew nuts, in shell",1999,36
Export Quantity,t,"Cashew nuts, in shell",1999,48
Export Value,1000 USD,"Cashew nuts, in shell",1999,395
Import Quantity,t,"Cashew nuts, in shell",2000,19
Import Value,1000 USD,"Cashew nuts, in shell",2000,84
Export Quantity,t,"Cashew nuts, in shell",2000,2
Export Value,1000 USD,"Cashew nuts, in shell",2000,21
Import Quantity,t,"Cashew nuts, in shell",2001,0
Import Value,1000 USD,"Cashew nuts, in shell",2001,0
Export Quantity,t,"Cashew nuts, in shell",2001,22
Export Value,1000 USD,"Cashew nuts, in shell",2001,85
Import Quantity,t,"Cashew nuts, in shell",2002,0
Import Value,1000 USD,"Cashew nuts, in shell",2002,0
Export Quantity,t,"Cashew nuts, in shell",2002,0
Export Value,1000 USD,"Cashew nuts, in shell",2002,0
Import Quantity,t,"Cashew nuts, in shell",2003,10
Import Value,1000 USD,"Cashew nuts, in shell",2003,53
Export Quantity,t,"Cashew nuts, in shell",2003,2
Export Value,1000 USD,"Cashew nuts, in shell",2003,6
Import Quantity,t,"Cashew nuts, in shell",2004,6
Import Value,1000 USD,"Cashew nuts, in shell",2004,8
Export Quantity,t,"Cashew nuts, in shell",2004,7
Export Value,1000 USD,"Cashew nuts, in shell",2004,30
Import Quantity,t,"Cashew nuts, in shell",2005,2
Import Value,1000 USD,"Cashew nuts, in shell",2005,7
Export Quantity,t,"Cashew nuts, in shell",2005,27
Export Value,1000 USD,"Cashew nuts, in shell",2005,95
Import Quantity,t,"Cashew nuts, in shell",2006,25
Import Value,1000 USD,"Cashew nuts, in shell",2006,190
Export Quantity,t,"Cashew nuts, in shell",2006,43
Export Value,1000 USD,"Cashew nuts, in shell",2006,192
Import Quantity,t,"Cashew nuts, in shell",2007,142
Import Value,1000 USD,"Cashew nuts, in shell",2007,1052
Export Quantity,t,"Cashew nuts, in shell",2007,23
Export Value,1000 USD,"Cashew nuts, in shell",2007,99
Import Quantity,t,"Cashew nuts, in shell",2008,265
Import Value,1000 USD,"Cashew nuts, in shell",2008,2110
Export Quantity,t,"Cashew nuts, in shell",2008,88
Export Value,1000 USD,"Cashew nuts, in shell",2008,573
Import Quantity,t,"Cashew nuts, in shell",2009,678
Import Value,1000 USD,"Cashew nuts, in shell",2009,4030
Export Quantity,t,"Cashew nuts, in shell",2009,194
Export Value,1000 USD,"Cashew nuts, in shell",2009,1102
Import Quantity,t,"Cashew nuts, in shell",2010,2144
Import Value,1000 USD,"Cashew nuts, in shell",2010,13232
Export Quantity,t,"Cashew nuts, in shell",2010,209
Export Value,1000 USD,"Cashew nuts, in shell",2010,1169
Import Quantity,t,"Cashew nuts, in shell",2011,923
Import Value,1000 USD,"Cashew nuts, in shell",2011,7964
Export Quantity,t,"Cashew nuts, in shell",2011,146
Export Value,1000 USD,"Cashew nuts, in shell",2011,836
Import Quantity,t,"Cashew nuts, in shell",2012,318
Import Value,1000 USD,"Cashew nuts, in shell",2012,2245
Export Quantity,t,"Cashew nuts, in shell",2012,96
Export Value,1000 USD,"Cashew nuts, in shell",2012,388
Import Quantity,t,"Cashew nuts, in shell",2013,120
Import Value,1000 USD,"Cashew nuts, in shell",2013,916
Export Quantity,t,"Cashew nuts, in shell",2013,246
Export Value,1000 USD,"Cashew nuts, in shell",2013,1059
Import Quantity,t,"Cashew nuts, in shell",2014,145.6
Import Value,1000 USD,"Cashew nuts, in shell",2014,1127
Export Quantity,t,"Cashew nuts, in shell",2014,194.21
Export Value,1000 USD,"Cashew nuts, in shell",2014,1139
Import Quantity,t,"Cashew nuts, in shell",2015,199.42
Import Value,1000 USD,"Cashew nuts, in shell",2015,1510
Export Quantity,t,"Cashew nuts, in shell",2015,95.2
Export Value,1000 USD,"Cashew nuts, in shell",2015,578
Import Quantity,t,"Cashew nuts, in shell",2016,175.27
Import Value,1000 USD,"Cashew nuts, in shell",2016,1018
Export Quantity,t,"Cashew nuts, in shell",2016,225.56
Export Value,1000 USD,"Cashew nuts, in shell",2016,1849
Import Quantity,t,"Cashew nuts, in shell",2017,320.18
Import Value,1000 USD,"Cashew nuts, in shell",2017,2523
Export Quantity,t,"Cashew nuts, in shell",2017,219.9
Export Value,1000 USD,"Cashew nuts, in shell",2017,1602
Import Quantity,t,"Cashew nuts, in shell",2018,314.46
Import Value,1000 USD,"Cashew nuts, in shell",2018,2529
Export Quantity,t,"Cashew nuts, in shell",2018,149.14
Export Value,1000 USD,"Cashew nuts, in shell",2018,1121
Import Quantity,t,"Cashew nuts, in shell",2019,179.33
Import Value,1000 USD,"Cashew nuts, in shell",2019,1407
Export Quantity,t,"Cashew nuts, in shell",2019,133.12
Export Value,1000 USD,"Cashew nuts, in shell",2019,794
Import Quantity,t,"Cashew nuts, in shell",2020,139.65
Import Value,1000 USD,"Cashew nuts, in shell",2020,816
Export Quantity,t,"Cashew nuts, in shell",2020,104.11
Export Value,1000 USD,"Cashew nuts, in shell",2020,503
Import Quantity,t,"Cashew nuts, in shell",2021,306.33
Import Value,1000 USD,"Cashew nuts, in shell",2021,1327
Export Quantity,t,"Cashew nuts, in shell",2021,3.01
Export Value,1000 USD,"Cashew nuts, in shell",2021,36
Import Quantity,t,"Cashew nuts, in shell",2022,39.04
Import Value,1000 USD,"Cashew nuts, in shell",2022,287
Export Quantity,t,"Cashew nuts, in shell",2022,8.87
Export Value,1000 USD,"Cashew nuts, in shell",2022,43
Import Quantity,t,Cherries,1961,2265
Import Value,1000 USD,Cherries,1961,1390
Export Quantity,t,Cherries,1961,2
Export Value,1000 USD,Cherries,1961,1
Import Quantity,t,Cherries,1962,1550
Import Value,1000 USD,Cherries,1962,874
Export Quantity,t,Cherries,1962,6
Export Value,1000 USD,Cherries,1962,3
Import Quantity,t,Cherries,1963,1649
Import Value,1000 USD,Cherries,1963,918
Export Quantity,t,Cherries,1963,1
Export Value,1000 USD,Cherries,1963,0
Import Quantity,t,Cherries,1964,2586
Import Value,1000 USD,Cherries,1964,1477
Export Quantity,t,Cherries,1964,2
Export Value,1000 USD,Cherries,1964,1
Import Quantity,t,Cherries,1965,980
Import Value,1000 USD,Cherries,1965,670
Export Quantity,t,Cherries,1965,0
Export Value,1000 USD,Cherries,1965,0
Import Quantity,t,Cherries,1966,1961
Import Value,1000 USD,Cherries,1966,1176
Export Quantity,t,Cherries,1966,2
Export Value,1000 USD,Cherries,1966,2
Import Quantity,t,Cherries,1967,2971
Import Value,1000 USD,Cherries,1967,2098
Export Quantity,t,Cherries,1967,3
Export Value,1000 USD,Cherries,1967,2
Import Quantity,t,Cherries,1968,1562
Import Value,1000 USD,Cherries,1968,966
Export Quantity,t,Cherries,1968,0
Export Value,1000 USD,Cherries,1968,0
Import Quantity,t,Cherries,1969,1231
Import Value,1000 USD,Cherries,1969,872
Export Quantity,t,Cherries,1969,3
Export Value,1000 USD,Cherries,1969,3
Import Quantity,t,Cherries,1970,1449
Import Value,1000 USD,Cherries,1970,1032
Export Quantity,t,Cherries,1970,0
Export Value,1000 USD,Cherries,1970,0
Import Quantity,t,Cherries,1971,1819
Import Value,1000 USD,Cherries,1971,1331
Export Quantity,t,Cherries,1971,0
Export Value,1000 USD,Cherries,1971,0
Import Quantity,t,Cherries,1972,2206
Import Value,1000 USD,Cherries,1972,1621
Export Quantity,t,Cherries,1972,0
Export Value,1000 USD,Cherries,1972,0
Import Quantity,t,Cherries,1973,1924
Import Value,1000 USD,Cherries,1973,2233
Export Quantity,t,Cherries,1973,0
Export Value,1000 USD,Cherries,1973,0
Import Quantity,t,Cherries,1974,2479
Import Value,1000 USD,Cherries,1974,2799
Export Quantity,t,Cherries,1974,0
Export Value,1000 USD,Cherries,1974,0
Import Quantity,t,Cherries,1975,2336
Import Value,1000 USD,Cherries,1975,3600
Export Quantity,t,Cherries,1975,0
Export Value,1000 USD,Cherries,1975,0
Import Quantity,t,Cherries,1976,2638
Import Value,1000 USD,Cherries,1976,2695
Export Quantity,t,Cherries,1976,38
Export Value,1000 USD,Cherries,1976,32
Import Quantity,t,Cherries,1977,1484
Import Value,1000 USD,Cherries,1977,2427
Export Quantity,t,Cherries,1977,16
Export Value,1000 USD,Cherries,1977,28
Import Quantity,t,Cherries,1978,1792
Import Value,1000 USD,Cherries,1978,2840
Export Quantity,t,Cherries,1978,43
Export Value,1000 USD,Cherries,1978,90
Import Quantity,t,Cherries,1979,4460
Import Value,1000 USD,Cherries,1979,8728
Export Quantity,t,Cherries,1979,100
Export Value,1000 USD,Cherries,1979,182
Import Quantity,t,Cherries,1980,3945
Import Value,1000 USD,Cherries,1980,11523
Export Quantity,t,Cherries,1980,66
Export Value,1000 USD,Cherries,1980,156
Import Quantity,t,Cherries,1981,6011
Import Value,1000 USD,Cherries,1981,10945
Export Quantity,t,Cherries,1981,362
Export Value,1000 USD,Cherries,1981,649
Import Quantity,t,Cherries,1982,7511
Import Value,1000 USD,Cherries,1982,11975
Export Quantity,t,Cherries,1982,50
Export Value,1000 USD,Cherries,1982,70
Import Quantity,t,Cherries,1983,7744
Import Value,1000 USD,Cherries,1983,11038
Export Quantity,t,Cherries,1983,30
Export Value,1000 USD,Cherries,1983,56
Import Quantity,t,Cherries,1984,9495
Import Value,1000 USD,Cherries,1984,9687
Export Quantity,t,Cherries,1984,52
Export Value,1000 USD,Cherries,1984,81
Import Quantity,t,Cherries,1985,9176
Import Value,1000 USD,Cherries,1985,14701
Export Quantity,t,Cherries,1985,120
Export Value,1000 USD,Cherries,1985,171
Import Quantity,t,Cherries,1986,6909
Import Value,1000 USD,Cherries,1986,13999
Export Quantity,t,Cherries,1986,153
Export Value,1000 USD,Cherries,1986,217
Import Quantity,t,Cherries,1987,9312
Import Value,1000 USD,Cherries,1987,15047
Export Quantity,t,Cherries,1987,54
Export Value,1000 USD,Cherries,1987,112
Import Quantity,t,Cherries,1988,7338
Import Value,1000 USD,Cherries,1988,14187
Export Quantity,t,Cherries,1988,78
Export Value,1000 USD,Cherries,1988,169
Import Quantity,t,Cherries,1989,9080
Import Value,1000 USD,Cherries,1989,19615
Export Quantity,t,Cherries,1989,84
Export Value,1000 USD,Cherries,1989,219
Import Quantity,t,Cherries,1990,7476
Import Value,1000 USD,Cherries,1990,12955
Export Quantity,t,Cherries,1990,111
Export Value,1000 USD,Cherries,1990,340
Import Quantity,t,Cherries,1991,7345
Import Value,1000 USD,Cherries,1991,14280
Export Quantity,t,Cherries,1991,227
Export Value,1000 USD,Cherries,1991,793
Import Quantity,t,Cherries,1992,9157
Import Value,1000 USD,Cherries,1992,16851
Export Quantity,t,Cherries,1992,277
Export Value,1000 USD,Cherries,1992,846
Import Quantity,t,Cherries,1993,8886
Import Value,1000 USD,Cherries,1993,20516
Export Quantity,t,Cherries,1993,15
Export Value,1000 USD,Cherries,1993,43
Import Quantity,t,Cherries,1994,10939
Import Value,1000 USD,Cherries,1994,18647
Export Quantity,t,Cherries,1994,23
Export Value,1000 USD,Cherries,1994,98
Import Quantity,t,Cherries,1995,11222
Import Value,1000 USD,Cherries,1995,22615
Export Quantity,t,Cherries,1995,30
Export Value,1000 USD,Cherries,1995,88
Import Quantity,t,Cherries,1996,10051
Import Value,1000 USD,Cherries,1996,24368
Export Quantity,t,Cherries,1996,30
Export Value,1000 USD,Cherries,1996,161
Import Quantity,t,Cherries,1997,14736
Import Value,1000 USD,Cherries,1997,35280
Export Quantity,t,Cherries,1997,47
Export Value,1000 USD,Cherries,1997,264
Import Quantity,t,Cherries,1998,11427
Import Value,1000 USD,Cherries,1998,35550
Export Quantity,t,Cherries,1998,100
Export Value,1000 USD,Cherries,1998,512
Import Quantity,t,Cherries,1999,16022
Import Value,1000 USD,Cherries,1999,38533
Export Quantity,t,Cherries,1999,121
Export Value,1000 USD,Cherries,1999,296
Import Quantity,t,Cherries,2000,14621
Import Value,1000 USD,Cherries,2000,32295
Export Quantity,t,Cherries,2000,85
Export Value,1000 USD,Cherries,2000,297
Import Quantity,t,Cherries,2001,13220
Import Value,1000 USD,Cherries,2001,33327
Export Quantity,t,Cherries,2001,210
Export Value,1000 USD,Cherries,2001,436
Import Quantity,t,Cherries,2002,15698
Import Value,1000 USD,Cherries,2002,40596
Export Quantity,t,Cherries,2002,149
Export Value,1000 USD,Cherries,2002,512
Import Quantity,t,Cherries,2003,16152
Import Value,1000 USD,Cherries,2003,48725
Export Quantity,t,Cherries,2003,213
Export Value,1000 USD,Cherries,2003,983
Import Quantity,t,Cherries,2004,16132
Import Value,1000 USD,Cherries,2004,57985
Export Quantity,t,Cherries,2004,213
Export Value,1000 USD,Cherries,2004,1066
Import Quantity,t,Cherries,2005,19622
Import Value,1000 USD,Cherries,2005,74469
Export Quantity,t,Cherries,2005,183
Export Value,1000 USD,Cherries,2005,1026
Import Quantity,t,Cherries,2006,21528
Import Value,1000 USD,Cherries,2006,86417
Export Quantity,t,Cherries,2006,151
Export Value,1000 USD,Cherries,2006,951
Import Quantity,t,Cherries,2007,16792
Import Value,1000 USD,Cherries,2007,78750
Export Quantity,t,Cherries,2007,332
Export Value,1000 USD,Cherries,2007,2225
Import Quantity,t,Cherries,2008,15567
Import Value,1000 USD,Cherries,2008,75591
Export Quantity,t,Cherries,2008,252
Export Value,1000 USD,Cherries,2008,2023
Import Quantity,t,Cherries,2009,17070
Import Value,1000 USD,Cherries,2009,68226
Export Quantity,t,Cherries,2009,147
Export Value,1000 USD,Cherries,2009,895
Import Quantity,t,Cherries,2010,15095
Import Value,1000 USD,Cherries,2010,66988
Export Quantity,t,Cherries,2010,213
Export Value,1000 USD,Cherries,2010,1543
Import Quantity,t,Cherries,2011,18170
Import Value,1000 USD,Cherries,2011,76399
Export Quantity,t,Cherries,2011,209
Export Value,1000 USD,Cherries,2011,1037
Import Quantity,t,Cherries,2012,19072
Import Value,1000 USD,Cherries,2012,86425
Export Quantity,t,Cherries,2012,522
Export Value,1000 USD,Cherries,2012,3074
Import Quantity,t,Cherries,2013,14679
Import Value,1000 USD,Cherries,2013,65217
Export Quantity,t,Cherries,2013,376
Export Value,1000 USD,Cherries,2013,2285
Import Quantity,t,Cherries,2014,18514.1
Import Value,1000 USD,Cherries,2014,74203
Export Quantity,t,Cherries,2014,165.5
Export Value,1000 USD,Cherries,2014,861
Import Quantity,t,Cherries,2015,18085.21
Import Value,1000 USD,Cherries,2015,60916
Export Quantity,t,Cherries,2015,146.63
Export Value,1000 USD,Cherries,2015,856
Import Quantity,t,Cherries,2016,16017.96
Import Value,1000 USD,Cherries,2016,57916
Export Quantity,t,Cherries,2016,91.9
Export Value,1000 USD,Cherries,2016,869
Import Quantity,t,Cherries,2017,15456.92
Import Value,1000 USD,Cherries,2017,49508
Export Quantity,t,Cherries,2017,249.46
Export Value,1000 USD,Cherries,2017,1268
Import Quantity,t,Cherries,2018,14024.51
Import Value,1000 USD,Cherries,2018,48340
Export Quantity,t,Cherries,2018,234.19
Export Value,1000 USD,Cherries,2018,1428
Import Quantity,t,Cherries,2019,12882.73
Import Value,1000 USD,Cherries,2019,46532
Export Quantity,t,Cherries,2019,341.91
Export Value,1000 USD,Cherries,2019,1758
Import Quantity,t,Cherries,2020,12935.98
Import Value,1000 USD,Cherries,2020,46706
Export Quantity,t,Cherries,2020,722.79
Export Value,1000 USD,Cherries,2020,3812
Import Quantity,t,Cherries,2021,14999.74
Import Value,1000 USD,Cherries,2021,64219
Export Quantity,t,Cherries,2021,264.68
Export Value,1000 USD,Cherries,2021,1564
Import Quantity,t,Cherries,2022,14895.05
Import Value,1000 USD,Cherries,2022,71066
Export Quantity,t,Cherries,2022,452.75
Export Value,1000 USD,Cherries,2022,2389
Import Quantity,t,"Chillies and peppers, green (Capsicum spp. and Pimenta spp.)",1961,0
Import Value,1000 USD,"Chillies and peppers, green (Capsicum spp. and Pimenta spp.)",1961,0
Export Quantity,t,"Chillies and peppers, green (Capsicum spp. and Pimenta spp.)",1961,0
Export Value,1000 USD,"Chillies and peppers, green (Capsicum spp. and Pimenta spp.)",1961,0
Import Quantity,t,"Chillies and peppers, green (Capsicum spp. and Pimenta spp.)",1962,0
Import Value,1000 USD,"Chillies and peppers, green (Capsicum spp. and Pimenta spp.)",1962,0
Export Quantity,t,"Chillies and peppers, green (Capsicum spp. and Pimenta spp.)",1962,0
Export Value,1000 USD,"Chillies and peppers, green (Capsicum spp. and Pimenta spp.)",1962,0
Import Quantity,t,"Chillies and peppers, green (Capsicum spp. and Pimenta spp.)",1963,0
Import Value,1000 USD,"Chillies and peppers, green (Capsicum spp. and Pimenta spp.)",1963,0
Export Quantity,t,"Chillies and peppers, green (Capsicum spp. and Pimenta spp.)",1963,0
Export Value,1000 USD,"Chillies and peppers, green (Capsicum spp. and Pimenta spp.)",1963,0
Import Quantity,t,"Chillies and peppers, green (Capsicum spp. and Pimenta spp.)",1964,0
Import Value,1000 USD,"Chillies and peppers, green (Capsicum spp. and Pimenta spp.)",1964,0
Export Quantity,t,"Chillies and peppers, green (Capsicum spp. and Pimenta spp.)",1964,0
Export Value,1000 USD,"Chillies and peppers, green (Capsicum spp. and Pimenta spp.)",1964,0
Import Quantity,t,"Chillies and peppers, green (Capsicum spp. and Pimenta spp.)",1965,0
Import Value,1000 USD,"Chillies and peppers, green (Capsicum spp. and Pimenta spp.)",1965,0
Export Quantity,t,"Chillies and peppers, green (Capsicum spp. and Pimenta spp.)",1965,0
Export Value,1000 USD,"Chillies and peppers, green (Capsicum spp. and Pimenta spp.)",1965,0
Import Quantity,t,"Chillies and peppers, green (Capsicum spp. and Pimenta spp.)",1966,0
Import Value,1000 USD,"Chillies and peppers, green (Capsicum spp. and Pimenta spp.)",1966,0
Export Quantity,t,"Chillies and peppers, green (Capsicum spp. and Pimenta spp.)",1966,0
Export Value,1000 USD,"Chillies and peppers, green (Capsicum spp. and Pimenta spp.)",1966,0
Import Quantity,t,"Chillies and peppers, green (Capsicum spp. and Pimenta spp.)",1967,0
Import Value,1000 USD,"Chillies and peppers, green (Capsicum spp. and Pimenta spp.)",1967,0
Export Quantity,t,"Chillies and peppers, green (Capsicum spp. and Pimenta spp.)",1967,0
Export Value,1000 USD,"Chillies and peppers, green (Capsicum spp. and Pimenta spp.)",1967,0
Import Quantity,t,"Chillies and peppers, green (Capsicum spp. and Pimenta spp.)",1968,0
Import Value,1000 USD,"Chillies and peppers, green (Capsicum spp. and Pimenta spp.)",1968,0
Export Quantity,t,"Chillies and peppers, green (Capsicum spp. and Pimenta spp.)",1968,0
Export Value,1000 USD,"Chillies and peppers, green (Capsicum spp. and Pimenta spp.)",1968,0
Import Quantity,t,"Chillies and peppers, green (Capsicum spp. and Pimenta spp.)",1969,2864
Import Value,1000 USD,"Chillies and peppers, green (Capsicum spp. and Pimenta spp.)",1969,1481
Export Quantity,t,"Chillies and peppers, green (Capsicum spp. and Pimenta spp.)",1969,0
Export Value,1000 USD,"Chillies and peppers, green (Capsicum spp. and Pimenta spp.)",1969,0
Import Quantity,t,"Chillies and peppers, green (Capsicum spp. and Pimenta spp.)",1970,3454
Import Value,1000 USD,"Chillies and peppers, green (Capsicum spp. and Pimenta spp.)",1970,1946
Export Quantity,t,"Chillies and peppers, green (Capsicum spp. and Pimenta spp.)",1970,0
Export Value,1000 USD,"Chillies and peppers, green (Capsicum spp. and Pimenta spp.)",1970,0
Import Quantity,t,"Chillies and peppers, green (Capsicum spp. and Pimenta spp.)",1971,4324
Import Value,1000 USD,"Chillies and peppers, green (Capsicum spp. and Pimenta spp.)",1971,2508
Export Quantity,t,"Chillies and peppers, green (Capsicum spp. and Pimenta spp.)",1971,0
Export Value,1000 USD,"Chillies and peppers, green (Capsicum spp. and Pimenta spp.)",1971,0
Import Quantity,t,"Chillies and peppers, green (Capsicum spp. and Pimenta spp.)",1972,4758
Import Value,1000 USD,"Chillies and peppers, green (Capsicum spp. and Pimenta spp.)",1972,3448
Export Quantity,t,"Chillies and peppers, green (Capsicum spp. and Pimenta spp.)",1972,0
Export Value,1000 USD,"Chillies and peppers, green (Capsicum spp. and Pimenta spp.)",1972,0
Import Quantity,t,"Chillies and peppers, green (Capsicum spp. and Pimenta spp.)",1973,4274
Import Value,1000 USD,"Chillies and peppers, green (Capsicum spp. and Pimenta spp.)",1973,3474
Export Quantity,t,"Chillies and peppers, green (Capsicum spp. and Pimenta spp.)",1973,0
Export Value,1000 USD,"Chillies and peppers, green (Capsicum spp. and Pimenta spp.)",1973,0
Import Quantity,t,"Chillies and peppers, green (Capsicum spp. and Pimenta spp.)",1974,4268
Import Value,1000 USD,"Chillies and peppers, green (Capsicum spp. and Pimenta spp.)",1974,3772
Export Quantity,t,"Chillies and peppers, green (Capsicum spp. and Pimenta spp.)",1974,0
Export Value,1000 USD,"Chillies and peppers, green (Capsicum spp. and Pimenta spp.)",1974,0
Import Quantity,t,"Chillies and peppers, green (Capsicum spp. and Pimenta spp.)",1975,4682
Import Value,1000 USD,"Chillies and peppers, green (Capsicum spp. and Pimenta spp.)",1975,5197
Export Quantity,t,"Chillies and peppers, green (Capsicum spp. and Pimenta spp.)",1975,24
Export Value,1000 USD,"Chillies and peppers, green (Capsicum spp. and Pimenta spp.)",1975,24
Import Quantity,t,"Chillies and peppers, green (Capsicum spp. and Pimenta spp.)",1976,5888
Import Value,1000 USD,"Chillies and peppers, green (Capsicum spp. and Pimenta spp.)",1976,5553
Export Quantity,t,"Chillies and peppers, green (Capsicum spp. and Pimenta spp.)",1976,70
Export Value,1000 USD,"Chillies and peppers, green (Capsicum spp. and Pimenta spp.)",1976,72
Import Quantity,t,"Chillies and peppers, green (Capsicum spp. and Pimenta spp.)",1977,6613
Import Value,1000 USD,"Chillies and peppers, green (Capsicum spp. and Pimenta spp.)",1977,7120
Export Quantity,t,"Chillies and peppers, green (Capsicum spp. and Pimenta spp.)",1977,66
Export Value,1000 USD,"Chillies and peppers, green (Capsicum spp. and Pimenta spp.)",1977,73
Import Quantity,t,"Chillies and peppers, green (Capsicum spp. and Pimenta spp.)",1978,9716
Import Value,1000 USD,"Chillies and peppers, green (Capsicum spp. and Pimenta spp.)",1978,11601
Export Quantity,t,"Chillies and peppers, green (Capsicum spp. and Pimenta spp.)",1978,751
Export Value,1000 USD,"Chillies and peppers, green (Capsicum spp. and Pimenta spp.)",1978,367
Import Quantity,t,"Chillies and peppers, green (Capsicum spp. and Pimenta spp.)",1979,11283
Import Value,1000 USD,"Chillies and peppers, green (Capsicum spp. and Pimenta spp.)",1979,16231
Export Quantity,t,"Chillies and peppers, green (Capsicum spp. and Pimenta spp.)",1979,141
Export Value,1000 USD,"Chillies and peppers, green (Capsicum spp. and Pimenta spp.)",1979,212
Import Quantity,t,"Chillies and peppers, green (Capsicum spp. and Pimenta spp.)",1980,13590
Import Value,1000 USD,"Chillies and peppers, green (Capsicum spp. and Pimenta spp.)",1980,23527
Export Quantity,t,"Chillies and peppers, green (Capsicum spp. and Pimenta spp.)",1980,142
Export Value,1000 USD,"Chillies and peppers, green (Capsicum spp. and Pimenta spp.)",1980,186
Import Quantity,t,"Chillies and peppers, green (Capsicum spp. and Pimenta spp.)",1981,17136
Import Value,1000 USD,"Chillies and peppers, green (Capsicum spp. and Pimenta spp.)",1981,24719
Export Quantity,t,"Chillies and peppers, green (Capsicum spp. and Pimenta spp.)",1981,164
Export Value,1000 USD,"Chillies and peppers, green (Capsicum spp. and Pimenta spp.)",1981,189
Import Quantity,t,"Chillies and peppers, green (Capsicum spp. and Pimenta spp.)",1982,19838
Import Value,1000 USD,"Chillies and peppers, green (Capsicum spp. and Pimenta spp.)",1982,21159
Export Quantity,t,"Chillies and peppers, green (Capsicum spp. and Pimenta spp.)",1982,461
Export Value,1000 USD,"Chillies and peppers, green (Capsicum spp. and Pimenta spp.)",1982,494
Import Quantity,t,"Chillies and peppers, green (Capsicum spp. and Pimenta spp.)",1983,20930
Import Value,1000 USD,"Chillies and peppers, green (Capsicum spp. and Pimenta spp.)",1983,22265
Export Quantity,t,"Chillies and peppers, green (Capsicum spp. and Pimenta spp.)",1983,433
Export Value,1000 USD,"Chillies and peppers, green (Capsicum spp. and Pimenta spp.)",1983,468
Import Quantity,t,"Chillies and peppers, green (Capsicum spp. and Pimenta spp.)",1984,25454
Import Value,1000 USD,"Chillies and peppers, green (Capsicum spp. and Pimenta spp.)",1984,24481
Export Quantity,t,"Chillies and peppers, green (Capsicum spp. and Pimenta spp.)",1984,404
Export Value,1000 USD,"Chillies and peppers, green (Capsicum spp. and Pimenta spp.)",1984,398
Import Quantity,t,"Chillies and peppers, green (Capsicum spp. and Pimenta spp.)",1985,31353
Import Value,1000 USD,"Chillies and peppers, green (Capsicum spp. and Pimenta spp.)",1985,26341
Export Quantity,t,"Chillies and peppers, green (Capsicum spp. and Pimenta spp.)",1985,443
Export Value,1000 USD,"Chillies and peppers, green (Capsicum spp. and Pimenta spp.)",1985,534
Import Quantity,t,"Chillies and peppers, green (Capsicum spp. and Pimenta spp.)",1986,33027
Import Value,1000 USD,"Chillies and peppers, green (Capsicum spp. and Pimenta spp.)",1986,36025
Export Quantity,t,"Chillies and peppers, green (Capsicum spp. and Pimenta spp.)",1986,458
Export Value,1000 USD,"Chillies and peppers, green (Capsicum spp. and Pimenta spp.)",1986,544
Import Quantity,t,"Chillies and peppers, green (Capsicum spp. and Pimenta spp.)",1987,36670
Import Value,1000 USD,"Chillies and peppers, green (Capsicum spp. and Pimenta spp.)",1987,48736
Export Quantity,t,"Chillies and peppers, green (Capsicum spp. and Pimenta spp.)",1987,853
Export Value,1000 USD,"Chillies and peppers, green (Capsicum spp. and Pimenta spp.)",1987,1174
Import Quantity,t,"Chillies and peppers, green (Capsicum spp. and Pimenta spp.)",1988,42978
Import Value,1000 USD,"Chillies and peppers, green (Capsicum spp. and Pimenta spp.)",1988,66122
Export Quantity,t,"Chillies and peppers, green (Capsicum spp. and Pimenta spp.)",1988,276
Export Value,1000 USD,"Chillies and peppers, green (Capsicum spp. and Pimenta spp.)",1988,528
Import Quantity,t,"Chillies and peppers, green (Capsicum spp. and Pimenta spp.)",1989,43000
Import Value,1000 USD,"Chillies and peppers, green (Capsicum spp. and Pimenta spp.)",1989,66685
Export Quantity,t,"Chillies and peppers, green (Capsicum spp. and Pimenta spp.)",1989,266
Export Value,1000 USD,"Chillies and peppers, green (Capsicum spp. and Pimenta spp.)",1989,607
Import Quantity,t,"Chillies and peppers, green (Capsicum spp. and Pimenta spp.)",1990,42042
Import Value,1000 USD,"Chillies and peppers, green (Capsicum spp. and Pimenta spp.)",1990,86386
Export Quantity,t,"Chillies and peppers, green (Capsicum spp. and Pimenta spp.)",1990,221
Export Value,1000 USD,"Chillies and peppers, green (Capsicum spp. and Pimenta spp.)",1990,435
Import Quantity,t,"Chillies and peppers, green (Capsicum spp. and Pimenta spp.)",1991,46301
Import Value,1000 USD,"Chillies and peppers, green (Capsicum spp. and Pimenta spp.)",1991,93350
Export Quantity,t,"Chillies and peppers, green (Capsicum spp. and Pimenta spp.)",1991,161
Export Value,1000 USD,"Chillies and peppers, green (Capsicum spp. and Pimenta spp.)",1991,351
Import Quantity,t,"Chillies and peppers, green (Capsicum spp. and Pimenta spp.)",1992,51638
Import Value,1000 USD,"Chillies and peppers, green (Capsicum spp. and Pimenta spp.)",1992,101412
Export Quantity,t,"Chillies and peppers, green (Capsicum spp. and Pimenta spp.)",1992,167
Export Value,1000 USD,"Chillies and peppers, green (Capsicum spp. and Pimenta spp.)",1992,313
Import Quantity,t,"Chillies and peppers, green (Capsicum spp. and Pimenta spp.)",1993,43979
Import Value,1000 USD,"Chillies and peppers, green (Capsicum spp. and Pimenta spp.)",1993,85972
Export Quantity,t,"Chillies and peppers, green (Capsicum spp. and Pimenta spp.)",1993,129
Export Value,1000 USD,"Chillies and peppers, green (Capsicum spp. and Pimenta spp.)",1993,311
Import Quantity,t,"Chillies and peppers, green (Capsicum spp. and Pimenta spp.)",1994,53712
Import Value,1000 USD,"Chillies and peppers, green (Capsicum spp. and Pimenta spp.)",1994,114667
Export Quantity,t,"Chillies and peppers, green (Capsicum spp. and Pimenta spp.)",1994,93
Export Value,1000 USD,"Chillies and peppers, green (Capsicum spp. and Pimenta spp.)",1994,230
Import Quantity,t,"Chillies and peppers, green (Capsicum spp. and Pimenta spp.)",1995,45590
Import Value,1000 USD,"Chillies and peppers, green (Capsicum spp. and Pimenta spp.)",1995,100680
Export Quantity,t,"Chillies and peppers, green (Capsicum spp. and Pimenta spp.)",1995,78
Export Value,1000 USD,"Chillies and peppers, green (Capsicum spp. and Pimenta spp.)",1995,234
Import Quantity,t,"Chillies and peppers, green (Capsicum spp. and Pimenta spp.)",1996,57819
Import Value,1000 USD,"Chillies and peppers, green (Capsicum spp. and Pimenta spp.)",1996,118274
Export Quantity,t,"Chillies and peppers, green (Capsicum spp. and Pimenta spp.)",1996,278
Export Value,1000 USD,"Chillies and peppers, green (Capsicum spp. and Pimenta spp.)",1996,661
Import Quantity,t,"Chillies and peppers, green (Capsicum spp. and Pimenta spp.)",1997,65294
Import Value,1000 USD,"Chillies and peppers, green (Capsicum spp. and Pimenta spp.)",1997,135508
Export Quantity,t,"Chillies and peppers, green (Capsicum spp. and Pimenta spp.)",1997,280
Export Value,1000 USD,"Chillies and peppers, green (Capsicum spp. and Pimenta spp.)",1997,701
Import Quantity,t,"Chillies and peppers, green (Capsicum spp. and Pimenta spp.)",1998,76048
Import Value,1000 USD,"Chillies and peppers, green (Capsicum spp. and Pimenta spp.)",1998,160427
Export Quantity,t,"Chillies and peppers, green (Capsicum spp. and Pimenta spp.)",1998,359
Export Value,1000 USD,"Chillies and peppers, green (Capsicum spp. and Pimenta spp.)",1998,983
Import Quantity,t,"Chillies and peppers, green (Capsicum spp. and Pimenta spp.)",1999,85183
Import Value,1000 USD,"Chillies and peppers, green (Capsicum spp. and Pimenta spp.)",1999,153696
Export Quantity,t,"Chillies and peppers, green (Capsicum spp. and Pimenta spp.)",1999,872
Export Value,1000 USD,"Chillies and peppers, green (Capsicum spp. and Pimenta spp.)",1999,2170
Import Quantity,t,"Chillies and peppers, green (Capsicum spp. and Pimenta spp.)",2000,88073
Import Value,1000 USD,"Chillies and peppers, green (Capsicum spp. and Pimenta spp.)",2000,159016
Export Quantity,t,"Chillies and peppers, green (Capsicum spp. and Pimenta spp.)",2000,124
Export Value,1000 USD,"Chillies and peppers, green (Capsicum spp. and Pimenta spp.)",2000,444
Import Quantity,t,"Chillies and peppers, green (Capsicum spp. and Pimenta spp.)",2001,90230
Import Value,1000 USD,"Chillies and peppers, green (Capsicum spp. and Pimenta spp.)",2001,168789
Export Quantity,t,"Chillies and peppers, green (Capsicum spp. and Pimenta spp.)",2001,449
Export Value,1000 USD,"Chillies and peppers, green (Capsicum spp. and Pimenta spp.)",2001,1224
Import Quantity,t,"Chillies and peppers, green (Capsicum spp. and Pimenta spp.)",2002,93988
Import Value,1000 USD,"Chillies and peppers, green (Capsicum spp. and Pimenta spp.)",2002,168985
Export Quantity,t,"Chillies and peppers, green (Capsicum spp. and Pimenta spp.)",2002,250
Export Value,1000 USD,"Chillies and peppers, green (Capsicum spp. and Pimenta spp.)",2002,2154
Import Quantity,t,"Chillies and peppers, green (Capsicum spp. and Pimenta spp.)",2003,99823
Import Value,1000 USD,"Chillies and peppers, green (Capsicum spp. and Pimenta spp.)",2003,222045
Export Quantity,t,"Chillies and peppers, green (Capsicum spp. and Pimenta spp.)",2003,511
Export Value,1000 USD,"Chillies and peppers, green (Capsicum spp. and Pimenta spp.)",2003,1759
Import Quantity,t,"Chillies and peppers, green (Capsicum spp. and Pimenta spp.)",2004,115984
Import Value,1000 USD,"Chillies and peppers, green (Capsicum spp. and Pimenta spp.)",2004,269291
Export Quantity,t,"Chillies and peppers, green (Capsicum spp. and Pimenta spp.)",2004,750
Export Value,1000 USD,"Chillies and peppers, green (Capsicum spp. and Pimenta spp.)",2004,2645
Import Quantity,t,"Chillies and peppers, green (Capsicum spp. and Pimenta spp.)",2005,154251
Import Value,1000 USD,"Chillies and peppers, green (Capsicum spp. and Pimenta spp.)",2005,284647
Export Quantity,t,"Chillies and peppers, green (Capsicum spp. and Pimenta spp.)",2005,849
Export Value,1000 USD,"Chillies and peppers, green (Capsicum spp. and Pimenta spp.)",2005,3025
Import Quantity,t,"Chillies and peppers, green (Capsicum spp. and Pimenta spp.)",2006,140342
Import Value,1000 USD,"Chillies and peppers, green (Capsicum spp. and Pimenta spp.)",2006,316288
Export Quantity,t,"Chillies and peppers, green (Capsicum spp. and Pimenta spp.)",2006,604
Export Value,1000 USD,"Chillies and peppers, green (Capsicum spp. and Pimenta spp.)",2006,2676
Import Quantity,t,"Chillies and peppers, green (Capsicum spp. and Pimenta spp.)",2007,148082
Import Value,1000 USD,"Chillies and peppers, green (Capsicum spp. and Pimenta spp.)",2007,416366
Export Quantity,t,"Chillies and peppers, green (Capsicum spp. and Pimenta spp.)",2007,521
Export Value,1000 USD,"Chillies and peppers, green (Capsicum spp. and Pimenta spp.)",2007,3011
Import Quantity,t,"Chillies and peppers, green (Capsicum spp. and Pimenta spp.)",2008,150139
Import Value,1000 USD,"Chillies and peppers, green (Capsicum spp. and Pimenta spp.)",2008,396970
Export Quantity,t,"Chillies and peppers, green (Capsicum spp. and Pimenta spp.)",2008,638
Export Value,1000 USD,"Chillies and peppers, green (Capsicum spp. and Pimenta spp.)",2008,4171
Import Quantity,t,"Chillies and peppers, green (Capsicum spp. and Pimenta spp.)",2009,136874
Import Value,1000 USD,"Chillies and peppers, green (Capsicum spp. and Pimenta spp.)",2009,292706
Export Quantity,t,"Chillies and peppers, green (Capsicum spp. and Pimenta spp.)",2009,746
Export Value,1000 USD,"Chillies and peppers, green (Capsicum spp. and Pimenta spp.)",2009,3510
Import Quantity,t,"Chillies and peppers, green (Capsicum spp. and Pimenta spp.)",2010,144553
Import Value,1000 USD,"Chillies and peppers, green (Capsicum spp. and Pimenta spp.)",2010,347537
Export Quantity,t,"Chillies and peppers, green (Capsicum spp. and Pimenta spp.)",2010,692
Export Value,1000 USD,"Chillies and peppers, green (Capsicum spp. and Pimenta spp.)",2010,3564
Import Quantity,t,"Chillies and peppers, green (Capsicum spp. and Pimenta spp.)",2011,157134
Import Value,1000 USD,"Chillies and peppers, green (Capsicum spp. and Pimenta spp.)",2011,375007
Export Quantity,t,"Chillies and peppers, green (Capsicum spp. and Pimenta spp.)",2011,715
Export Value,1000 USD,"Chillies and peppers, green (Capsicum spp. and Pimenta spp.)",2011,3419
Import Quantity,t,"Chillies and peppers, green (Capsicum spp. and Pimenta spp.)",2012,169620
Import Value,1000 USD,"Chillies and peppers, green (Capsicum spp. and Pimenta spp.)",2012,371671
Export Quantity,t,"Chillies and peppers, green (Capsicum spp. and Pimenta spp.)",2012,2424
Export Value,1000 USD,"Chillies and peppers, green (Capsicum spp. and Pimenta spp.)",2012,6321
Import Quantity,t,"Chillies and peppers, green (Capsicum spp. and Pimenta spp.)",2013,188179
Import Value,1000 USD,"Chillies and peppers, green (Capsicum spp. and Pimenta spp.)",2013,429218
Export Quantity,t,"Chillies and peppers, green (Capsicum spp. and Pimenta spp.)",2013,1284
Export Value,1000 USD,"Chillies and peppers, green (Capsicum spp. and Pimenta spp.)",2013,5233
Import Quantity,t,"Chillies and peppers, green (Capsicum spp. and Pimenta spp.)",2014,188941.9
Import Value,1000 USD,"Chillies and peppers, green (Capsicum spp. and Pimenta spp.)",2014,410443
Export Quantity,t,"Chillies and peppers, green (Capsicum spp. and Pimenta spp.)",2014,2210.87
Export Value,1000 USD,"Chillies and peppers, green (Capsicum spp. and Pimenta spp.)",2014,8425
Import Quantity,t,"Chillies and peppers, green (Capsicum spp. and Pimenta spp.)",2015,192921.06
Import Value,1000 USD,"Chillies and peppers, green (Capsicum spp. and Pimenta spp.)",2015,374259
Export Quantity,t,"Chillies and peppers, green (Capsicum spp. and Pimenta spp.)",2015,2767.46
Export Value,1000 USD,"Chillies and peppers, green (Capsicum spp. and Pimenta spp.)",2015,9461
Import Quantity,t,"Chillies and peppers, green (Capsicum spp. and Pimenta spp.)",2016,217449.2
Import Value,1000 USD,"Chillies and peppers, green (Capsicum spp. and Pimenta spp.)",2016,395357
Export Quantity,t,"Chillies and peppers, green (Capsicum spp. and Pimenta spp.)",2016,3387.95
Export Value,1000 USD,"Chillies and peppers, green (Capsicum spp. and Pimenta spp.)",2016,10089
Import Quantity,t,"Chillies and peppers, green (Capsicum spp. and Pimenta spp.)",2017,214845.77
Import Value,1000 USD,"Chillies and peppers, green (Capsicum spp. and Pimenta spp.)",2017,405951
Export Quantity,t,"Chillies and peppers, green (Capsicum spp. and Pimenta spp.)",2017,2881.8
Export Value,1000 USD,"Chillies and peppers, green (Capsicum spp. and Pimenta spp.)",2017,9699
Import Quantity,t,"Chillies and peppers, green (Capsicum spp. and Pimenta spp.)",2018,210463.77
Import Value,1000 USD,"Chillies and peppers, green (Capsicum spp. and Pimenta spp.)",2018,397418
Export Quantity,t,"Chillies and peppers, green (Capsicum spp. and Pimenta spp.)",2018,2880.15
Export Value,1000 USD,"Chillies and peppers, green (Capsicum spp. and Pimenta spp.)",2018,10815
Import Quantity,t,"Chillies and peppers, green (Capsicum spp. and Pimenta spp.)",2019,221763.74
Import Value,1000 USD,"Chillies and peppers, green (Capsicum spp. and Pimenta spp.)",2019,431018
Export Quantity,t,"Chillies and peppers, green (Capsicum spp. and Pimenta spp.)",2019,2382.87
Export Value,1000 USD,"Chillies and peppers, green (Capsicum spp. and Pimenta spp.)",2019,7401
Import Quantity,t,"Chillies and peppers, green (Capsicum spp. and Pimenta spp.)",2020,256690.68
Import Value,1000 USD,"Chillies and peppers, green (Capsicum spp. and Pimenta spp.)",2020,521616
Export Quantity,t,"Chillies and peppers, green (Capsicum spp. and Pimenta spp.)",2020,1230.67
Export Value,1000 USD,"Chillies and peppers, green (Capsicum spp. and Pimenta spp.)",2020,3701
Import Quantity,t,"Chillies and peppers, green (Capsicum spp. and Pimenta spp.)",2021,228709.65
Import Value,1000 USD,"Chillies and peppers, green (Capsicum spp. and Pimenta spp.)",2021,496360
Export Quantity,t,"Chillies and peppers, green (Capsicum spp. and Pimenta spp.)",2021,499.88
Export Value,1000 USD,"Chillies and peppers, green (Capsicum spp. and Pimenta spp.)",2021,1978
Import Quantity,t,"Chillies and peppers, green (Capsicum spp. and Pimenta spp.)",2022,240965.99
Import Value,1000 USD,"Chillies and peppers, green (Capsicum spp. and Pimenta spp.)",2022,517827
Export Quantity,t,"Chillies and peppers, green (Capsicum spp. and Pimenta spp.)",2022,385.54
Export Value,1000 USD,"Chillies and peppers, green (Capsicum spp. and Pimenta spp.)",2022,1815
Import Quantity,t,Chocolate products nes,1961,40627
Import Value,1000 USD,Chocolate products nes,1961,19426
Export Quantity,t,Chocolate products nes,1961,17139
Export Value,1000 USD,Chocolate products nes,1961,17632
Import Quantity,t,Chocolate products nes,1962,43196
Import Value,1000 USD,Chocolate products nes,1962,19513
Export Quantity,t,Chocolate products nes,1962,22685
Export Value,1000 USD,Chocolate products nes,1962,20266
Import Quantity,t,Chocolate products nes,1963,40769
Import Value,1000 USD,Chocolate products nes,1963,17968
Export Quantity,t,Chocolate products nes,1963,28779
Export Value,1000 USD,Chocolate products nes,1963,24264
Import Quantity,t,Chocolate products nes,1964,41929
Import Value,1000 USD,Chocolate products nes,1964,21577
Export Quantity,t,Chocolate products nes,1964,25069
Export Value,1000 USD,Chocolate products nes,1964,24140
Import Quantity,t,Chocolate products nes,1965,41441
Import Value,1000 USD,Chocolate products nes,1965,20790
Export Quantity,t,Chocolate products nes,1965,25312
Export Value,1000 USD,Chocolate products nes,1965,25186
Import Quantity,t,Chocolate products nes,1966,50544
Import Value,1000 USD,Chocolate products nes,1966,24200
Export Quantity,t,Chocolate products nes,1966,26041
Export Value,1000 USD,Chocolate products nes,1966,25065
Import Quantity,t,Chocolate products nes,1967,53894
Import Value,1000 USD,Chocolate products nes,1967,27059
Export Quantity,t,Chocolate products nes,1967,32426
Export Value,1000 USD,Chocolate products nes,1967,27994
Import Quantity,t,Chocolate products nes,1968,58249
Import Value,1000 USD,Chocolate products nes,1968,28805
Export Quantity,t,Chocolate products nes,1968,36421
Export Value,1000 USD,Chocolate products nes,1968,29688
Import Quantity,t,Chocolate products nes,1969,54652
Import Value,1000 USD,Chocolate products nes,1969,28809
Export Quantity,t,Chocolate products nes,1969,41497
Export Value,1000 USD,Chocolate products nes,1969,36301
Import Quantity,t,Chocolate products nes,1970,51784
Import Value,1000 USD,Chocolate products nes,1970,30250
Export Quantity,t,Chocolate products nes,1970,43167
Export Value,1000 USD,Chocolate products nes,1970,40033
Import Quantity,t,Chocolate products nes,1971,47641
Import Value,1000 USD,Chocolate products nes,1971,29366
Export Quantity,t,Chocolate products nes,1971,46096
Export Value,1000 USD,Chocolate products nes,1971,46635
Import Quantity,t,Chocolate products nes,1972,48267
Import Value,1000 USD,Chocolate products nes,1972,34643
Export Quantity,t,Chocolate products nes,1972,50589
Export Value,1000 USD,Chocolate products nes,1972,57423
Import Quantity,t,Chocolate products nes,1973,56723
Import Value,1000 USD,Chocolate products nes,1973,45649
Export Quantity,t,Chocolate products nes,1973,50818
Export Value,1000 USD,Chocolate products nes,1973,62550
Import Quantity,t,Chocolate products nes,1974,56544
Import Value,1000 USD,Chocolate products nes,1974,61378
Export Quantity,t,Chocolate products nes,1974,55353
Export Value,1000 USD,Chocolate products nes,1974,86222
Import Quantity,t,Chocolate products nes,1975,45774
Import Value,1000 USD,Chocolate products nes,1975,63068
Export Quantity,t,Chocolate products nes,1975,47036
Export Value,1000 USD,Chocolate products nes,1975,94568
Import Quantity,t,Chocolate products nes,1976,49137
Import Value,1000 USD,Chocolate products nes,1976,63398
Export Quantity,t,Chocolate products nes,1976,60361
Export Value,1000 USD,Chocolate products nes,1976,102983
Import Quantity,t,Chocolate products nes,1977,52689
Import Value,1000 USD,Chocolate products nes,1977,86333
Export Quantity,t,Chocolate products nes,1977,84540
Export Value,1000 USD,Chocolate products nes,1977,171815
Import Quantity,t,Chocolate products nes,1978,60800
Import Value,1000 USD,Chocolate products nes,1978,138211
Export Quantity,t,Chocolate products nes,1978,94545
Export Value,1000 USD,Chocolate products nes,1978,232057
Import Quantity,t,Chocolate products nes,1979,57907
Import Value,1000 USD,Chocolate products nes,1979,152867
Export Quantity,t,Chocolate products nes,1979,89214
Export Value,1000 USD,Chocolate products nes,1979,260314
Import Quantity,t,Chocolate products nes,1980,51654
Import Value,1000 USD,Chocolate products nes,1980,163039
Export Quantity,t,Chocolate products nes,1980,81255
Export Value,1000 USD,Chocolate products nes,1980,294014
Import Quantity,t,Chocolate products nes,1981,55259
Import Value,1000 USD,Chocolate products nes,1981,146353
Export Quantity,t,Chocolate products nes,1981,75957
Export Value,1000 USD,Chocolate products nes,1981,240302
Import Quantity,t,Chocolate products nes,1982,74891
Import Value,1000 USD,Chocolate products nes,1982,176932
Export Quantity,t,Chocolate products nes,1982,71440
Export Value,1000 USD,Chocolate products nes,1982,212869
Import Quantity,t,Chocolate products nes,1983,82166
Import Value,1000 USD,Chocolate products nes,1983,187665
Export Quantity,t,Chocolate products nes,1983,76876
Export Value,1000 USD,Chocolate products nes,1983,206069
Import Quantity,t,Chocolate products nes,1984,86448
Import Value,1000 USD,Chocolate products nes,1984,184422
Export Quantity,t,Chocolate products nes,1984,78377
Export Value,1000 USD,Chocolate products nes,1984,197522
Import Quantity,t,Chocolate products nes,1985,90747
Import Value,1000 USD,Chocolate products nes,1985,207112
Export Quantity,t,Chocolate products nes,1985,77488
Export Value,1000 USD,Chocolate products nes,1985,196258
Import Quantity,t,Chocolate products nes,1986,97158
Import Value,1000 USD,Chocolate products nes,1986,272598
Export Quantity,t,Chocolate products nes,1986,71319
Export Value,1000 USD,Chocolate products nes,1986,211228
Import Quantity,t,Chocolate products nes,1987,108060
Import Value,1000 USD,Chocolate products nes,1987,329976
Export Quantity,t,Chocolate products nes,1987,82934
Export Value,1000 USD,Chocolate products nes,1987,268124
Import Quantity,t,Chocolate products nes,1988,106321
Import Value,1000 USD,Chocolate products nes,1988,344901
Export Quantity,t,Chocolate products nes,1988,80385
Export Value,1000 USD,Chocolate products nes,1988,288022
Import Quantity,t,Chocolate products nes,1989,121117
Import Value,1000 USD,Chocolate products nes,1989,362320
Export Quantity,t,Chocolate products nes,1989,91062
Export Value,1000 USD,Chocolate products nes,1989,296506
Import Quantity,t,Chocolate products nes,1990,130196
Import Value,1000 USD,Chocolate products nes,1990,440008
Export Quantity,t,Chocolate products nes,1990,101899
Export Value,1000 USD,Chocolate products nes,1990,392458
Import Quantity,t,Chocolate products nes,1991,135934
Import Value,1000 USD,Chocolate products nes,1991,447500
Export Quantity,t,Chocolate products nes,1991,109097
Export Value,1000 USD,Chocolate products nes,1991,435804
Import Quantity,t,Chocolate products nes,1992,146644
Import Value,1000 USD,Chocolate products nes,1992,503350
Export Quantity,t,Chocolate products nes,1992,122476
Export Value,1000 USD,Chocolate products nes,1992,492555
Import Quantity,t,Chocolate products nes,1993,131499
Import Value,1000 USD,Chocolate products nes,1993,421636
Export Quantity,t,Chocolate products nes,1993,136647
Export Value,1000 USD,Chocolate products nes,1993,473620
Import Quantity,t,Chocolate products nes,1994,155997
Import Value,1000 USD,Chocolate products nes,1994,534884
Export Quantity,t,Chocolate products nes,1994,150605
Export Value,1000 USD,Chocolate products nes,1994,548409
Import Quantity,t,Chocolate products nes,1995,141777
Import Value,1000 USD,Chocolate products nes,1995,511830
Export Quantity,t,Chocolate products nes,1995,144190
Export Value,1000 USD,Chocolate products nes,1995,571654
Import Quantity,t,Chocolate products nes,1996,142961
Import Value,1000 USD,Chocolate products nes,1996,534737
Export Quantity,t,Chocolate products nes,1996,155733
Export Value,1000 USD,Chocolate products nes,1996,601085
Import Quantity,t,Chocolate products nes,1997,142519
Import Value,1000 USD,Chocolate products nes,1997,517691
Export Quantity,t,Chocolate products nes,1997,150330
Export Value,1000 USD,Chocolate products nes,1997,579679
Import Quantity,t,Chocolate products nes,1998,153010
Import Value,1000 USD,Chocolate products nes,1998,537185
Export Quantity,t,Chocolate products nes,1998,148761
Export Value,1000 USD,Chocolate products nes,1998,574943
Import Quantity,t,Chocolate products nes,1999,172011
Import Value,1000 USD,Chocolate products nes,1999,620247
Export Quantity,t,Chocolate products nes,1999,129937
Export Value,1000 USD,Chocolate products nes,1999,506302
Import Quantity,t,Chocolate products nes,2000,182203
Import Value,1000 USD,Chocolate products nes,2000,584626
Export Quantity,t,Chocolate products nes,2000,135217
Export Value,1000 USD,Chocolate products nes,2000,508093
Import Quantity,t,Chocolate products nes,2001,187729
Import Value,1000 USD,Chocolate products nes,2001,561463
Export Quantity,t,Chocolate products nes,2001,134523
Export Value,1000 USD,Chocolate products nes,2001,433507
Import Quantity,t,Chocolate products nes,2002,220098
Import Value,1000 USD,Chocolate products nes,2002,646835
Export Quantity,t,Chocolate products nes,2002,139626
Export Value,1000 USD,Chocolate products nes,2002,453813
Import Quantity,t,Chocolate products nes,2003,213466
Import Value,1000 USD,Chocolate products nes,2003,730831
Export Quantity,t,Chocolate products nes,2003,121787
Export Value,1000 USD,Chocolate products nes,2003,461600
Import Quantity,t,Chocolate products nes,2004,231783
Import Value,1000 USD,Chocolate products nes,2004,926155
Export Quantity,t,Chocolate products nes,2004,116680
Export Value,1000 USD,Chocolate products nes,2004,497967
Import Quantity,t,Chocolate products nes,2005,299003
Import Value,1000 USD,Chocolate products nes,2005,1075321
Export Quantity,t,Chocolate products nes,2005,123622
Export Value,1000 USD,Chocolate products nes,2005,548460
Import Quantity,t,Chocolate products nes,2006,316189
Import Value,1000 USD,Chocolate products nes,2006,1124786
Export Quantity,t,Chocolate products nes,2006,127878
Export Value,1000 USD,Chocolate products nes,2006,567825
Import Quantity,t,Chocolate products nes,2007,338950
Import Value,1000 USD,Chocolate products nes,2007,1373218
Export Quantity,t,Chocolate products nes,2007,126276
Export Value,1000 USD,Chocolate products nes,2007,649095
Import Quantity,t,Chocolate products nes,2008,280328
Import Value,1000 USD,Chocolate products nes,2008,1445700
Export Quantity,t,Chocolate products nes,2008,115348
Export Value,1000 USD,Chocolate products nes,2008,670221
Import Quantity,t,Chocolate products nes,2009,275203
Import Value,1000 USD,Chocolate products nes,2009,1420300
Export Quantity,t,Chocolate products nes,2009,109021
Export Value,1000 USD,Chocolate products nes,2009,572882
Import Quantity,t,Chocolate products nes,2010,294195
Import Value,1000 USD,Chocolate products nes,2010,1524759
Export Quantity,t,Chocolate products nes,2010,114188
Export Value,1000 USD,Chocolate products nes,2010,584586
Import Quantity,t,Chocolate products nes,2011,322276
Import Value,1000 USD,Chocolate products nes,2011,1676029
Export Quantity,t,Chocolate products nes,2011,121081
Export Value,1000 USD,Chocolate products nes,2011,704459
Import Quantity,t,Chocolate products nes,2012,340711
Import Value,1000 USD,Chocolate products nes,2012,1742388
Export Quantity,t,Chocolate products nes,2012,145469
Export Value,1000 USD,Chocolate products nes,2012,831375
Import Quantity,t,Chocolate products nes,2013,374532
Import Value,1000 USD,Chocolate products nes,2013,1890076
Export Quantity,t,Chocolate products nes,2013,153522
Export Value,1000 USD,Chocolate products nes,2013,895787
Import Quantity,t,Chocolate products nes,2014,376534.93
Import Value,1000 USD,Chocolate products nes,2014,2146391
Export Quantity,t,Chocolate products nes,2014,146698.42
Export Value,1000 USD,Chocolate products nes,2014,920563
Import Quantity,t,Chocolate products nes,2015,410880.02
Import Value,1000 USD,Chocolate products nes,2015,1967401
Export Quantity,t,Chocolate products nes,2015,150243.91
Export Value,1000 USD,Chocolate products nes,2015,847539
Import Quantity,t,Chocolate products nes,2016,428127.61
Import Value,1000 USD,Chocolate products nes,2016,1861486
Export Quantity,t,Chocolate products nes,2016,162071.12
Export Value,1000 USD,Chocolate products nes,2016,852027
Import Quantity,t,Chocolate products nes,2017,421487.88
Import Value,1000 USD,Chocolate products nes,2017,1913306
Export Quantity,t,Chocolate products nes,2017,165121.74
Export Value,1000 USD,Chocolate products nes,2017,878315
Import Quantity,t,Chocolate products nes,2018,432231.44
Import Value,1000 USD,Chocolate products nes,2018,2057707
Export Quantity,t,Chocolate products nes,2018,170781.42
Export Value,1000 USD,Chocolate products nes,2018,952064
Import Quantity,t,Chocolate products nes,2019,433550.76
Import Value,1000 USD,Chocolate products nes,2019,1994150
Export Quantity,t,Chocolate products nes,2019,187033.96
Export Value,1000 USD,Chocolate products nes,2019,958625
Import Quantity,t,Chocolate products nes,2020,494930.16
Import Value,1000 USD,Chocolate products nes,2020,2264482
Export Quantity,t,Chocolate products nes,2020,188748.59
Export Value,1000 USD,Chocolate products nes,2020,1010393
Import Quantity,t,Chocolate products nes,2021,478749.35
Import Value,1000 USD,Chocolate products nes,2021,2374385
Export Quantity,t,Chocolate products nes,2021,168558.79
Export Value,1000 USD,Chocolate products nes,2021,1024315
Import Quantity,t,Chocolate products nes,2022,535844.48
Import Value,1000 USD,Chocolate products nes,2022,2654573
Export Quantity,t,Chocolate products nes,2022,170616.37
Export Value,1000 USD,Chocolate products nes,2022,1010132
Import Quantity,t,Cigarettes,1961,380
Import Value,1000 USD,Cigarettes,1961,1462
Export Quantity,t,Cigarettes,1961,12942
Export Value,1000 USD,Cigarettes,1961,48101
Import Quantity,t,Cigarettes,1962,417
Import Value,1000 USD,Cigarettes,1962,1634
Export Quantity,t,Cigarettes,1962,11521
Export Value,1000 USD,Cigarettes,1962,42424
Import Quantity,t,Cigarettes,1963,368
Import Value,1000 USD,Cigarettes,1963,1626
Export Quantity,t,Cigarettes,1963,11882
Export Value,1000 USD,Cigarettes,1963,45678
Import Quantity,t,Cigarettes,1964,493
Import Value,1000 USD,Cigarettes,1964,2020
Export Quantity,t,Cigarettes,1964,10664
Export Value,1000 USD,Cigarettes,1964,41611
Import Quantity,t,Cigarettes,1965,474
Import Value,1000 USD,Cigarettes,1965,1938
Export Quantity,t,Cigarettes,1965,12929
Export Value,1000 USD,Cigarettes,1965,49839
Import Quantity,t,Cigarettes,1966,600
Import Value,1000 USD,Cigarettes,1966,2514
Export Quantity,t,Cigarettes,1966,14310
Export Value,1000 USD,Cigarettes,1966,54934
Import Quantity,t,Cigarettes,1967,692
Import Value,1000 USD,Cigarettes,1967,3056
Export Quantity,t,Cigarettes,1967,15134
Export Value,1000 USD,Cigarettes,1967,58031
Import Quantity,t,Cigarettes,1968,708
Import Value,1000 USD,Cigarettes,1968,3096
Export Quantity,t,Cigarettes,1968,16547
Export Value,1000 USD,Cigarettes,1968,63547
Import Quantity,t,Cigarettes,1969,830
Import Value,1000 USD,Cigarettes,1969,3733
Export Quantity,t,Cigarettes,1969,18746
Export Value,1000 USD,Cigarettes,1969,74901
Import Quantity,t,Cigarettes,1970,926
Import Value,1000 USD,Cigarettes,1970,4285
Export Quantity,t,Cigarettes,1970,20585
Export Value,1000 USD,Cigarettes,1970,82545
Import Quantity,t,Cigarettes,1971,997
Import Value,1000 USD,Cigarettes,1971,4797
Export Quantity,t,Cigarettes,1971,19898
Export Value,1000 USD,Cigarettes,1971,90429
Import Quantity,t,Cigarettes,1972,1061
Import Value,1000 USD,Cigarettes,1972,5427
Export Quantity,t,Cigarettes,1972,22107
Export Value,1000 USD,Cigarettes,1972,105419
Import Quantity,t,Cigarettes,1973,1937
Import Value,1000 USD,Cigarettes,1973,9926
Export Quantity,t,Cigarettes,1973,23901
Export Value,1000 USD,Cigarettes,1973,125756
Import Quantity,t,Cigarettes,1974,2031
Import Value,1000 USD,Cigarettes,1974,10004
Export Quantity,t,Cigarettes,1974,25551
Export Value,1000 USD,Cigarettes,1974,141780
Import Quantity,t,Cigarettes,1975,1607
Import Value,1000 USD,Cigarettes,1975,10198
Export Quantity,t,Cigarettes,1975,29423
Export Value,1000 USD,Cigarettes,1975,209505
Import Quantity,t,Cigarettes,1976,1942
Import Value,1000 USD,Cigarettes,1976,14825
Export Quantity,t,Cigarettes,1976,29672
Export Value,1000 USD,Cigarettes,1976,211748
Import Quantity,t,Cigarettes,1977,1925
Import Value,1000 USD,Cigarettes,1977,15438
Export Quantity,t,Cigarettes,1977,32865
Export Value,1000 USD,Cigarettes,1977,258059
Import Quantity,t,Cigarettes,1978,2684
Import Value,1000 USD,Cigarettes,1978,25968
Export Quantity,t,Cigarettes,1978,32376
Export Value,1000 USD,Cigarettes,1978,327681
Import Quantity,t,Cigarettes,1979,3153
Import Value,1000 USD,Cigarettes,1979,35363
Export Quantity,t,Cigarettes,1979,35881
Export Value,1000 USD,Cigarettes,1979,446963
Import Quantity,t,Cigarettes,1980,2835
Import Value,1000 USD,Cigarettes,1980,62184
Export Quantity,t,Cigarettes,1980,41023
Export Value,1000 USD,Cigarettes,1980,660496
Import Quantity,t,Cigarettes,1981,2847
Import Value,1000 USD,Cigarettes,1981,47023
Export Quantity,t,Cigarettes,1981,44730
Export Value,1000 USD,Cigarettes,1981,683089
Import Quantity,t,Cigarettes,1982,4006
Import Value,1000 USD,Cigarettes,1982,71350
Export Quantity,t,Cigarettes,1982,44118
Export Value,1000 USD,Cigarettes,1982,630127
Import Quantity,t,Cigarettes,1983,3307
Import Value,1000 USD,Cigarettes,1983,44842
Export Quantity,t,Cigarettes,1983,46213
Export Value,1000 USD,Cigarettes,1983,603663
Import Quantity,t,Cigarettes,1984,9485
Import Value,1000 USD,Cigarettes,1984,62012
Export Quantity,t,Cigarettes,1984,41839
Export Value,1000 USD,Cigarettes,1984,501585
Import Quantity,t,Cigarettes,1985,14270
Import Value,1000 USD,Cigarettes,1985,92292
Export Quantity,t,Cigarettes,1985,40507
Export Value,1000 USD,Cigarettes,1985,542374
Import Quantity,t,Cigarettes,1986,16418
Import Value,1000 USD,Cigarettes,1986,117787
Export Quantity,t,Cigarettes,1986,30916
Export Value,1000 USD,Cigarettes,1986,522474
Import Quantity,t,Cigarettes,1987,14135
Import Value,1000 USD,Cigarettes,1987,118445
Export Quantity,t,Cigarettes,1987,32423
Export Value,1000 USD,Cigarettes,1987,650579
Import Quantity,t,Cigarettes,1988,15287
Import Value,1000 USD,Cigarettes,1988,120629
Export Quantity,t,Cigarettes,1988,35212
Export Value,1000 USD,Cigarettes,1988,791298
Import Quantity,t,Cigarettes,1989,13308
Import Value,1000 USD,Cigarettes,1989,103469
Export Quantity,t,Cigarettes,1989,34732
Export Value,1000 USD,Cigarettes,1989,773544
Import Quantity,t,Cigarettes,1990,15747
Import Value,1000 USD,Cigarettes,1990,135729
Export Quantity,t,Cigarettes,1990,40749
Export Value,1000 USD,Cigarettes,1990,1044075
Import Quantity,t,Cigarettes,1991,17789
Import Value,1000 USD,Cigarettes,1991,171159
Export Quantity,t,Cigarettes,1991,45647
Export Value,1000 USD,Cigarettes,1991,1233996
Import Quantity,t,Cigarettes,1992,16639
Import Value,1000 USD,Cigarettes,1992,157057
Export Quantity,t,Cigarettes,1992,54683
Export Value,1000 USD,Cigarettes,1992,1519841
Import Quantity,t,Cigarettes,1993,17879
Import Value,1000 USD,Cigarettes,1993,145639
Export Quantity,t,Cigarettes,1993,44235
Export Value,1000 USD,Cigarettes,1993,848494
Import Quantity,t,Cigarettes,1994,19204
Import Value,1000 USD,Cigarettes,1994,182657
Export Quantity,t,Cigarettes,1994,15830
Export Value,1000 USD,Cigarettes,1994,393465
Import Quantity,t,Cigarettes,1995,17946
Import Value,1000 USD,Cigarettes,1995,188203
Export Quantity,t,Cigarettes,1995,12246
Export Value,1000 USD,Cigarettes,1995,359067
Import Quantity,t,Cigarettes,1996,17805
Import Value,1000 USD,Cigarettes,1996,216427
Export Quantity,t,Cigarettes,1996,31634
Export Value,1000 USD,Cigarettes,1996,726829
Import Quantity,t,Cigarettes,1997,15820
Import Value,1000 USD,Cigarettes,1997,200980
Export Quantity,t,Cigarettes,1997,93764
Export Value,1000 USD,Cigarettes,1997,1736204
Import Quantity,t,Cigarettes,1998,14051
Import Value,1000 USD,Cigarettes,1998,153257
Export Quantity,t,Cigarettes,1998,82150
Export Value,1000 USD,Cigarettes,1998,1493957
Import Quantity,t,Cigarettes,1999,12704
Import Value,1000 USD,Cigarettes,1999,130793
Export Quantity,t,Cigarettes,1999,73258
Export Value,1000 USD,Cigarettes,1999,1384943
Import Quantity,t,Cigarettes,2000,7669
Import Value,1000 USD,Cigarettes,2000,77327
Export Quantity,t,Cigarettes,2000,95390
Export Value,1000 USD,Cigarettes,2000,1531837
Import Quantity,t,Cigarettes,2001,5643
Import Value,1000 USD,Cigarettes,2001,118381
Export Quantity,t,Cigarettes,2001,78273
Export Value,1000 USD,Cigarettes,2001,1154918
Import Quantity,t,Cigarettes,2002,10153
Import Value,1000 USD,Cigarettes,2002,254072
Export Quantity,t,Cigarettes,2002,64047
Export Value,1000 USD,Cigarettes,2002,1270274
Import Quantity,t,Cigarettes,2003,8410
Import Value,1000 USD,Cigarettes,2003,272258
Export Quantity,t,Cigarettes,2003,50431
Export Value,1000 USD,Cigarettes,2003,1284086
Import Quantity,t,Cigarettes,2004,6264
Import Value,1000 USD,Cigarettes,2004,307100
Export Quantity,t,Cigarettes,2004,42138
Export Value,1000 USD,Cigarettes,2004,1165265
Import Quantity,t,Cigarettes,2005,5878
Import Value,1000 USD,Cigarettes,2005,311985
Export Quantity,t,Cigarettes,2005,38913
Export Value,1000 USD,Cigarettes,2005,913070
Import Quantity,t,Cigarettes,2006,5501
Import Value,1000 USD,Cigarettes,2006,323966
Export Quantity,t,Cigarettes,2006,30392
Export Value,1000 USD,Cigarettes,2006,740390
Import Quantity,t,Cigarettes,2007,5212
Import Value,1000 USD,Cigarettes,2007,351850
Export Quantity,t,Cigarettes,2007,24836
Export Value,1000 USD,Cigarettes,2007,424607
Import Quantity,t,Cigarettes,2008,5166
Import Value,1000 USD,Cigarettes,2008,332964
Export Quantity,t,Cigarettes,2008,22695
Export Value,1000 USD,Cigarettes,2008,630673
Import Quantity,t,Cigarettes,2009,4001
Import Value,1000 USD,Cigarettes,2009,245652
Export Quantity,t,Cigarettes,2009,16272
Export Value,1000 USD,Cigarettes,2009,407410
Import Quantity,t,Cigarettes,2010,32323
Import Value,1000 USD,Cigarettes,2010,979100
Export Quantity,t,Cigarettes,2010,14103
Export Value,1000 USD,Cigarettes,2010,319167
Import Quantity,t,Cigarettes,2011,14935
Import Value,1000 USD,Cigarettes,2011,1027589
Export Quantity,t,Cigarettes,2011,11699
Export Value,1000 USD,Cigarettes,2011,242185
Import Quantity,t,Cigarettes,2012,8768
Import Value,1000 USD,Cigarettes,2012,779221
Export Quantity,t,Cigarettes,2012,10200
Export Value,1000 USD,Cigarettes,2012,218645
Import Quantity,t,Cigarettes,2013,5075
Import Value,1000 USD,Cigarettes,2013,293820
Export Quantity,t,Cigarettes,2013,9580
Export Value,1000 USD,Cigarettes,2013,196758
Import Quantity,t,Cigarettes,2014,7347
Import Value,1000 USD,Cigarettes,2014,357189
Export Quantity,t,Cigarettes,2014,8491
Export Value,1000 USD,Cigarettes,2014,206000
Import Quantity,t,Cigarettes,2015,15040
Import Value,1000 USD,Cigarettes,2015,323725
Export Quantity,t,Cigarettes,2015,5937
Export Value,1000 USD,Cigarettes,2015,140986
Import Quantity,t,Cigarettes,2016,16018
Import Value,1000 USD,Cigarettes,2016,203058
Export Quantity,t,Cigarettes,2016,2657
Export Value,1000 USD,Cigarettes,2016,63075
Import Quantity,t,Cigarettes,2017,29491
Import Value,1000 USD,Cigarettes,2017,244250
Export Quantity,t,Cigarettes,2017,386
Export Value,1000 USD,Cigarettes,2017,7168
Import Quantity,t,Cigarettes,2018,28819
Import Value,1000 USD,Cigarettes,2018,381864
Export Quantity,t,Cigarettes,2018,397
Export Value,1000 USD,Cigarettes,2018,7692
Import Quantity,t,Cigarettes,2019,27367
Import Value,1000 USD,Cigarettes,2019,418319
Export Quantity,t,Cigarettes,2019,351
Export Value,1000 USD,Cigarettes,2019,9026
Import Quantity,t,Cigarettes,2020,30960
Import Value,1000 USD,Cigarettes,2020,536552
Export Quantity,t,Cigarettes,2020,352
Export Value,1000 USD,Cigarettes,2020,11716
Import Quantity,t,Cigarettes,2021,18993
Import Value,1000 USD,Cigarettes,2021,214832
Export Quantity,t,Cigarettes,2021,26
Export Value,1000 USD,Cigarettes,2021,1619
Import Quantity,t,Cigarettes,2022,21549
Import Value,1000 USD,Cigarettes,2022,320061
Export Quantity,t,Cigarettes,2022,24
Export Value,1000 USD,Cigarettes,2022,1269
Import Quantity,t,"Coffee, decaffeinated or roasted",1961,27
Import Value,1000 USD,"Coffee, decaffeinated or roasted",1961,45
Export Quantity,t,"Coffee, decaffeinated or roasted",1961,0
Export Value,1000 USD,"Coffee, decaffeinated or roasted",1961,0
Import Quantity,t,"Coffee, decaffeinated or roasted",1962,46
Import Value,1000 USD,"Coffee, decaffeinated or roasted",1962,76
Export Quantity,t,"Coffee, decaffeinated or roasted",1962,0
Export Value,1000 USD,"Coffee, decaffeinated or roasted",1962,0
Import Quantity,t,"Coffee, decaffeinated or roasted",1963,0
Import Value,1000 USD,"Coffee, decaffeinated or roasted",1963,0
Export Quantity,t,"Coffee, decaffeinated or roasted",1963,0
Export Value,1000 USD,"Coffee, decaffeinated or roasted",1963,0
Import Quantity,t,"Coffee, decaffeinated or roasted",1964,0
Import Value,1000 USD,"Coffee, decaffeinated or roasted",1964,0
Export Quantity,t,"Coffee, decaffeinated or roasted",1964,0
Export Value,1000 USD,"Coffee, decaffeinated or roasted",1964,0
Import Quantity,t,"Coffee, decaffeinated or roasted",1965,0
Import Value,1000 USD,"Coffee, decaffeinated or roasted",1965,0
Export Quantity,t,"Coffee, decaffeinated or roasted",1965,0
Export Value,1000 USD,"Coffee, decaffeinated or roasted",1965,0
Import Quantity,t,"Coffee, decaffeinated or roasted",1966,0
Import Value,1000 USD,"Coffee, decaffeinated or roasted",1966,0
Export Quantity,t,"Coffee, decaffeinated or roasted",1966,0
Export Value,1000 USD,"Coffee, decaffeinated or roasted",1966,0
Import Quantity,t,"Coffee, decaffeinated or roasted",1967,0
Import Value,1000 USD,"Coffee, decaffeinated or roasted",1967,0
Export Quantity,t,"Coffee, decaffeinated or roasted",1967,200
Export Value,1000 USD,"Coffee, decaffeinated or roasted",1967,236
Import Quantity,t,"Coffee, decaffeinated or roasted",1968,0
Import Value,1000 USD,"Coffee, decaffeinated or roasted",1968,0
Export Quantity,t,"Coffee, decaffeinated or roasted",1968,226
Export Value,1000 USD,"Coffee, decaffeinated or roasted",1968,211
Import Quantity,t,"Coffee, decaffeinated or roasted",1969,0
Import Value,1000 USD,"Coffee, decaffeinated or roasted",1969,0
Export Quantity,t,"Coffee, decaffeinated or roasted",1969,108
Export Value,1000 USD,"Coffee, decaffeinated or roasted",1969,110
Import Quantity,t,"Coffee, decaffeinated or roasted",1970,154
Import Value,1000 USD,"Coffee, decaffeinated or roasted",1970,277
Export Quantity,t,"Coffee, decaffeinated or roasted",1970,468
Export Value,1000 USD,"Coffee, decaffeinated or roasted",1970,583
Import Quantity,t,"Coffee, decaffeinated or roasted",1971,210
Import Value,1000 USD,"Coffee, decaffeinated or roasted",1971,478
Export Quantity,t,"Coffee, decaffeinated or roasted",1971,236
Export Value,1000 USD,"Coffee, decaffeinated or roasted",1971,399
Import Quantity,t,"Coffee, decaffeinated or roasted",1972,344
Import Value,1000 USD,"Coffee, decaffeinated or roasted",1972,700
Export Quantity,t,"Coffee, decaffeinated or roasted",1972,112
Export Value,1000 USD,"Coffee, decaffeinated or roasted",1972,223
Import Quantity,t,"Coffee, decaffeinated or roasted",1973,757
Import Value,1000 USD,"Coffee, decaffeinated or roasted",1973,1838
Export Quantity,t,"Coffee, decaffeinated or roasted",1973,451
Export Value,1000 USD,"Coffee, decaffeinated or roasted",1973,744
Import Quantity,t,"Coffee, decaffeinated or roasted",1974,1491
Import Value,1000 USD,"Coffee, decaffeinated or roasted",1974,1903
Export Quantity,t,"Coffee, decaffeinated or roasted",1974,1178
Export Value,1000 USD,"Coffee, decaffeinated or roasted",1974,1440
Import Quantity,t,"Coffee, decaffeinated or roasted",1975,212
Import Value,1000 USD,"Coffee, decaffeinated or roasted",1975,738
Export Quantity,t,"Coffee, decaffeinated or roasted",1975,21
Export Value,1000 USD,"Coffee, decaffeinated or roasted",1975,36
Import Quantity,t,"Coffee, decaffeinated or roasted",1976,602
Import Value,1000 USD,"Coffee, decaffeinated or roasted",1976,2236
Export Quantity,t,"Coffee, decaffeinated or roasted",1976,360
Export Value,1000 USD,"Coffee, decaffeinated or roasted",1976,836
Import Quantity,t,"Coffee, decaffeinated or roasted",1977,844
Import Value,1000 USD,"Coffee, decaffeinated or roasted",1977,5470
Export Quantity,t,"Coffee, decaffeinated or roasted",1977,503
Export Value,1000 USD,"Coffee, decaffeinated or roasted",1977,2198
Import Quantity,t,"Coffee, decaffeinated or roasted",1978,765
Import Value,1000 USD,"Coffee, decaffeinated or roasted",1978,5261
Export Quantity,t,"Coffee, decaffeinated or roasted",1978,946
Export Value,1000 USD,"Coffee, decaffeinated or roasted",1978,4222
Import Quantity,t,"Coffee, decaffeinated or roasted",1979,1065
Import Value,1000 USD,"Coffee, decaffeinated or roasted",1979,7242
Export Quantity,t,"Coffee, decaffeinated or roasted",1979,556
Export Value,1000 USD,"Coffee, decaffeinated or roasted",1979,2326
Import Quantity,t,"Coffee, decaffeinated or roasted",1980,1313
Import Value,1000 USD,"Coffee, decaffeinated or roasted",1980,9437
Export Quantity,t,"Coffee, decaffeinated or roasted",1980,607
Export Value,1000 USD,"Coffee, decaffeinated or roasted",1980,3438
Import Quantity,t,"Coffee, decaffeinated or roasted",1981,2356
Import Value,1000 USD,"Coffee, decaffeinated or roasted",1981,11813
Export Quantity,t,"Coffee, decaffeinated or roasted",1981,1032
Export Value,1000 USD,"Coffee, decaffeinated or roasted",1981,4332
Import Quantity,t,"Coffee, decaffeinated or roasted",1982,3849
Import Value,1000 USD,"Coffee, decaffeinated or roasted",1982,17563
Export Quantity,t,"Coffee, decaffeinated or roasted",1982,1143
Export Value,1000 USD,"Coffee, decaffeinated or roasted",1982,4449
Import Quantity,t,"Coffee, decaffeinated or roasted",1983,5481
Import Value,1000 USD,"Coffee, decaffeinated or roasted",1983,24502
Export Quantity,t,"Coffee, decaffeinated or roasted",1983,906
Export Value,1000 USD,"Coffee, decaffeinated or roasted",1983,3627
Import Quantity,t,"Coffee, decaffeinated or roasted",1984,5652
Import Value,1000 USD,"Coffee, decaffeinated or roasted",1984,27457
Export Quantity,t,"Coffee, decaffeinated or roasted",1984,647
Export Value,1000 USD,"Coffee, decaffeinated or roasted",1984,3167
Import Quantity,t,"Coffee, decaffeinated or roasted",1985,6064
Import Value,1000 USD,"Coffee, decaffeinated or roasted",1985,30400
Export Quantity,t,"Coffee, decaffeinated or roasted",1985,809
Export Value,1000 USD,"Coffee, decaffeinated or roasted",1985,3096
Import Quantity,t,"Coffee, decaffeinated or roasted",1986,6266
Import Value,1000 USD,"Coffee, decaffeinated or roasted",1986,46060
Export Quantity,t,"Coffee, decaffeinated or roasted",1986,767
Export Value,1000 USD,"Coffee, decaffeinated or roasted",1986,3503
Import Quantity,t,"Coffee, decaffeinated or roasted",1987,7332
Import Value,1000 USD,"Coffee, decaffeinated or roasted",1987,41632
Export Quantity,t,"Coffee, decaffeinated or roasted",1987,391
Export Value,1000 USD,"Coffee, decaffeinated or roasted",1987,2781
Import Quantity,t,"Coffee, decaffeinated or roasted",1988,8296
Import Value,1000 USD,"Coffee, decaffeinated or roasted",1988,48056
Export Quantity,t,"Coffee, decaffeinated or roasted",1988,585
Export Value,1000 USD,"Coffee, decaffeinated or roasted",1988,4661
Import Quantity,t,"Coffee, decaffeinated or roasted",1989,7977
Import Value,1000 USD,"Coffee, decaffeinated or roasted",1989,41162
Export Quantity,t,"Coffee, decaffeinated or roasted",1989,1131
Export Value,1000 USD,"Coffee, decaffeinated or roasted",1989,5643
Import Quantity,t,"Coffee, decaffeinated or roasted",1990,8525
Import Value,1000 USD,"Coffee, decaffeinated or roasted",1990,40341
Export Quantity,t,"Coffee, decaffeinated or roasted",1990,984
Export Value,1000 USD,"Coffee, decaffeinated or roasted",1990,7065
Import Quantity,t,"Coffee, decaffeinated or roasted",1991,7838
Import Value,1000 USD,"Coffee, decaffeinated or roasted",1991,35104
Export Quantity,t,"Coffee, decaffeinated or roasted",1991,950
Export Value,1000 USD,"Coffee, decaffeinated or roasted",1991,7295
Import Quantity,t,"Coffee, decaffeinated or roasted",1992,9142
Import Value,1000 USD,"Coffee, decaffeinated or roasted",1992,37910
Export Quantity,t,"Coffee, decaffeinated or roasted",1992,1204
Export Value,1000 USD,"Coffee, decaffeinated or roasted",1992,7480
Import Quantity,t,"Coffee, decaffeinated or roasted",1993,11743
Import Value,1000 USD,"Coffee, decaffeinated or roasted",1993,61630
Export Quantity,t,"Coffee, decaffeinated or roasted",1993,1001
Export Value,1000 USD,"Coffee, decaffeinated or roasted",1993,8026
Import Quantity,t,"Coffee, decaffeinated or roasted",1994,16289
Import Value,1000 USD,"Coffee, decaffeinated or roasted",1994,84427
Export Quantity,t,"Coffee, decaffeinated or roasted",1994,992
Export Value,1000 USD,"Coffee, decaffeinated or roasted",1994,9557
Import Quantity,t,"Coffee, decaffeinated or roasted",1995,14733
Import Value,1000 USD,"Coffee, decaffeinated or roasted",1995,115663
Export Quantity,t,"Coffee, decaffeinated or roasted",1995,760
Export Value,1000 USD,"Coffee, decaffeinated or roasted",1995,9665
Import Quantity,t,"Coffee, decaffeinated or roasted",1996,15038
Import Value,1000 USD,"Coffee, decaffeinated or roasted",1996,86841
Export Quantity,t,"Coffee, decaffeinated or roasted",1996,1083
Export Value,1000 USD,"Coffee, decaffeinated or roasted",1996,13066
Import Quantity,t,"Coffee, decaffeinated or roasted",1997,13920
Import Value,1000 USD,"Coffee, decaffeinated or roasted",1997,96130
Export Quantity,t,"Coffee, decaffeinated or roasted",1997,1300
Export Value,1000 USD,"Coffee, decaffeinated or roasted",1997,15602
Import Quantity,t,"Coffee, decaffeinated or roasted",1998,13330
Import Value,1000 USD,"Coffee, decaffeinated or roasted",1998,103650
Export Quantity,t,"Coffee, decaffeinated or roasted",1998,1319
Export Value,1000 USD,"Coffee, decaffeinated or roasted",1998,20344
Import Quantity,t,"Coffee, decaffeinated or roasted",1999,12784
Import Value,1000 USD,"Coffee, decaffeinated or roasted",1999,87303
Export Quantity,t,"Coffee, decaffeinated or roasted",1999,1623
Export Value,1000 USD,"Coffee, decaffeinated or roasted",1999,21016
Import Quantity,t,"Coffee, decaffeinated or roasted",2000,16089
Import Value,1000 USD,"Coffee, decaffeinated or roasted",2000,84915
Export Quantity,t,"Coffee, decaffeinated or roasted",2000,2748
Export Value,1000 USD,"Coffee, decaffeinated or roasted",2000,25281
Import Quantity,t,"Coffee, decaffeinated or roasted",2001,14134
Import Value,1000 USD,"Coffee, decaffeinated or roasted",2001,68283
Export Quantity,t,"Coffee, decaffeinated or roasted",2001,3258
Export Value,1000 USD,"Coffee, decaffeinated or roasted",2001,28595
Import Quantity,t,"Coffee, decaffeinated or roasted",2002,15310
Import Value,1000 USD,"Coffee, decaffeinated or roasted",2002,73624
Export Quantity,t,"Coffee, decaffeinated or roasted",2002,3763
Export Value,1000 USD,"Coffee, decaffeinated or roasted",2002,31136
Import Quantity,t,"Coffee, decaffeinated or roasted",2003,24895
Import Value,1000 USD,"Coffee, decaffeinated or roasted",2003,102227
Export Quantity,t,"Coffee, decaffeinated or roasted",2003,2583
Export Value,1000 USD,"Coffee, decaffeinated or roasted",2003,29564
Import Quantity,t,"Coffee, decaffeinated or roasted",2004,30477
Import Value,1000 USD,"Coffee, decaffeinated or roasted",2004,141393
Export Quantity,t,"Coffee, decaffeinated or roasted",2004,2773
Export Value,1000 USD,"Coffee, decaffeinated or roasted",2004,38748
Import Quantity,t,"Coffee, decaffeinated or roasted",2005,30563
Import Value,1000 USD,"Coffee, decaffeinated or roasted",2005,163121
Export Quantity,t,"Coffee, decaffeinated or roasted",2005,2933
Export Value,1000 USD,"Coffee, decaffeinated or roasted",2005,38731
Import Quantity,t,"Coffee, decaffeinated or roasted",2006,38978
Import Value,1000 USD,"Coffee, decaffeinated or roasted",2006,169106
Export Quantity,t,"Coffee, decaffeinated or roasted",2006,3101
Export Value,1000 USD,"Coffee, decaffeinated or roasted",2006,36932
Import Quantity,t,"Coffee, decaffeinated or roasted",2007,30385
Import Value,1000 USD,"Coffee, decaffeinated or roasted",2007,195204
Export Quantity,t,"Coffee, decaffeinated or roasted",2007,3687
Export Value,1000 USD,"Coffee, decaffeinated or roasted",2007,45358
Import Quantity,t,"Coffee, decaffeinated or roasted",2008,44311
Import Value,1000 USD,"Coffee, decaffeinated or roasted",2008,272614
Export Quantity,t,"Coffee, decaffeinated or roasted",2008,5717
Export Value,1000 USD,"Coffee, decaffeinated or roasted",2008,76999
Import Quantity,t,"Coffee, decaffeinated or roasted",2009,43443
Import Value,1000 USD,"Coffee, decaffeinated or roasted",2009,262037
Export Quantity,t,"Coffee, decaffeinated or roasted",2009,9319
Export Value,1000 USD,"Coffee, decaffeinated or roasted",2009,97501
Import Quantity,t,"Coffee, decaffeinated or roasted",2010,37913
Import Value,1000 USD,"Coffee, decaffeinated or roasted",2010,268521
Export Quantity,t,"Coffee, decaffeinated or roasted",2010,10130
Export Value,1000 USD,"Coffee, decaffeinated or roasted",2010,131900
Import Quantity,t,"Coffee, decaffeinated or roasted",2011,27549
Import Value,1000 USD,"Coffee, decaffeinated or roasted",2011,294386
Export Quantity,t,"Coffee, decaffeinated or roasted",2011,11347
Export Value,1000 USD,"Coffee, decaffeinated or roasted",2011,176725
Import Quantity,t,"Coffee, decaffeinated or roasted",2012,29137
Import Value,1000 USD,"Coffee, decaffeinated or roasted",2012,295960
Export Quantity,t,"Coffee, decaffeinated or roasted",2012,11651
Export Value,1000 USD,"Coffee, decaffeinated or roasted",2012,198241
Import Quantity,t,"Coffee, decaffeinated or roasted",2013,26498
Import Value,1000 USD,"Coffee, decaffeinated or roasted",2013,220982
Export Quantity,t,"Coffee, decaffeinated or roasted",2013,19397
Export Value,1000 USD,"Coffee, decaffeinated or roasted",2013,300178
Import Quantity,t,"Coffee, decaffeinated or roasted",2014,28935.13
Import Value,1000 USD,"Coffee, decaffeinated or roasted",2014,312402
Export Quantity,t,"Coffee, decaffeinated or roasted",2014,20611.18
Export Value,1000 USD,"Coffee, decaffeinated or roasted",2014,339772
Import Quantity,t,"Coffee, decaffeinated or roasted",2015,35765.15
Import Value,1000 USD,"Coffee, decaffeinated or roasted",2015,373092
Export Quantity,t,"Coffee, decaffeinated or roasted",2015,19631.38
Export Value,1000 USD,"Coffee, decaffeinated or roasted",2015,290309
Import Quantity,t,"Coffee, decaffeinated or roasted",2016,41110.28
Import Value,1000 USD,"Coffee, decaffeinated or roasted",2016,395555
Export Quantity,t,"Coffee, decaffeinated or roasted",2016,22894.77
Export Value,1000 USD,"Coffee, decaffeinated or roasted",2016,281968
Import Quantity,t,"Coffee, decaffeinated or roasted",2017,50676.03
Import Value,1000 USD,"Coffee, decaffeinated or roasted",2017,486264
Export Quantity,t,"Coffee, decaffeinated or roasted",2017,25035.24
Export Value,1000 USD,"Coffee, decaffeinated or roasted",2017,308810
Import Quantity,t,"Coffee, decaffeinated or roasted",2018,54590.51
Import Value,1000 USD,"Coffee, decaffeinated or roasted",2018,497724
Export Quantity,t,"Coffee, decaffeinated or roasted",2018,24951.17
Export Value,1000 USD,"Coffee, decaffeinated or roasted",2018,299687
Import Quantity,t,"Coffee, decaffeinated or roasted",2019,59527.18
Import Value,1000 USD,"Coffee, decaffeinated or roasted",2019,502234
Export Quantity,t,"Coffee, decaffeinated or roasted",2019,26901.47
Export Value,1000 USD,"Coffee, decaffeinated or roasted",2019,291844
Import Quantity,t,"Coffee, decaffeinated or roasted",2020,66788.9
Import Value,1000 USD,"Coffee, decaffeinated or roasted",2020,543116
Export Quantity,t,"Coffee, decaffeinated or roasted",2020,28625.73
Export Value,1000 USD,"Coffee, decaffeinated or roasted",2020,300565
Import Quantity,t,"Coffee, decaffeinated or roasted",2021,47835.21
Import Value,1000 USD,"Coffee, decaffeinated or roasted",2021,462551
Export Quantity,t,"Coffee, decaffeinated or roasted",2021,26718.84
Export Value,1000 USD,"Coffee, decaffeinated or roasted",2021,296539
Import Quantity,t,"Coffee, decaffeinated or roasted",2022,54355.59
Import Value,1000 USD,"Coffee, decaffeinated or roasted",2022,596655
Export Quantity,t,"Coffee, decaffeinated or roasted",2022,18165.86
Export Value,1000 USD,"Coffee, decaffeinated or roasted",2022,211300
Import Quantity,t,Fat of pigs,1961,0
Import Value,1000 USD,Fat of pigs,1961,0
Export Quantity,t,Fat of pigs,1961,0
Export Value,1000 USD,Fat of pigs,1961,0
Import Quantity,t,Fat of pigs,1962,0
Import Value,1000 USD,Fat of pigs,1962,0
Export Quantity,t,Fat of pigs,1962,0
Export Value,1000 USD,Fat of pigs,1962,0
Import Quantity,t,Fat of pigs,1963,129
Import Value,1000 USD,Fat of pigs,1963,56
Export Quantity,t,Fat of pigs,1963,0
Export Value,1000 USD,Fat of pigs,1963,0
Import Quantity,t,Fat of pigs,1964,116
Import Value,1000 USD,Fat of pigs,1964,54
Export Quantity,t,Fat of pigs,1964,0
Export Value,1000 USD,Fat of pigs,1964,0
Import Quantity,t,Fat of pigs,1965,693
Import Value,1000 USD,Fat of pigs,1965,174
Export Quantity,t,Fat of pigs,1965,0
Export Value,1000 USD,Fat of pigs,1965,0
Import Quantity,t,Fat of pigs,1966,1422
Import Value,1000 USD,Fat of pigs,1966,391
Export Quantity,t,Fat of pigs,1966,0
Export Value,1000 USD,Fat of pigs,1966,0
Import Quantity,t,Fat of pigs,1967,2197
Import Value,1000 USD,Fat of pigs,1967,612
Export Quantity,t,Fat of pigs,1967,0
Export Value,1000 USD,Fat of pigs,1967,0
Import Quantity,t,Fat of pigs,1968,2146
Import Value,1000 USD,Fat of pigs,1968,419
Export Quantity,t,Fat of pigs,1968,0
Export Value,1000 USD,Fat of pigs,1968,0
Import Quantity,t,Fat of pigs,1969,2236
Import Value,1000 USD,Fat of pigs,1969,647
Export Quantity,t,Fat of pigs,1969,0
Export Value,1000 USD,Fat of pigs,1969,0
Import Quantity,t,Fat of pigs,1970,2466
Import Value,1000 USD,Fat of pigs,1970,744
Export Quantity,t,Fat of pigs,1970,81
Export Value,1000 USD,Fat of pigs,1970,25
Import Quantity,t,Fat of pigs,1971,2003
Import Value,1000 USD,Fat of pigs,1971,533
Export Quantity,t,Fat of pigs,1971,0
Export Value,1000 USD,Fat of pigs,1971,0
Import Quantity,t,Fat of pigs,1972,3762
Import Value,1000 USD,Fat of pigs,1972,1021
Export Quantity,t,Fat of pigs,1972,0
Export Value,1000 USD,Fat of pigs,1972,0
Import Quantity,t,Fat of pigs,1973,7395
Import Value,1000 USD,Fat of pigs,1973,3273
Export Quantity,t,Fat of pigs,1973,0
Export Value,1000 USD,Fat of pigs,1973,0
Import Quantity,t,Fat of pigs,1974,6370
Import Value,1000 USD,Fat of pigs,1974,4005
Export Quantity,t,Fat of pigs,1974,40
Export Value,1000 USD,Fat of pigs,1974,21
Import Quantity,t,Fat of pigs,1975,6950
Import Value,1000 USD,Fat of pigs,1975,5066
Export Quantity,t,Fat of pigs,1975,29
Export Value,1000 USD,Fat of pigs,1975,27
Import Quantity,t,Fat of pigs,1976,11231
Import Value,1000 USD,Fat of pigs,1976,6211
Export Quantity,t,Fat of pigs,1976,81
Export Value,1000 USD,Fat of pigs,1976,60
Import Quantity,t,Fat of pigs,1977,13910
Import Value,1000 USD,Fat of pigs,1977,8255
Export Quantity,t,Fat of pigs,1977,70
Export Value,1000 USD,Fat of pigs,1977,54
Import Quantity,t,Fat of pigs,1978,16034
Import Value,1000 USD,Fat of pigs,1978,8903
Export Quantity,t,Fat of pigs,1978,52
Export Value,1000 USD,Fat of pigs,1978,33
Import Quantity,t,Fat of pigs,1979,16116
Import Value,1000 USD,Fat of pigs,1979,10843
Export Quantity,t,Fat of pigs,1979,79
Export Value,1000 USD,Fat of pigs,1979,59
Import Quantity,t,Fat of pigs,1980,20805
Import Value,1000 USD,Fat of pigs,1980,16052
Export Quantity,t,Fat of pigs,1980,95
Export Value,1000 USD,Fat of pigs,1980,95
Import Quantity,t,Fat of pigs,1981,23806
Import Value,1000 USD,Fat of pigs,1981,18708
Export Quantity,t,Fat of pigs,1981,101
Export Value,1000 USD,Fat of pigs,1981,183
Import Quantity,t,Fat of pigs,1982,22668
Import Value,1000 USD,Fat of pigs,1982,17127
Export Quantity,t,Fat of pigs,1982,127
Export Value,1000 USD,Fat of pigs,1982,168
Import Quantity,t,Fat of pigs,1983,23808
Import Value,1000 USD,Fat of pigs,1983,14382
Export Quantity,t,Fat of pigs,1983,111
Export Value,1000 USD,Fat of pigs,1983,90
Import Quantity,t,Fat of pigs,1984,20876
Import Value,1000 USD,Fat of pigs,1984,12097
Export Quantity,t,Fat of pigs,1984,148
Export Value,1000 USD,Fat of pigs,1984,102
Import Quantity,t,Fat of pigs,1985,19632
Import Value,1000 USD,Fat of pigs,1985,11421
Export Quantity,t,Fat of pigs,1985,167
Export Value,1000 USD,Fat of pigs,1985,105
Import Quantity,t,Fat of pigs,1986,15789
Import Value,1000 USD,Fat of pigs,1986,7180
Export Quantity,t,Fat of pigs,1986,151
Export Value,1000 USD,Fat of pigs,1986,101
Import Quantity,t,Fat of pigs,1987,15089
Import Value,1000 USD,Fat of pigs,1987,8352
Export Quantity,t,Fat of pigs,1987,83
Export Value,1000 USD,Fat of pigs,1987,45
Import Quantity,t,Fat of pigs,1988,18916
Import Value,1000 USD,Fat of pigs,1988,11197
Export Quantity,t,Fat of pigs,1988,94
Export Value,1000 USD,Fat of pigs,1988,47
Import Quantity,t,Fat of pigs,1989,18508
Import Value,1000 USD,Fat of pigs,1989,12737
Export Quantity,t,Fat of pigs,1989,278
Export Value,1000 USD,Fat of pigs,1989,197
Import Quantity,t,Fat of pigs,1990,19628
Import Value,1000 USD,Fat of pigs,1990,12063
Export Quantity,t,Fat of pigs,1990,164
Export Value,1000 USD,Fat of pigs,1990,188
Import Quantity,t,Fat of pigs,1991,18977
Import Value,1000 USD,Fat of pigs,1991,13060
Export Quantity,t,Fat of pigs,1991,185
Export Value,1000 USD,Fat of pigs,1991,134
Import Quantity,t,Fat of pigs,1992,22454
Import Value,1000 USD,Fat of pigs,1992,19423
Export Quantity,t,Fat of pigs,1992,166
Export Value,1000 USD,Fat of pigs,1992,138
Import Quantity,t,Fat of pigs,1993,20296
Import Value,1000 USD,Fat of pigs,1993,11213
Export Quantity,t,Fat of pigs,1993,759
Export Value,1000 USD,Fat of pigs,1993,286
Import Quantity,t,Fat of pigs,1994,21701
Import Value,1000 USD,Fat of pigs,1994,13706
Export Quantity,t,Fat of pigs,1994,4508
Export Value,1000 USD,Fat of pigs,1994,1440
Import Quantity,t,Fat of pigs,1995,20263
Import Value,1000 USD,Fat of pigs,1995,13764
Export Quantity,t,Fat of pigs,1995,4331
Export Value,1000 USD,Fat of pigs,1995,1621
Import Quantity,t,Fat of pigs,1996,21276
Import Value,1000 USD,Fat of pigs,1996,17842
Export Quantity,t,Fat of pigs,1996,3008
Export Value,1000 USD,Fat of pigs,1996,1724
Import Quantity,t,Fat of pigs,1997,23555
Import Value,1000 USD,Fat of pigs,1997,15076
Export Quantity,t,Fat of pigs,1997,8995
Export Value,1000 USD,Fat of pigs,1997,3741
Import Quantity,t,Fat of pigs,1998,22437
Import Value,1000 USD,Fat of pigs,1998,11848
Export Quantity,t,Fat of pigs,1998,15062
Export Value,1000 USD,Fat of pigs,1998,5273
Import Quantity,t,Fat of pigs,1999,22459
Import Value,1000 USD,Fat of pigs,1999,9329
Export Quantity,t,Fat of pigs,1999,3007
Export Value,1000 USD,Fat of pigs,1999,1278
Import Quantity,t,Fat of pigs,2000,24185
Import Value,1000 USD,Fat of pigs,2000,10942
Export Quantity,t,Fat of pigs,2000,4130.3
Export Value,1000 USD,Fat of pigs,2000,1479
Import Quantity,t,Fat of pigs,2001,29398
Import Value,1000 USD,Fat of pigs,2001,17622
Export Quantity,t,Fat of pigs,2001,1872
Export Value,1000 USD,Fat of pigs,2001,823
Import Quantity,t,Fat of pigs,2002,24737
Import Value,1000 USD,Fat of pigs,2002,10975
Export Quantity,t,Fat of pigs,2002,8584
Export Value,1000 USD,Fat of pigs,2002,2406
Import Quantity,t,Fat of pigs,2003,27419
Import Value,1000 USD,Fat of pigs,2003,13707
Export Quantity,t,Fat of pigs,2003,7254
Export Value,1000 USD,Fat of pigs,2003,1429
Import Quantity,t,Fat of pigs,2004,25562
Import Value,1000 USD,Fat of pigs,2004,22402
Export Quantity,t,Fat of pigs,2004,7027
Export Value,1000 USD,Fat of pigs,2004,2434
Import Quantity,t,Fat of pigs,2005,26976
Import Value,1000 USD,Fat of pigs,2005,23194
Export Quantity,t,Fat of pigs,2005,6615
Export Value,1000 USD,Fat of pigs,2005,3215
Import Quantity,t,Fat of pigs,2006,21167
Import Value,1000 USD,Fat of pigs,2006,16554
Export Quantity,t,Fat of pigs,2006,5221
Export Value,1000 USD,Fat of pigs,2006,2657
Import Quantity,t,Fat of pigs,2007,16944
Import Value,1000 USD,Fat of pigs,2007,13765
Export Quantity,t,Fat of pigs,2007,5081
Export Value,1000 USD,Fat of pigs,2007,1589
Import Quantity,t,Fat of pigs,2008,19974
Import Value,1000 USD,Fat of pigs,2008,19834
Export Quantity,t,Fat of pigs,2008,4920
Export Value,1000 USD,Fat of pigs,2008,3552
Import Quantity,t,Fat of pigs,2009,15125
Import Value,1000 USD,Fat of pigs,2009,14046
Export Quantity,t,Fat of pigs,2009,5578
Export Value,1000 USD,Fat of pigs,2009,2427
Import Quantity,t,Fat of pigs,2010,9155
Import Value,1000 USD,Fat of pigs,2010,7406
Export Quantity,t,Fat of pigs,2010,8155
Export Value,1000 USD,Fat of pigs,2010,3075
Import Quantity,t,Fat of pigs,2011,10575
Import Value,1000 USD,Fat of pigs,2011,12951
Export Quantity,t,Fat of pigs,2011,6873
Export Value,1000 USD,Fat of pigs,2011,5353
Import Quantity,t,Fat of pigs,2012,12354
Import Value,1000 USD,Fat of pigs,2012,22129
Export Quantity,t,Fat of pigs,2012,9584
Export Value,1000 USD,Fat of pigs,2012,8950
Import Quantity,t,Fat of pigs,2013,7637
Import Value,1000 USD,Fat of pigs,2013,9066
Export Quantity,t,Fat of pigs,2013,11223
Export Value,1000 USD,Fat of pigs,2013,7841
Import Quantity,t,Fat of pigs,2014,4765.93
Import Value,1000 USD,Fat of pigs,2014,5510
Export Quantity,t,Fat of pigs,2014,12886.91
Export Value,1000 USD,Fat of pigs,2014,7115
Import Quantity,t,Fat of pigs,2015,4096.29
Import Value,1000 USD,Fat of pigs,2015,3660
Export Quantity,t,Fat of pigs,2015,16095.43
Export Value,1000 USD,Fat of pigs,2015,6417
Import Quantity,t,Fat of pigs,2016,5206.34
Import Value,1000 USD,Fat of pigs,2016,4768
Export Quantity,t,Fat of pigs,2016,11940.74
Export Value,1000 USD,Fat of pigs,2016,5648
Import Quantity,t,Fat of pigs,2017,4140.5
Import Value,1000 USD,Fat of pigs,2017,3777
Export Quantity,t,Fat of pigs,2017,4236.6
Export Value,1000 USD,Fat of pigs,2017,2737
Import Quantity,t,Fat of pigs,2018,5531.49
Import Value,1000 USD,Fat of pigs,2018,5441
Export Quantity,t,Fat of pigs,2018,2672.35
Export Value,1000 USD,Fat of pigs,2018,1936
Import Quantity,t,Fat of pigs,2019,5421.56
Import Value,1000 USD,Fat of pigs,2019,5531
Export Quantity,t,Fat of pigs,2019,3161.39
Export Value,1000 USD,Fat of pigs,2019,3251
Import Quantity,t,Fat of pigs,2020,4535.17
Import Value,1000 USD,Fat of pigs,2020,6419
Export Quantity,t,Fat of pigs,2020,2616.53
Export Value,1000 USD,Fat of pigs,2020,2397
Import Quantity,t,Fat of pigs,2021,6095.56
Import Value,1000 USD,Fat of pigs,2021,8707
Export Quantity,t,Fat of pigs,2021,3564.16
Export Value,1000 USD,Fat of pigs,2021,6358
Import Quantity,t,Fat of pigs,2022,6337.7
Import Value,1000 USD,Fat of pigs,2022,10385
Export Quantity,t,Fat of pigs,2022,425.8
Export Value,1000 USD,Fat of pigs,2022,1312
Import Quantity,t,"Ginger, raw",1961,1335
Import Value,1000 USD,"Ginger, raw",1961,518
Export Quantity,t,"Ginger, raw",1961,297
Export Value,1000 USD,"Ginger, raw",1961,151
Import Quantity,t,"Ginger, raw",1962,1531
Import Value,1000 USD,"Ginger, raw",1962,916
Export Quantity,t,"Ginger, raw",1962,219
Export Value,1000 USD,"Ginger, raw",1962,137
Import Quantity,t,"Ginger, raw",1963,2358
Import Value,1000 USD,"Ginger, raw",1963,1394
Export Quantity,t,"Ginger, raw",1963,253
Export Value,1000 USD,"Ginger, raw",1963,217
Import Quantity,t,"Ginger, raw",1964,2065
Import Value,1000 USD,"Ginger, raw",1964,1397
Export Quantity,t,"Ginger, raw",1964,623
Export Value,1000 USD,"Ginger, raw",1964,402
Import Quantity,t,"Ginger, raw",1965,2648
Import Value,1000 USD,"Ginger, raw",1965,963
Export Quantity,t,"Ginger, raw",1965,450
Export Value,1000 USD,"Ginger, raw",1965,283
Import Quantity,t,"Ginger, raw",1966,2220
Import Value,1000 USD,"Ginger, raw",1966,865
Export Quantity,t,"Ginger, raw",1966,186
Export Value,1000 USD,"Ginger, raw",1966,78
Import Quantity,t,"Ginger, raw",1967,2035
Import Value,1000 USD,"Ginger, raw",1967,721
Export Quantity,t,"Ginger, raw",1967,0
Export Value,1000 USD,"Ginger, raw",1967,0
Import Quantity,t,"Ginger, raw",1968,1545
Import Value,1000 USD,"Ginger, raw",1968,521
Export Quantity,t,"Ginger, raw",1968,0
Export Value,1000 USD,"Ginger, raw",1968,0
Import Quantity,t,"Ginger, raw",1969,1983
Import Value,1000 USD,"Ginger, raw",1969,1243
Export Quantity,t,"Ginger, raw",1969,0
Export Value,1000 USD,"Ginger, raw",1969,0
Import Quantity,t,"Ginger, raw",1970,2989
Import Value,1000 USD,"Ginger, raw",1970,2311
Export Quantity,t,"Ginger, raw",1970,0
Export Value,1000 USD,"Ginger, raw",1970,0
Import Quantity,t,"Ginger, raw",1971,2175
Import Value,1000 USD,"Ginger, raw",1971,1468
Export Quantity,t,"Ginger, raw",1971,0
Export Value,1000 USD,"Ginger, raw",1971,0
Import Quantity,t,"Ginger, raw",1972,1473
Import Value,1000 USD,"Ginger, raw",1972,986
Export Quantity,t,"Ginger, raw",1972,0
Export Value,1000 USD,"Ginger, raw",1972,0
Import Quantity,t,"Ginger, raw",1973,2765
Import Value,1000 USD,"Ginger, raw",1973,1981
Export Quantity,t,"Ginger, raw",1973,0
Export Value,1000 USD,"Ginger, raw",1973,0
Import Quantity,t,"Ginger, raw",1974,2367
Import Value,1000 USD,"Ginger, raw",1974,1637
Export Quantity,t,"Ginger, raw",1974,0
Export Value,1000 USD,"Ginger, raw",1974,0
Import Quantity,t,"Ginger, raw",1975,2935
Import Value,1000 USD,"Ginger, raw",1975,2284
Export Quantity,t,"Ginger, raw",1975,0
Export Value,1000 USD,"Ginger, raw",1975,0
Import Quantity,t,"Ginger, raw",1976,3091
Import Value,1000 USD,"Ginger, raw",1976,2409
Export Quantity,t,"Ginger, raw",1976,225
Export Value,1000 USD,"Ginger, raw",1976,282
Import Quantity,t,"Ginger, raw",1977,3383
Import Value,1000 USD,"Ginger, raw",1977,4328
Export Quantity,t,"Ginger, raw",1977,283
Export Value,1000 USD,"Ginger, raw",1977,489
Import Quantity,t,"Ginger, raw",1978,3039
Import Value,1000 USD,"Ginger, raw",1978,4629
Export Quantity,t,"Ginger, raw",1978,381
Export Value,1000 USD,"Ginger, raw",1978,710
Import Quantity,t,"Ginger, raw",1979,3802
Import Value,1000 USD,"Ginger, raw",1979,4571
Export Quantity,t,"Ginger, raw",1979,242
Export Value,1000 USD,"Ginger, raw",1979,492
Import Quantity,t,"Ginger, raw",1980,2734
Import Value,1000 USD,"Ginger, raw",1980,3201
Export Quantity,t,"Ginger, raw",1980,332
Export Value,1000 USD,"Ginger, raw",1980,498
Import Quantity,t,"Ginger, raw",1981,2946
Import Value,1000 USD,"Ginger, raw",1981,3713
Export Quantity,t,"Ginger, raw",1981,60
Export Value,1000 USD,"Ginger, raw",1981,142
Import Quantity,t,"Ginger, raw",1982,4076
Import Value,1000 USD,"Ginger, raw",1982,4652
Export Quantity,t,"Ginger, raw",1982,182
Export Value,1000 USD,"Ginger, raw",1982,326
Import Quantity,t,"Ginger, raw",1983,3652
Import Value,1000 USD,"Ginger, raw",1983,4274
Export Quantity,t,"Ginger, raw",1983,296
Export Value,1000 USD,"Ginger, raw",1983,522
Import Quantity,t,"Ginger, raw",1984,3567
Import Value,1000 USD,"Ginger, raw",1984,5339
Export Quantity,t,"Ginger, raw",1984,271
Export Value,1000 USD,"Ginger, raw",1984,696
Import Quantity,t,"Ginger, raw",1985,4563
Import Value,1000 USD,"Ginger, raw",1985,5473
Export Quantity,t,"Ginger, raw",1985,238
Export Value,1000 USD,"Ginger, raw",1985,453
Import Quantity,t,"Ginger, raw",1986,4125
Import Value,1000 USD,"Ginger, raw",1986,4593
Export Quantity,t,"Ginger, raw",1986,147
Export Value,1000 USD,"Ginger, raw",1986,339
Import Quantity,t,"Ginger, raw",1987,4921
Import Value,1000 USD,"Ginger, raw",1987,5455
Export Quantity,t,"Ginger, raw",1987,99
Export Value,1000 USD,"Ginger, raw",1987,171
Import Quantity,t,"Ginger, raw",1988,4364
Import Value,1000 USD,"Ginger, raw",1988,4429
Export Quantity,t,"Ginger, raw",1988,127
Export Value,1000 USD,"Ginger, raw",1988,189
Import Quantity,t,"Ginger, raw",1989,4995
Import Value,1000 USD,"Ginger, raw",1989,5839
Export Quantity,t,"Ginger, raw",1989,156
Export Value,1000 USD,"Ginger, raw",1989,365
Import Quantity,t,"Ginger, raw",1990,5702
Import Value,1000 USD,"Ginger, raw",1990,7779
Export Quantity,t,"Ginger, raw",1990,305
Export Value,1000 USD,"Ginger, raw",1990,648
Import Quantity,t,"Ginger, raw",1991,6802
Import Value,1000 USD,"Ginger, raw",1991,8262
Export Quantity,t,"Ginger, raw",1991,275
Export Value,1000 USD,"Ginger, raw",1991,539
Import Quantity,t,"Ginger, raw",1992,6979
Import Value,1000 USD,"Ginger, raw",1992,7775
Export Quantity,t,"Ginger, raw",1992,465
Export Value,1000 USD,"Ginger, raw",1992,470
Import Quantity,t,"Ginger, raw",1993,6477
Import Value,1000 USD,"Ginger, raw",1993,6958
Export Quantity,t,"Ginger, raw",1993,217
Export Value,1000 USD,"Ginger, raw",1993,362
Import Quantity,t,"Ginger, raw",1994,6575
Import Value,1000 USD,"Ginger, raw",1994,7140
Export Quantity,t,"Ginger, raw",1994,362
Export Value,1000 USD,"Ginger, raw",1994,646
Import Quantity,t,"Ginger, raw",1995,7389
Import Value,1000 USD,"Ginger, raw",1995,9504
Export Quantity,t,"Ginger, raw",1995,116
Export Value,1000 USD,"Ginger, raw",1995,516
Import Quantity,t,"Ginger, raw",1996,8532
Import Value,1000 USD,"Ginger, raw",1996,12337
Export Quantity,t,"Ginger, raw",1996,330
Export Value,1000 USD,"Ginger, raw",1996,701
Import Quantity,t,"Ginger, raw",1997,8561
Import Value,1000 USD,"Ginger, raw",1997,13702
Export Quantity,t,"Ginger, raw",1997,526
Export Value,1000 USD,"Ginger, raw",1997,1303
Import Quantity,t,"Ginger, raw",1998,10074
Import Value,1000 USD,"Ginger, raw",1998,11466
Export Quantity,t,"Ginger, raw",1998,545
Export Value,1000 USD,"Ginger, raw",1998,1277
Import Quantity,t,"Ginger, raw",1999,9289
Import Value,1000 USD,"Ginger, raw",1999,12301
Export Quantity,t,"Ginger, raw",1999,418
Export Value,1000 USD,"Ginger, raw",1999,1124
Import Quantity,t,"Ginger, raw",2000,10243
Import Value,1000 USD,"Ginger, raw",2000,11841
Export Quantity,t,"Ginger, raw",2000,1686.4
Export Value,1000 USD,"Ginger, raw",2000,1018
Import Quantity,t,"Ginger, raw",2001,11660
Import Value,1000 USD,"Ginger, raw",2001,10061
Export Quantity,t,"Ginger, raw",2001,480
Export Value,1000 USD,"Ginger, raw",2001,1100
Import Quantity,t,"Ginger, raw",2002,11050
Import Value,1000 USD,"Ginger, raw",2002,8576
Export Quantity,t,"Ginger, raw",2002,420
Export Value,1000 USD,"Ginger, raw",2002,817
Import Quantity,t,"Ginger, raw",2003,11480
Import Value,1000 USD,"Ginger, raw",2003,8684
Export Quantity,t,"Ginger, raw",2003,381
Export Value,1000 USD,"Ginger, raw",2003,712
Import Quantity,t,"Ginger, raw",2004,13289
Import Value,1000 USD,"Ginger, raw",2004,18019
Export Quantity,t,"Ginger, raw",2004,416
Export Value,1000 USD,"Ginger, raw",2004,1153
Import Quantity,t,"Ginger, raw",2005,14423
Import Value,1000 USD,"Ginger, raw",2005,17155
Export Quantity,t,"Ginger, raw",2005,330
Export Value,1000 USD,"Ginger, raw",2005,974
Import Quantity,t,"Ginger, raw",2006,15987
Import Value,1000 USD,"Ginger, raw",2006,16775
Export Quantity,t,"Ginger, raw",2006,302
Export Value,1000 USD,"Ginger, raw",2006,799
Import Quantity,t,"Ginger, raw",2007,15936
Import Value,1000 USD,"Ginger, raw",2007,19784
Export Quantity,t,"Ginger, raw",2007,423
Export Value,1000 USD,"Ginger, raw",2007,1635
Import Quantity,t,"Ginger, raw",2008,17423
Import Value,1000 USD,"Ginger, raw",2008,21732
Export Quantity,t,"Ginger, raw",2008,776
Export Value,1000 USD,"Ginger, raw",2008,2881
Import Quantity,t,"Ginger, raw",2009,21689
Import Value,1000 USD,"Ginger, raw",2009,24228
Export Quantity,t,"Ginger, raw",2009,1015
Export Value,1000 USD,"Ginger, raw",2009,2926
Import Quantity,t,"Ginger, raw",2010,18903
Import Value,1000 USD,"Ginger, raw",2010,34970
Export Quantity,t,"Ginger, raw",2010,1261
Export Value,1000 USD,"Ginger, raw",2010,4272
Import Quantity,t,"Ginger, raw",2011,20368
Import Value,1000 USD,"Ginger, raw",2011,28556
Export Quantity,t,"Ginger, raw",2011,945
Export Value,1000 USD,"Ginger, raw",2011,4072
Import Quantity,t,"Ginger, raw",2012,19432
Import Value,1000 USD,"Ginger, raw",2012,19924
Export Quantity,t,"Ginger, raw",2012,942
Export Value,1000 USD,"Ginger, raw",2012,3278
Import Quantity,t,"Ginger, raw",2013,19594
Import Value,1000 USD,"Ginger, raw",2013,30305
Export Quantity,t,"Ginger, raw",2013,1177
Export Value,1000 USD,"Ginger, raw",2013,4221
Import Quantity,t,"Ginger, raw",2014,19463.43
Import Value,1000 USD,"Ginger, raw",2014,52624
Export Quantity,t,"Ginger, raw",2014,867.82
Export Value,1000 USD,"Ginger, raw",2014,3865
Import Quantity,t,"Ginger, raw",2015,21691.62
Import Value,1000 USD,"Ginger, raw",2015,35565
Export Quantity,t,"Ginger, raw",2015,1141.96
Export Value,1000 USD,"Ginger, raw",2015,4221
Import Quantity,t,"Ginger, raw",2016,23847.43
Import Value,1000 USD,"Ginger, raw",2016,30092
Export Quantity,t,"Ginger, raw",2016,1308.13
Export Value,1000 USD,"Ginger, raw",2016,4781
Import Quantity,t,"Ginger, raw",2017,23207.24
Import Value,1000 USD,"Ginger, raw",2017,35178
Export Quantity,t,"Ginger, raw",2017,1362.83
Export Value,1000 USD,"Ginger, raw",2017,4082
Import Quantity,t,"Ginger, raw",2018,25492.93
Import Value,1000 USD,"Ginger, raw",2018,41020
Export Quantity,t,"Ginger, raw",2018,1123.43
Export Value,1000 USD,"Ginger, raw",2018,4238
Import Quantity,t,"Ginger, raw",2019,25501.41
Import Value,1000 USD,"Ginger, raw",2019,42180
Export Quantity,t,"Ginger, raw",2019,951.21
Export Value,1000 USD,"Ginger, raw",2019,3366
Import Quantity,t,"Ginger, raw",2020,28804.39
Import Value,1000 USD,"Ginger, raw",2020,64207
Export Quantity,t,"Ginger, raw",2020,1314.22
Export Value,1000 USD,"Ginger, raw",2020,5214
Import Quantity,t,"Ginger, raw",2021,30076.71
Import Value,1000 USD,"Ginger, raw",2021,66168
Export Quantity,t,"Ginger, raw",2021,1234.31
Export Value,1000 USD,"Ginger, raw",2021,5279
Import Quantity,t,"Ginger, raw",2022,29576.31
Import Value,1000 USD,"Ginger, raw",2022,49342
Export Quantity,t,"Ginger, raw",2022,1002.18
Export Value,1000 USD,"Ginger, raw",2022,2876
Import Quantity,t,Grapes,1961,52747
Import Value,1000 USD,Grapes,1961,20923
Export Quantity,t,Grapes,1961,1287
Export Value,1000 USD,Grapes,1961,654
Import Quantity,t,Grapes,1962,59243
Import Value,1000 USD,Grapes,1962,21237
Export Quantity,t,Grapes,1962,1152
Export Value,1000 USD,Grapes,1962,551
Import Quantity,t,Grapes,1963,50000
Import Value,1000 USD,Grapes,1963,21342
Export Quantity,t,Grapes,1963,826
Export Value,1000 USD,Grapes,1963,393
Import Quantity,t,Grapes,1964,59753
Import Value,1000 USD,Grapes,1964,24700
Export Quantity,t,Grapes,1964,715
Export Value,1000 USD,Grapes,1964,387
Import Quantity,t,Grapes,1965,63007
Import Value,1000 USD,Grapes,1965,24542
Export Quantity,t,Grapes,1965,917
Export Value,1000 USD,Grapes,1965,508
Import Quantity,t,Grapes,1966,67671
Import Value,1000 USD,Grapes,1966,29456
Export Quantity,t,Grapes,1966,418
Export Value,1000 USD,Grapes,1966,235
Import Quantity,t,Grapes,1967,64015
Import Value,1000 USD,Grapes,1967,27995
Export Quantity,t,Grapes,1967,488
Export Value,1000 USD,Grapes,1967,273
Import Quantity,t,Grapes,1968,73068
Import Value,1000 USD,Grapes,1968,25732
Export Quantity,t,Grapes,1968,683
Export Value,1000 USD,Grapes,1968,379
Import Quantity,t,Grapes,1969,70197
Import Value,1000 USD,Grapes,1969,25326
Export Quantity,t,Grapes,1969,677
Export Value,1000 USD,Grapes,1969,438
Import Quantity,t,Grapes,1970,74610
Import Value,1000 USD,Grapes,1970,25575
Export Quantity,t,Grapes,1970,914
Export Value,1000 USD,Grapes,1970,442
Import Quantity,t,Grapes,1971,71692
Import Value,1000 USD,Grapes,1971,27142
Export Quantity,t,Grapes,1971,548
Export Value,1000 USD,Grapes,1971,327
Import Quantity,t,Grapes,1972,59338
Import Value,1000 USD,Grapes,1972,28558
Export Quantity,t,Grapes,1972,2366
Export Value,1000 USD,Grapes,1972,1484
Import Quantity,t,Grapes,1973,57072
Import Value,1000 USD,Grapes,1973,32738
Export Quantity,t,Grapes,1973,1386
Export Value,1000 USD,Grapes,1973,1060
Import Quantity,t,Grapes,1974,60133
Import Value,1000 USD,Grapes,1974,37934
Export Quantity,t,Grapes,1974,1133
Export Value,1000 USD,Grapes,1974,992
Import Quantity,t,Grapes,1975,58698
Import Value,1000 USD,Grapes,1975,39578
Export Quantity,t,Grapes,1975,765
Export Value,1000 USD,Grapes,1975,678
Import Quantity,t,Grapes,1976,53028
Import Value,1000 USD,Grapes,1976,30093
Export Quantity,t,Grapes,1976,1126
Export Value,1000 USD,Grapes,1976,832
Import Quantity,t,Grapes,1977,45749
Import Value,1000 USD,Grapes,1977,34035
Export Quantity,t,Grapes,1977,565
Export Value,1000 USD,Grapes,1977,580
Import Quantity,t,Grapes,1978,54054
Import Value,1000 USD,Grapes,1978,50622
Export Quantity,t,Grapes,1978,621
Export Value,1000 USD,Grapes,1978,793
Import Quantity,t,Grapes,1979,69374
Import Value,1000 USD,Grapes,1979,68229
Export Quantity,t,Grapes,1979,932
Export Value,1000 USD,Grapes,1979,1216
Import Quantity,t,Grapes,1980,75101
Import Value,1000 USD,Grapes,1980,92374
Export Quantity,t,Grapes,1980,1754
Export Value,1000 USD,Grapes,1980,3160
Import Quantity,t,Grapes,1981,79698
Import Value,1000 USD,Grapes,1981,87362
Export Quantity,t,Grapes,1981,1295
Export Value,1000 USD,Grapes,1981,1949
Import Quantity,t,Grapes,1982,79201
Import Value,1000 USD,Grapes,1982,81978
Export Quantity,t,Grapes,1982,1578
Export Value,1000 USD,Grapes,1982,2021
Import Quantity,t,Grapes,1983,85704
Import Value,1000 USD,Grapes,1983,79424
Export Quantity,t,Grapes,1983,2041
Export Value,1000 USD,Grapes,1983,2264
Import Quantity,t,Grapes,1984,86217
Import Value,1000 USD,Grapes,1984,74223
Export Quantity,t,Grapes,1984,2640
Export Value,1000 USD,Grapes,1984,2893
Import Quantity,t,Grapes,1985,106382
Import Value,1000 USD,Grapes,1985,84000
Export Quantity,t,Grapes,1985,2758
Export Value,1000 USD,Grapes,1985,3317
Import Quantity,t,Grapes,1986,101071
Import Value,1000 USD,Grapes,1986,105272
Export Quantity,t,Grapes,1986,2446
Export Value,1000 USD,Grapes,1986,3551
Import Quantity,t,Grapes,1987,107797
Import Value,1000 USD,Grapes,1987,123778
Export Quantity,t,Grapes,1987,1474
Export Value,1000 USD,Grapes,1987,2278
Import Quantity,t,Grapes,1988,121674
Import Value,1000 USD,Grapes,1988,160482
Export Quantity,t,Grapes,1988,1243
Export Value,1000 USD,Grapes,1988,2180
Import Quantity,t,Grapes,1989,120747
Import Value,1000 USD,Grapes,1989,158286
Export Quantity,t,Grapes,1989,1738
Export Value,1000 USD,Grapes,1989,2425
Import Quantity,t,Grapes,1990,120672
Import Value,1000 USD,Grapes,1990,186193
Export Quantity,t,Grapes,1990,2069
Export Value,1000 USD,Grapes,1990,3655
Import Quantity,t,Grapes,1991,123136
Import Value,1000 USD,Grapes,1991,193038
Export Quantity,t,Grapes,1991,1932
Export Value,1000 USD,Grapes,1991,3288
Import Quantity,t,Grapes,1992,135149
Import Value,1000 USD,Grapes,1992,198211
Export Quantity,t,Grapes,1992,2864
Export Value,1000 USD,Grapes,1992,5440
Import Quantity,t,Grapes,1993,124224
Import Value,1000 USD,Grapes,1993,164334
Export Quantity,t,Grapes,1993,2147
Export Value,1000 USD,Grapes,1993,4229
Import Quantity,t,Grapes,1994,135307
Import Value,1000 USD,Grapes,1994,197226
Export Quantity,t,Grapes,1994,2358
Export Value,1000 USD,Grapes,1994,4253
Import Quantity,t,Grapes,1995,114279
Import Value,1000 USD,Grapes,1995,205403
Export Quantity,t,Grapes,1995,1821
Export Value,1000 USD,Grapes,1995,3783
Import Quantity,t,Grapes,1996,126348
Import Value,1000 USD,Grapes,1996,222603
Export Quantity,t,Grapes,1996,3651
Export Value,1000 USD,Grapes,1996,6174
Import Quantity,t,Grapes,1997,123589
Import Value,1000 USD,Grapes,1997,227200
Export Quantity,t,Grapes,1997,2095
Export Value,1000 USD,Grapes,1997,4748
Import Quantity,t,Grapes,1998,155527
Import Value,1000 USD,Grapes,1998,284126
Export Quantity,t,Grapes,1998,3456
Export Value,1000 USD,Grapes,1998,6429
Import Quantity,t,Grapes,1999,153546
Import Value,1000 USD,Grapes,1999,264825
Export Quantity,t,Grapes,1999,5107
Export Value,1000 USD,Grapes,1999,11293
Import Quantity,t,Grapes,2000,158319
Import Value,1000 USD,Grapes,2000,254290
Export Quantity,t,Grapes,2000,5611
Export Value,1000 USD,Grapes,2000,9798
Import Quantity,t,Grapes,2001,169343
Import Value,1000 USD,Grapes,2001,288922
Export Quantity,t,Grapes,2001,4511
Export Value,1000 USD,Grapes,2001,8344
Import Quantity,t,Grapes,2002,195000
Import Value,1000 USD,Grapes,2002,339451
Export Quantity,t,Grapes,2002,8525
Export Value,1000 USD,Grapes,2002,17963
Import Quantity,t,Grapes,2003,202181
Import Value,1000 USD,Grapes,2003,373235
Export Quantity,t,Grapes,2003,6849
Export Value,1000 USD,Grapes,2003,14563
Import Quantity,t,Grapes,2004,225251
Import Value,1000 USD,Grapes,2004,453223
Export Quantity,t,Grapes,2004,8484
Export Value,1000 USD,Grapes,2004,18173
Import Quantity,t,Grapes,2005,246248
Import Value,1000 USD,Grapes,2005,499660
Export Quantity,t,Grapes,2005,13319
Export Value,1000 USD,Grapes,2005,43804
Import Quantity,t,Grapes,2006,273342
Import Value,1000 USD,Grapes,2006,555307
Export Quantity,t,Grapes,2006,16065
Export Value,1000 USD,Grapes,2006,34449
Import Quantity,t,Grapes,2007,253152
Import Value,1000 USD,Grapes,2007,612387
Export Quantity,t,Grapes,2007,6419
Export Value,1000 USD,Grapes,2007,17110
Import Quantity,t,Grapes,2008,273074
Import Value,1000 USD,Grapes,2008,680462
Export Quantity,t,Grapes,2008,10862
Export Value,1000 USD,Grapes,2008,23481
Import Quantity,t,Grapes,2009,244171
Import Value,1000 USD,Grapes,2009,560832
Export Quantity,t,Grapes,2009,6969
Export Value,1000 USD,Grapes,2009,14174
Import Quantity,t,Grapes,2010,245579
Import Value,1000 USD,Grapes,2010,583668
Export Quantity,t,Grapes,2010,6613
Export Value,1000 USD,Grapes,2010,15561
Import Quantity,t,Grapes,2011,231033
Import Value,1000 USD,Grapes,2011,635087
Export Quantity,t,Grapes,2011,5321
Export Value,1000 USD,Grapes,2011,11305
Import Quantity,t,Grapes,2012,246103
Import Value,1000 USD,Grapes,2012,641402
Export Quantity,t,Grapes,2012,6615
Export Value,1000 USD,Grapes,2012,14810
Import Quantity,t,Grapes,2013,250073
Import Value,1000 USD,Grapes,2013,665652
Export Quantity,t,Grapes,2013,9318
Export Value,1000 USD,Grapes,2013,23392
Import Quantity,t,Grapes,2014,253451.1
Import Value,1000 USD,Grapes,2014,734114
Export Quantity,t,Grapes,2014,5189.5
Export Value,1000 USD,Grapes,2014,16202
Import Quantity,t,Grapes,2015,252220.1
Import Value,1000 USD,Grapes,2015,658443
Export Quantity,t,Grapes,2015,4876.7
Export Value,1000 USD,Grapes,2015,12261
Import Quantity,t,Grapes,2016,266945.62
Import Value,1000 USD,Grapes,2016,651967
Export Quantity,t,Grapes,2016,5347.31
Export Value,1000 USD,Grapes,2016,12203
Import Quantity,t,Grapes,2017,266853.77
Import Value,1000 USD,Grapes,2017,658474
Export Quantity,t,Grapes,2017,5563.91
Export Value,1000 USD,Grapes,2017,13129
Import Quantity,t,Grapes,2018,268278.06
Import Value,1000 USD,Grapes,2018,676371
Export Quantity,t,Grapes,2018,5392.94
Export Value,1000 USD,Grapes,2018,13684
Import Quantity,t,Grapes,2019,277921.03
Import Value,1000 USD,Grapes,2019,649914
Export Quantity,t,Grapes,2019,6075.73
Export Value,1000 USD,Grapes,2019,13990
Import Quantity,t,Grapes,2020,277240.31
Import Value,1000 USD,Grapes,2020,680976
Export Quantity,t,Grapes,2020,9134.08
Export Value,1000 USD,Grapes,2020,23270
Import Quantity,t,Grapes,2021,269235.81
Import Value,1000 USD,Grapes,2021,678547
Export Quantity,t,Grapes,2021,2500.67
Export Value,1000 USD,Grapes,2021,6558
Import Quantity,t,Grapes,2022,271631.64
Import Value,1000 USD,Grapes,2022,660514
Export Quantity,t,Grapes,2022,2083.16
Export Value,1000 USD,Grapes,2022,4702
Import Quantity,t,"Hazelnuts, in shell",1961,1944
Import Value,1000 USD,"Hazelnuts, in shell",1961,926
Export Quantity,t,"Hazelnuts, in shell",1961,6
Export Value,1000 USD,"Hazelnuts, in shell",1961,4
Import Quantity,t,"Hazelnuts, in shell",1962,1121
Import Value,1000 USD,"Hazelnuts, in shell",1962,689
Export Quantity,t,"Hazelnuts, in shell",1962,4
Export Value,1000 USD,"Hazelnuts, in shell",1962,1
Import Quantity,t,"Hazelnuts, in shell",1963,1749
Import Value,1000 USD,"Hazelnuts, in shell",1963,951
Export Quantity,t,"Hazelnuts, in shell",1963,8
Export Value,1000 USD,"Hazelnuts, in shell",1963,6
Import Quantity,t,"Hazelnuts, in shell",1964,2050
Import Value,1000 USD,"Hazelnuts, in shell",1964,995
Export Quantity,t,"Hazelnuts, in shell",1964,4
Export Value,1000 USD,"Hazelnuts, in shell",1964,3
Import Quantity,t,"Hazelnuts, in shell",1965,1991
Import Value,1000 USD,"Hazelnuts, in shell",1965,909
Export Quantity,t,"Hazelnuts, in shell",1965,40
Export Value,1000 USD,"Hazelnuts, in shell",1965,28
Import Quantity,t,"Hazelnuts, in shell",1966,2141
Import Value,1000 USD,"Hazelnuts, in shell",1966,986
Export Quantity,t,"Hazelnuts, in shell",1966,15
Export Value,1000 USD,"Hazelnuts, in shell",1966,7
Import Quantity,t,"Hazelnuts, in shell",1967,1414
Import Value,1000 USD,"Hazelnuts, in shell",1967,781
Export Quantity,t,"Hazelnuts, in shell",1967,2
Export Value,1000 USD,"Hazelnuts, in shell",1967,2
Import Quantity,t,"Hazelnuts, in shell",1968,1793
Import Value,1000 USD,"Hazelnuts, in shell",1968,992
Export Quantity,t,"Hazelnuts, in shell",1968,2
Export Value,1000 USD,"Hazelnuts, in shell",1968,1
Import Quantity,t,"Hazelnuts, in shell",1969,1186
Import Value,1000 USD,"Hazelnuts, in shell",1969,776
Export Quantity,t,"Hazelnuts, in shell",1969,0
Export Value,1000 USD,"Hazelnuts, in shell",1969,0
Import Quantity,t,"Hazelnuts, in shell",1970,1949
Import Value,1000 USD,"Hazelnuts, in shell",1970,1209
Export Quantity,t,"Hazelnuts, in shell",1970,0
Export Value,1000 USD,"Hazelnuts, in shell",1970,0
Import Quantity,t,"Hazelnuts, in shell",1971,4559
Import Value,1000 USD,"Hazelnuts, in shell",1971,6114
Export Quantity,t,"Hazelnuts, in shell",1971,0
Export Value,1000 USD,"Hazelnuts, in shell",1971,0
Import Quantity,t,"Hazelnuts, in shell",1972,1884
Import Value,1000 USD,"Hazelnuts, in shell",1972,1261
Export Quantity,t,"Hazelnuts, in shell",1972,0
Export Value,1000 USD,"Hazelnuts, in shell",1972,0
Import Quantity,t,"Hazelnuts, in shell",1973,979
Import Value,1000 USD,"Hazelnuts, in shell",1973,755
Export Quantity,t,"Hazelnuts, in shell",1973,0
Export Value,1000 USD,"Hazelnuts, in shell",1973,0
Import Quantity,t,"Hazelnuts, in shell",1974,739
Import Value,1000 USD,"Hazelnuts, in shell",1974,657
Export Quantity,t,"Hazelnuts, in shell",1974,0
Export Value,1000 USD,"Hazelnuts, in shell",1974,0
Import Quantity,t,"Hazelnuts, in shell",1975,1042
Import Value,1000 USD,"Hazelnuts, in shell",1975,946
Export Quantity,t,"Hazelnuts, in shell",1975,10
Export Value,1000 USD,"Hazelnuts, in shell",1975,13
Import Quantity,t,"Hazelnuts, in shell",1976,726
Import Value,1000 USD,"Hazelnuts, in shell",1976,670
Export Quantity,t,"Hazelnuts, in shell",1976,12
Export Value,1000 USD,"Hazelnuts, in shell",1976,13
Import Quantity,t,"Hazelnuts, in shell",1977,662
Import Value,1000 USD,"Hazelnuts, in shell",1977,602
Export Quantity,t,"Hazelnuts, in shell",1977,10
Export Value,1000 USD,"Hazelnuts, in shell",1977,12
Import Quantity,t,"Hazelnuts, in shell",1978,1326
Import Value,1000 USD,"Hazelnuts, in shell",1978,1737
Export Quantity,t,"Hazelnuts, in shell",1978,61
Export Value,1000 USD,"Hazelnuts, in shell",1978,106
Import Quantity,t,"Hazelnuts, in shell",1979,753
Import Value,1000 USD,"Hazelnuts, in shell",1979,6136
Export Quantity,t,"Hazelnuts, in shell",1979,92
Export Value,1000 USD,"Hazelnuts, in shell",1979,578
Import Quantity,t,"Hazelnuts, in shell",1980,702
Import Value,1000 USD,"Hazelnuts, in shell",1980,1534
Export Quantity,t,"Hazelnuts, in shell",1980,77
Export Value,1000 USD,"Hazelnuts, in shell",1980,304
Import Quantity,t,"Hazelnuts, in shell",1981,1614
Import Value,1000 USD,"Hazelnuts, in shell",1981,2627
Export Quantity,t,"Hazelnuts, in shell",1981,55
Export Value,1000 USD,"Hazelnuts, in shell",1981,119
Import Quantity,t,"Hazelnuts, in shell",1982,1225
Import Value,1000 USD,"Hazelnuts, in shell",1982,1781
Export Quantity,t,"Hazelnuts, in shell",1982,40
Export Value,1000 USD,"Hazelnuts, in shell",1982,65
Import Quantity,t,"Hazelnuts, in shell",1983,1677
Import Value,1000 USD,"Hazelnuts, in shell",1983,2046
Export Quantity,t,"Hazelnuts, in shell",1983,1
Export Value,1000 USD,"Hazelnuts, in shell",1983,2
Import Quantity,t,"Hazelnuts, in shell",1984,1379
Import Value,1000 USD,"Hazelnuts, in shell",1984,1526
Export Quantity,t,"Hazelnuts, in shell",1984,64
Export Value,1000 USD,"Hazelnuts, in shell",1984,137
Import Quantity,t,"Hazelnuts, in shell",1985,1402
Import Value,1000 USD,"Hazelnuts, in shell",1985,1911
Export Quantity,t,"Hazelnuts, in shell",1985,23
Export Value,1000 USD,"Hazelnuts, in shell",1985,60
Import Quantity,t,"Hazelnuts, in shell",1986,1021
Import Value,1000 USD,"Hazelnuts, in shell",1986,2267
Export Quantity,t,"Hazelnuts, in shell",1986,70
Export Value,1000 USD,"Hazelnuts, in shell",1986,212
Import Quantity,t,"Hazelnuts, in shell",1987,2105
Import Value,1000 USD,"Hazelnuts, in shell",1987,5136
Export Quantity,t,"Hazelnuts, in shell",1987,101
Export Value,1000 USD,"Hazelnuts, in shell",1987,335
Import Quantity,t,"Hazelnuts, in shell",1988,1691
Import Value,1000 USD,"Hazelnuts, in shell",1988,3313
Export Quantity,t,"Hazelnuts, in shell",1988,14
Export Value,1000 USD,"Hazelnuts, in shell",1988,30
Import Quantity,t,"Hazelnuts, in shell",1989,1644
Import Value,1000 USD,"Hazelnuts, in shell",1989,2530
Export Quantity,t,"Hazelnuts, in shell",1989,49
Export Value,1000 USD,"Hazelnuts, in shell",1989,114
Import Quantity,t,"Hazelnuts, in shell",1990,1321
Import Value,1000 USD,"Hazelnuts, in shell",1990,2373
Export Quantity,t,"Hazelnuts, in shell",1990,44
Export Value,1000 USD,"Hazelnuts, in shell",1990,154
Import Quantity,t,"Hazelnuts, in shell",1991,1647
Import Value,1000 USD,"Hazelnuts, in shell",1991,2749
Export Quantity,t,"Hazelnuts, in shell",1991,27
Export Value,1000 USD,"Hazelnuts, in shell",1991,76
Import Quantity,t,"Hazelnuts, in shell",1992,1255
Import Value,1000 USD,"Hazelnuts, in shell",1992,1986
Export Quantity,t,"Hazelnuts, in shell",1992,59
Export Value,1000 USD,"Hazelnuts, in shell",1992,175
Import Quantity,t,"Hazelnuts, in shell",1993,1376
Import Value,1000 USD,"Hazelnuts, in shell",1993,2369
Export Quantity,t,"Hazelnuts, in shell",1993,15
Export Value,1000 USD,"Hazelnuts, in shell",1993,43
Import Quantity,t,"Hazelnuts, in shell",1994,1540
Import Value,1000 USD,"Hazelnuts, in shell",1994,2736
Export Quantity,t,"Hazelnuts, in shell",1994,38
Export Value,1000 USD,"Hazelnuts, in shell",1994,96
Import Quantity,t,"Hazelnuts, in shell",1995,991
Import Value,1000 USD,"Hazelnuts, in shell",1995,2150
Export Quantity,t,"Hazelnuts, in shell",1995,42
Export Value,1000 USD,"Hazelnuts, in shell",1995,123
Import Quantity,t,"Hazelnuts, in shell",1996,976
Import Value,1000 USD,"Hazelnuts, in shell",1996,2072
Export Quantity,t,"Hazelnuts, in shell",1996,46
Export Value,1000 USD,"Hazelnuts, in shell",1996,143
Import Quantity,t,"Hazelnuts, in shell",1997,1020
Import Value,1000 USD,"Hazelnuts, in shell",1997,2725
Export Quantity,t,"Hazelnuts, in shell",1997,87
Export Value,1000 USD,"Hazelnuts, in shell",1997,199
Import Quantity,t,"Hazelnuts, in shell",1998,971
Import Value,1000 USD,"Hazelnuts, in shell",1998,2132
Export Quantity,t,"Hazelnuts, in shell",1998,51
Export Value,1000 USD,"Hazelnuts, in shell",1998,154
Import Quantity,t,"Hazelnuts, in shell",1999,813
Import Value,1000 USD,"Hazelnuts, in shell",1999,1690
Export Quantity,t,"Hazelnuts, in shell",1999,58
Export Value,1000 USD,"Hazelnuts, in shell",1999,227
Import Quantity,t,"Hazelnuts, in shell",2000,609
Import Value,1000 USD,"Hazelnuts, in shell",2000,1295
Export Quantity,t,"Hazelnuts, in shell",2000,27
Export Value,1000 USD,"Hazelnuts, in shell",2000,91
Import Quantity,t,"Hazelnuts, in shell",2001,793
Import Value,1000 USD,"Hazelnuts, in shell",2001,1690
Export Quantity,t,"Hazelnuts, in shell",2001,37
Export Value,1000 USD,"Hazelnuts, in shell",2001,113
Import Quantity,t,"Hazelnuts, in shell",2002,650
Import Value,1000 USD,"Hazelnuts, in shell",2002,1244
Export Quantity,t,"Hazelnuts, in shell",2002,31
Export Value,1000 USD,"Hazelnuts, in shell",2002,100
Import Quantity,t,"Hazelnuts, in shell",2003,495
Import Value,1000 USD,"Hazelnuts, in shell",2003,1131
Export Quantity,t,"Hazelnuts, in shell",2003,39
Export Value,1000 USD,"Hazelnuts, in shell",2003,134
Import Quantity,t,"Hazelnuts, in shell",2004,580
Import Value,1000 USD,"Hazelnuts, in shell",2004,2117
Export Quantity,t,"Hazelnuts, in shell",2004,30
Export Value,1000 USD,"Hazelnuts, in shell",2004,175
Import Quantity,t,"Hazelnuts, in shell",2005,567
Import Value,1000 USD,"Hazelnuts, in shell",2005,2648
Export Quantity,t,"Hazelnuts, in shell",2005,33
Export Value,1000 USD,"Hazelnuts, in shell",2005,182
Import Quantity,t,"Hazelnuts, in shell",2006,348
Import Value,1000 USD,"Hazelnuts, in shell",2006,1039
Export Quantity,t,"Hazelnuts, in shell",2006,17
Export Value,1000 USD,"Hazelnuts, in shell",2006,218
Import Quantity,t,"Hazelnuts, in shell",2007,132
Import Value,1000 USD,"Hazelnuts, in shell",2007,489
Export Quantity,t,"Hazelnuts, in shell",2007,25
Export Value,1000 USD,"Hazelnuts, in shell",2007,185
Import Quantity,t,"Hazelnuts, in shell",2008,171
Import Value,1000 USD,"Hazelnuts, in shell",2008,812
Export Quantity,t,"Hazelnuts, in shell",2008,60
Export Value,1000 USD,"Hazelnuts, in shell",2008,283
Import Quantity,t,"Hazelnuts, in shell",2009,229
Import Value,1000 USD,"Hazelnuts, in shell",2009,1018
Export Quantity,t,"Hazelnuts, in shell",2009,24
Export Value,1000 USD,"Hazelnuts, in shell",2009,126
Import Quantity,t,"Hazelnuts, in shell",2010,208
Import Value,1000 USD,"Hazelnuts, in shell",2010,914
Export Quantity,t,"Hazelnuts, in shell",2010,12
Export Value,1000 USD,"Hazelnuts, in shell",2010,75
Import Quantity,t,"Hazelnuts, in shell",2011,293
Import Value,1000 USD,"Hazelnuts, in shell",2011,1355
Export Quantity,t,"Hazelnuts, in shell",2011,14
Export Value,1000 USD,"Hazelnuts, in shell",2011,100
Import Quantity,t,"Hazelnuts, in shell",2012,114
Import Value,1000 USD,"Hazelnuts, in shell",2012,529
Export Quantity,t,"Hazelnuts, in shell",2012,6
Export Value,1000 USD,"Hazelnuts, in shell",2012,42
Import Quantity,t,"Hazelnuts, in shell",2013,226
Import Value,1000 USD,"Hazelnuts, in shell",2013,1250
Export Quantity,t,"Hazelnuts, in shell",2013,30
Export Value,1000 USD,"Hazelnuts, in shell",2013,102
Import Quantity,t,"Hazelnuts, in shell",2014,111.4
Import Value,1000 USD,"Hazelnuts, in shell",2014,682
Export Quantity,t,"Hazelnuts, in shell",2014,7.2
Export Value,1000 USD,"Hazelnuts, in shell",2014,49
Import Quantity,t,"Hazelnuts, in shell",2015,147.1
Import Value,1000 USD,"Hazelnuts, in shell",2015,992
Export Quantity,t,"Hazelnuts, in shell",2015,11.4
Export Value,1000 USD,"Hazelnuts, in shell",2015,109
Import Quantity,t,"Hazelnuts, in shell",2016,102.09
Import Value,1000 USD,"Hazelnuts, in shell",2016,518
Export Quantity,t,"Hazelnuts, in shell",2016,3.54
Export Value,1000 USD,"Hazelnuts, in shell",2016,63
Import Quantity,t,"Hazelnuts, in shell",2017,164.36
Import Value,1000 USD,"Hazelnuts, in shell",2017,650
Export Quantity,t,"Hazelnuts, in shell",2017,2.9
Export Value,1000 USD,"Hazelnuts, in shell",2017,25
Import Quantity,t,"Hazelnuts, in shell",2018,86.81
Import Value,1000 USD,"Hazelnuts, in shell",2018,426
Export Quantity,t,"Hazelnuts, in shell",2018,2.11
Export Value,1000 USD,"Hazelnuts, in shell",2018,14
Import Quantity,t,"Hazelnuts, in shell",2019,74.41
Import Value,1000 USD,"Hazelnuts, in shell",2019,326
Export Quantity,t,"Hazelnuts, in shell",2019,0.87
Export Value,1000 USD,"Hazelnuts, in shell",2019,17
Import Quantity,t,"Hazelnuts, in shell",2020,210.1
Import Value,1000 USD,"Hazelnuts, in shell",2020,1103
Export Quantity,t,"Hazelnuts, in shell",2020,2.11
Export Value,1000 USD,"Hazelnuts, in shell",2020,24
Import Quantity,t,"Hazelnuts, in shell",2021,130.32
Import Value,1000 USD,"Hazelnuts, in shell",2021,595
Export Quantity,t,"Hazelnuts, in shell",2021,0.2
Export Value,1000 USD,"Hazelnuts, in shell",2021,2
Import Quantity,t,"Hazelnuts, in shell",2022,295.08
Import Value,1000 USD,"Hazelnuts, in shell",2022,1129
Export Quantity,t,"Hazelnuts, in shell",2022,5.76
Export Value,1000 USD,"Hazelnuts, in shell",2022,33
Import Quantity,t,"Hen eggs in shell, fresh",1961,25707
Import Value,1000 USD,"Hen eggs in shell, fresh",1961,13452
Export Quantity,t,"Hen eggs in shell, fresh",1961,604
Export Value,1000 USD,"Hen eggs in shell, fresh",1961,341
Import Quantity,t,"Hen eggs in shell, fresh",1962,16501
Import Value,1000 USD,"Hen eggs in shell, fresh",1962,8498
Export Quantity,t,"Hen eggs in shell, fresh",1962,738
Export Value,1000 USD,"Hen eggs in shell, fresh",1962,405
Import Quantity,t,"Hen eggs in shell, fresh",1963,19014
Import Value,1000 USD,"Hen eggs in shell, fresh",1963,11746
Export Quantity,t,"Hen eggs in shell, fresh",1963,3316
Export Value,1000 USD,"Hen eggs in shell, fresh",1963,1589
Import Quantity,t,"Hen eggs in shell, fresh",1964,12216
Import Value,1000 USD,"Hen eggs in shell, fresh",1964,5874
Export Quantity,t,"Hen eggs in shell, fresh",1964,3195
Export Value,1000 USD,"Hen eggs in shell, fresh",1964,1309
Import Quantity,t,"Hen eggs in shell, fresh",1965,15048
Import Value,1000 USD,"Hen eggs in shell, fresh",1965,7790
Export Quantity,t,"Hen eggs in shell, fresh",1965,2867
Export Value,1000 USD,"Hen eggs in shell, fresh",1965,1456
Import Quantity,t,"Hen eggs in shell, fresh",1966,13495
Import Value,1000 USD,"Hen eggs in shell, fresh",1966,6392
Export Quantity,t,"Hen eggs in shell, fresh",1966,1487
Export Value,1000 USD,"Hen eggs in shell, fresh",1966,1061
Import Quantity,t,"Hen eggs in shell, fresh",1967,18203
Import Value,1000 USD,"Hen eggs in shell, fresh",1967,7298
Export Quantity,t,"Hen eggs in shell, fresh",1967,1554
Export Value,1000 USD,"Hen eggs in shell, fresh",1967,1238
Import Quantity,t,"Hen eggs in shell, fresh",1968,13768
Import Value,1000 USD,"Hen eggs in shell, fresh",1968,5569
Export Quantity,t,"Hen eggs in shell, fresh",1968,3169
Export Value,1000 USD,"Hen eggs in shell, fresh",1968,1500
Import Quantity,t,"Hen eggs in shell, fresh",1969,11688
Import Value,1000 USD,"Hen eggs in shell, fresh",1969,5031
Export Quantity,t,"Hen eggs in shell, fresh",1969,3433
Export Value,1000 USD,"Hen eggs in shell, fresh",1969,2237
Import Quantity,t,"Hen eggs in shell, fresh",1970,11342
Import Value,1000 USD,"Hen eggs in shell, fresh",1970,5069
Export Quantity,t,"Hen eggs in shell, fresh",1970,2648
Export Value,1000 USD,"Hen eggs in shell, fresh",1970,2943
Import Quantity,t,"Hen eggs in shell, fresh",1971,8316
Import Value,1000 USD,"Hen eggs in shell, fresh",1971,4077
Export Quantity,t,"Hen eggs in shell, fresh",1971,1348
Export Value,1000 USD,"Hen eggs in shell, fresh",1971,1421
Import Quantity,t,"Hen eggs in shell, fresh",1972,1036
Import Value,1000 USD,"Hen eggs in shell, fresh",1972,696
Export Quantity,t,"Hen eggs in shell, fresh",1972,3245
Export Value,1000 USD,"Hen eggs in shell, fresh",1972,3087
Import Quantity,t,"Hen eggs in shell, fresh",1973,17633
Import Value,1000 USD,"Hen eggs in shell, fresh",1973,15106
Export Quantity,t,"Hen eggs in shell, fresh",1973,2036
Export Value,1000 USD,"Hen eggs in shell, fresh",1973,4634
Import Quantity,t,"Hen eggs in shell, fresh",1974,19447
Import Value,1000 USD,"Hen eggs in shell, fresh",1974,17330
Export Quantity,t,"Hen eggs in shell, fresh",1974,4418
Export Value,1000 USD,"Hen eggs in shell, fresh",1974,7198
Import Quantity,t,"Hen eggs in shell, fresh",1975,16789
Import Value,1000 USD,"Hen eggs in shell, fresh",1975,13732
Export Quantity,t,"Hen eggs in shell, fresh",1975,7147
Export Value,1000 USD,"Hen eggs in shell, fresh",1975,9405
Import Quantity,t,"Hen eggs in shell, fresh",1976,4330
Import Value,1000 USD,"Hen eggs in shell, fresh",1976,3343
Export Quantity,t,"Hen eggs in shell, fresh",1976,10131
Export Value,1000 USD,"Hen eggs in shell, fresh",1976,10220
Import Quantity,t,"Hen eggs in shell, fresh",1977,3359
Import Value,1000 USD,"Hen eggs in shell, fresh",1977,3143
Export Quantity,t,"Hen eggs in shell, fresh",1977,13807
Export Value,1000 USD,"Hen eggs in shell, fresh",1977,13469
Import Quantity,t,"Hen eggs in shell, fresh",1978,3472
Import Value,1000 USD,"Hen eggs in shell, fresh",1978,3421
Export Quantity,t,"Hen eggs in shell, fresh",1978,25064
Export Value,1000 USD,"Hen eggs in shell, fresh",1978,21331
Import Quantity,t,"Hen eggs in shell, fresh",1979,16449
Import Value,1000 USD,"Hen eggs in shell, fresh",1979,17275
Export Quantity,t,"Hen eggs in shell, fresh",1979,35304
Export Value,1000 USD,"Hen eggs in shell, fresh",1979,32605
Import Quantity,t,"Hen eggs in shell, fresh",1980,23833
Import Value,1000 USD,"Hen eggs in shell, fresh",1980,31545
Export Quantity,t,"Hen eggs in shell, fresh",1980,26511
Export Value,1000 USD,"Hen eggs in shell, fresh",1980,38901
Import Quantity,t,"Hen eggs in shell, fresh",1981,20312
Import Value,1000 USD,"Hen eggs in shell, fresh",1981,24563
Export Quantity,t,"Hen eggs in shell, fresh",1981,23803
Export Value,1000 USD,"Hen eggs in shell, fresh",1981,35596
Import Quantity,t,"Hen eggs in shell, fresh",1982,5997
Import Value,1000 USD,"Hen eggs in shell, fresh",1982,6832
Export Quantity,t,"Hen eggs in shell, fresh",1982,20602
Export Value,1000 USD,"Hen eggs in shell, fresh",1982,22257
Import Quantity,t,"Hen eggs in shell, fresh",1983,16249
Import Value,1000 USD,"Hen eggs in shell, fresh",1983,15419
Export Quantity,t,"Hen eggs in shell, fresh",1983,21357
Export Value,1000 USD,"Hen eggs in shell, fresh",1983,20499
Import Quantity,t,"Hen eggs in shell, fresh",1984,25828
Import Value,1000 USD,"Hen eggs in shell, fresh",1984,23984
Export Quantity,t,"Hen eggs in shell, fresh",1984,15517
Export Value,1000 USD,"Hen eggs in shell, fresh",1984,15253
Import Quantity,t,"Hen eggs in shell, fresh",1985,27542
Import Value,1000 USD,"Hen eggs in shell, fresh",1985,21290
Export Quantity,t,"Hen eggs in shell, fresh",1985,14159
Export Value,1000 USD,"Hen eggs in shell, fresh",1985,14246
Import Quantity,t,"Hen eggs in shell, fresh",1986,20329
Import Value,1000 USD,"Hen eggs in shell, fresh",1986,17435
Export Quantity,t,"Hen eggs in shell, fresh",1986,13931
Export Value,1000 USD,"Hen eggs in shell, fresh",1986,13450
Import Quantity,t,"Hen eggs in shell, fresh",1987,11276
Import Value,1000 USD,"Hen eggs in shell, fresh",1987,12767
Export Quantity,t,"Hen eggs in shell, fresh",1987,13142
Export Value,1000 USD,"Hen eggs in shell, fresh",1987,16715
Import Quantity,t,"Hen eggs in shell, fresh",1988,14447
Import Value,1000 USD,"Hen eggs in shell, fresh",1988,15284
Export Quantity,t,"Hen eggs in shell, fresh",1988,15940
Export Value,1000 USD,"Hen eggs in shell, fresh",1988,18029
Import Quantity,t,"Hen eggs in shell, fresh",1989,24742
Import Value,1000 USD,"Hen eggs in shell, fresh",1989,28891
Export Quantity,t,"Hen eggs in shell, fresh",1989,21918
Export Value,1000 USD,"Hen eggs in shell, fresh",1989,23237
Import Quantity,t,"Hen eggs in shell, fresh",1990,43408
Import Value,1000 USD,"Hen eggs in shell, fresh",1990,55020
Export Quantity,t,"Hen eggs in shell, fresh",1990,6674
Export Value,1000 USD,"Hen eggs in shell, fresh",1990,12189
Import Quantity,t,"Hen eggs in shell, fresh",1991,24960
Import Value,1000 USD,"Hen eggs in shell, fresh",1991,32784
Export Quantity,t,"Hen eggs in shell, fresh",1991,10432
Export Value,1000 USD,"Hen eggs in shell, fresh",1991,19286
Import Quantity,t,"Hen eggs in shell, fresh",1992,18062
Import Value,1000 USD,"Hen eggs in shell, fresh",1992,22571
Export Quantity,t,"Hen eggs in shell, fresh",1992,9691
Export Value,1000 USD,"Hen eggs in shell, fresh",1992,18919
Import Quantity,t,"Hen eggs in shell, fresh",1993,12692
Import Value,1000 USD,"Hen eggs in shell, fresh",1993,15414
Export Quantity,t,"Hen eggs in shell, fresh",1993,7229
Export Value,1000 USD,"Hen eggs in shell, fresh",1993,13968
Import Quantity,t,"Hen eggs in shell, fresh",1994,21605
Import Value,1000 USD,"Hen eggs in shell, fresh",1994,24803
Export Quantity,t,"Hen eggs in shell, fresh",1994,3813
Export Value,1000 USD,"Hen eggs in shell, fresh",1994,20050
Import Quantity,t,"Hen eggs in shell, fresh",1995,15570
Import Value,1000 USD,"Hen eggs in shell, fresh",1995,17472
Export Quantity,t,"Hen eggs in shell, fresh",1995,5021
Export Value,1000 USD,"Hen eggs in shell, fresh",1995,14826
Import Quantity,t,"Hen eggs in shell, fresh",1996,20225
Import Value,1000 USD,"Hen eggs in shell, fresh",1996,26553
Export Quantity,t,"Hen eggs in shell, fresh",1996,6512
Export Value,1000 USD,"Hen eggs in shell, fresh",1996,16722
Import Quantity,t,"Hen eggs in shell, fresh",1997,15142
Import Value,1000 USD,"Hen eggs in shell, fresh",1997,19706
Export Quantity,t,"Hen eggs in shell, fresh",1997,10216
Export Value,1000 USD,"Hen eggs in shell, fresh",1997,19151
Import Quantity,t,"Hen eggs in shell, fresh",1998,13100
Import Value,1000 USD,"Hen eggs in shell, fresh",1998,15749
Export Quantity,t,"Hen eggs in shell, fresh",1998,24288
Export Value,1000 USD,"Hen eggs in shell, fresh",1998,34324
Import Quantity,t,"Hen eggs in shell, fresh",1999,14538
Import Value,1000 USD,"Hen eggs in shell, fresh",1999,15480
Export Quantity,t,"Hen eggs in shell, fresh",1999,10954
Export Value,1000 USD,"Hen eggs in shell, fresh",1999,18496
Import Quantity,t,"Hen eggs in shell, fresh",2000,32773
Import Value,1000 USD,"Hen eggs in shell, fresh",2000,33023
Export Quantity,t,"Hen eggs in shell, fresh",2000,9661
Export Value,1000 USD,"Hen eggs in shell, fresh",2000,17190
Import Quantity,t,"Hen eggs in shell, fresh",2001,41158
Import Value,1000 USD,"Hen eggs in shell, fresh",2001,38855
Export Quantity,t,"Hen eggs in shell, fresh",2001,7581
Export Value,1000 USD,"Hen eggs in shell, fresh",2001,17760
Import Quantity,t,"Hen eggs in shell, fresh",2002,45688
Import Value,1000 USD,"Hen eggs in shell, fresh",2002,50296
Export Quantity,t,"Hen eggs in shell, fresh",2002,8218
Export Value,1000 USD,"Hen eggs in shell, fresh",2002,29632
Import Quantity,t,"Hen eggs in shell, fresh",2003,42692
Import Value,1000 USD,"Hen eggs in shell, fresh",2003,68720
Export Quantity,t,"Hen eggs in shell, fresh",2003,8699
Export Value,1000 USD,"Hen eggs in shell, fresh",2003,27383
Import Quantity,t,"Hen eggs in shell, fresh",2004,37277
Import Value,1000 USD,"Hen eggs in shell, fresh",2004,68343
Export Quantity,t,"Hen eggs in shell, fresh",2004,9090
Export Value,1000 USD,"Hen eggs in shell, fresh",2004,34336
Import Quantity,t,"Hen eggs in shell, fresh",2005,37710
Import Value,1000 USD,"Hen eggs in shell, fresh",2005,61799
Export Quantity,t,"Hen eggs in shell, fresh",2005,8615
Export Value,1000 USD,"Hen eggs in shell, fresh",2005,32421
Import Quantity,t,"Hen eggs in shell, fresh",2006,40998
Import Value,1000 USD,"Hen eggs in shell, fresh",2006,72058
Export Quantity,t,"Hen eggs in shell, fresh",2006,8255
Export Value,1000 USD,"Hen eggs in shell, fresh",2006,30513
Import Quantity,t,"Hen eggs in shell, fresh",2007,53750
Import Value,1000 USD,"Hen eggs in shell, fresh",2007,98570
Export Quantity,t,"Hen eggs in shell, fresh",2007,8482
Export Value,1000 USD,"Hen eggs in shell, fresh",2007,35049
Import Quantity,t,"Hen eggs in shell, fresh",2008,53267
Import Value,1000 USD,"Hen eggs in shell, fresh",2008,104077
Export Quantity,t,"Hen eggs in shell, fresh",2008,7329
Export Value,1000 USD,"Hen eggs in shell, fresh",2008,49949
Import Quantity,t,"Hen eggs in shell, fresh",2009,48258
Import Value,1000 USD,"Hen eggs in shell, fresh",2009,107299
Export Quantity,t,"Hen eggs in shell, fresh",2009,7016
Export Value,1000 USD,"Hen eggs in shell, fresh",2009,47533
Import Quantity,t,"Hen eggs in shell, fresh",2010,36099
Import Value,1000 USD,"Hen eggs in shell, fresh",2010,90350
Export Quantity,t,"Hen eggs in shell, fresh",2010,6783
Export Value,1000 USD,"Hen eggs in shell, fresh",2010,51435
Import Quantity,t,"Hen eggs in shell, fresh",2011,31096
Import Value,1000 USD,"Hen eggs in shell, fresh",2011,82671
Export Quantity,t,"Hen eggs in shell, fresh",2011,8326
Export Value,1000 USD,"Hen eggs in shell, fresh",2011,57472
Import Quantity,t,"Hen eggs in shell, fresh",2012,52217
Import Value,1000 USD,"Hen eggs in shell, fresh",2012,124153
Export Quantity,t,"Hen eggs in shell, fresh",2012,10357
Export Value,1000 USD,"Hen eggs in shell, fresh",2012,59036
Import Quantity,t,"Hen eggs in shell, fresh",2013,44933
Import Value,1000 USD,"Hen eggs in shell, fresh",2013,108219
Export Quantity,t,"Hen eggs in shell, fresh",2013,16735
Export Value,1000 USD,"Hen eggs in shell, fresh",2013,111588
Import Quantity,t,"Hen eggs in shell, fresh",2014,36271.6
Import Value,1000 USD,"Hen eggs in shell, fresh",2014,86091
Export Quantity,t,"Hen eggs in shell, fresh",2014,15339.8
Export Value,1000 USD,"Hen eggs in shell, fresh",2014,137501
Import Quantity,t,"Hen eggs in shell, fresh",2015,31874.52
Import Value,1000 USD,"Hen eggs in shell, fresh",2015,72700
Export Quantity,t,"Hen eggs in shell, fresh",2015,11601.33
Export Value,1000 USD,"Hen eggs in shell, fresh",2015,126417
Import Quantity,t,"Hen eggs in shell, fresh",2016,29506.34
Import Value,1000 USD,"Hen eggs in shell, fresh",2016,47415
Export Quantity,t,"Hen eggs in shell, fresh",2016,10810.39
Export Value,1000 USD,"Hen eggs in shell, fresh",2016,67247
Import Quantity,t,"Hen eggs in shell, fresh",2017,20081.32
Import Value,1000 USD,"Hen eggs in shell, fresh",2017,38139
Export Quantity,t,"Hen eggs in shell, fresh",2017,15353.01
Export Value,1000 USD,"Hen eggs in shell, fresh",2017,84737
Import Quantity,t,"Hen eggs in shell, fresh",2018,16738.65
Import Value,1000 USD,"Hen eggs in shell, fresh",2018,31391
Export Quantity,t,"Hen eggs in shell, fresh",2018,18417.45
Export Value,1000 USD,"Hen eggs in shell, fresh",2018,102862
Import Quantity,t,"Hen eggs in shell, fresh",2019,20693.53
Import Value,1000 USD,"Hen eggs in shell, fresh",2019,36944
Export Quantity,t,"Hen eggs in shell, fresh",2019,19250.72
Export Value,1000 USD,"Hen eggs in shell, fresh",2019,112214
Import Quantity,t,"Hen eggs in shell, fresh",2020,29667.76
Import Value,1000 USD,"Hen eggs in shell, fresh",2020,85667
Export Quantity,t,"Hen eggs in shell, fresh",2020,17962.33
Export Value,1000 USD,"Hen eggs in shell, fresh",2020,124674
Import Quantity,t,"Hen eggs in shell, fresh",2021,25154.32
Import Value,1000 USD,"Hen eggs in shell, fresh",2021,63051
Export Quantity,t,"Hen eggs in shell, fresh",2021,21768.16
Export Value,1000 USD,"Hen eggs in shell, fresh",2021,116014
Import Quantity,t,"Hen eggs in shell, fresh",2022,27160.99
Import Value,1000 USD,"Hen eggs in shell, fresh",2022,80879
Export Quantity,t,"Hen eggs in shell, fresh",2022,21031.73
Export Value,1000 USD,"Hen eggs in shell, fresh",2022,107192
Import Quantity,t,Ice cream and other edible ice,1961,0
Import Value,1000 USD,Ice cream and other edible ice,1961,0
Export Quantity,t,Ice cream and other edible ice,1961,0
Export Value,1000 USD,Ice cream and other edible ice,1961,0
Import Quantity,t,Ice cream and other edible ice,1962,0
Import Value,1000 USD,Ice cream and other edible ice,1962,0
Export Quantity,t,Ice cream and other edible ice,1962,0
Export Value,1000 USD,Ice cream and other edible ice,1962,0
Import Quantity,t,Ice cream and other edible ice,1963,0
Import Value,1000 USD,Ice cream and other edible ice,1963,0
Export Quantity,t,Ice cream and other edible ice,1963,0
Export Value,1000 USD,Ice cream and other edible ice,1963,0
Import Quantity,t,Ice cream and other edible ice,1964,0
Import Value,1000 USD,Ice cream and other edible ice,1964,0
Export Quantity,t,Ice cream and other edible ice,1964,0
Export Value,1000 USD,Ice cream and other edible ice,1964,0
Import Quantity,t,Ice cream and other edible ice,1965,0
Import Value,1000 USD,Ice cream and other edible ice,1965,0
Export Quantity,t,Ice cream and other edible ice,1965,0
Export Value,1000 USD,Ice cream and other edible ice,1965,0
Import Quantity,t,Ice cream and other edible ice,1966,0
Import Value,1000 USD,Ice cream and other edible ice,1966,0
Export Quantity,t,Ice cream and other edible ice,1966,0
Export Value,1000 USD,Ice cream and other edible ice,1966,0
Import Quantity,t,Ice cream and other edible ice,1967,0
Import Value,1000 USD,Ice cream and other edible ice,1967,0
Export Quantity,t,Ice cream and other edible ice,1967,0
Export Value,1000 USD,Ice cream and other edible ice,1967,0
Import Quantity,t,Ice cream and other edible ice,1968,0
Import Value,1000 USD,Ice cream and other edible ice,1968,0
Export Quantity,t,Ice cream and other edible ice,1968,0
Export Value,1000 USD,Ice cream and other edible ice,1968,0
Import Quantity,t,Ice cream and other edible ice,1969,0
Import Value,1000 USD,Ice cream and other edible ice,1969,0
Export Quantity,t,Ice cream and other edible ice,1969,0
Export Value,1000 USD,Ice cream and other edible ice,1969,0
Import Quantity,t,Ice cream and other edible ice,1970,0
Import Value,1000 USD,Ice cream and other edible ice,1970,0
Export Quantity,t,Ice cream and other edible ice,1970,0
Export Value,1000 USD,Ice cream and other edible ice,1970,0
Import Quantity,t,Ice cream and other edible ice,1971,0
Import Value,1000 USD,Ice cream and other edible ice,1971,0
Export Quantity,t,Ice cream and other edible ice,1971,0
Export Value,1000 USD,Ice cream and other edible ice,1971,0
Import Quantity,t,Ice cream and other edible ice,1972,0
Import Value,1000 USD,Ice cream and other edible ice,1972,0
Export Quantity,t,Ice cream and other edible ice,1972,0
Export Value,1000 USD,Ice cream and other edible ice,1972,0
Import Quantity,t,Ice cream and other edible ice,1973,0
Import Value,1000 USD,Ice cream and other edible ice,1973,0
Export Quantity,t,Ice cream and other edible ice,1973,0
Export Value,1000 USD,Ice cream and other edible ice,1973,0
Import Quantity,t,Ice cream and other edible ice,1974,0
Import Value,1000 USD,Ice cream and other edible ice,1974,0
Export Quantity,t,Ice cream and other edible ice,1974,0
Export Value,1000 USD,Ice cream and other edible ice,1974,0
Import Quantity,t,Ice cream and other edible ice,1975,0
Import Value,1000 USD,Ice cream and other edible ice,1975,0
Export Quantity,t,Ice cream and other edible ice,1975,0
Export Value,1000 USD,Ice cream and other edible ice,1975,0
Import Quantity,t,Ice cream and other edible ice,1976,0
Import Value,1000 USD,Ice cream and other edible ice,1976,0
Export Quantity,t,Ice cream and other edible ice,1976,0
Export Value,1000 USD,Ice cream and other edible ice,1976,0
Import Quantity,t,Ice cream and other edible ice,1977,0
Import Value,1000 USD,Ice cream and other edible ice,1977,0
Export Quantity,t,Ice cream and other edible ice,1977,0
Export Value,1000 USD,Ice cream and other edible ice,1977,0
Import Quantity,t,Ice cream and other edible ice,1978,0
Import Value,1000 USD,Ice cream and other edible ice,1978,0
Export Quantity,t,Ice cream and other edible ice,1978,0
Export Value,1000 USD,Ice cream and other edible ice,1978,0
Import Quantity,t,Ice cream and other edible ice,1979,0
Import Value,1000 USD,Ice cream and other edible ice,1979,0
Export Quantity,t,Ice cream and other edible ice,1979,0
Export Value,1000 USD,Ice cream and other edible ice,1979,0
Import Quantity,t,Ice cream and other edible ice,1980,0
Import Value,1000 USD,Ice cream and other edible ice,1980,0
Export Quantity,t,Ice cream and other edible ice,1980,0
Export Value,1000 USD,Ice cream and other edible ice,1980,0
Import Quantity,t,Ice cream and other edible ice,1981,0
Import Value,1000 USD,Ice cream and other edible ice,1981,0
Export Quantity,t,Ice cream and other edible ice,1981,0
Export Value,1000 USD,Ice cream and other edible ice,1981,0
Import Quantity,t,Ice cream and other edible ice,1982,0
Import Value,1000 USD,Ice cream and other edible ice,1982,0
Export Quantity,t,Ice cream and other edible ice,1982,0
Export Value,1000 USD,Ice cream and other edible ice,1982,0
Import Quantity,t,Ice cream and other edible ice,1983,0
Import Value,1000 USD,Ice cream and other edible ice,1983,0
Export Quantity,t,Ice cream and other edible ice,1983,0
Export Value,1000 USD,Ice cream and other edible ice,1983,0
Import Quantity,t,Ice cream and other edible ice,1984,0
Import Value,1000 USD,Ice cream and other edible ice,1984,0
Export Quantity,t,Ice cream and other edible ice,1984,0
Export Value,1000 USD,Ice cream and other edible ice,1984,0
Import Quantity,t,Ice cream and other edible ice,1985,0
Import Value,1000 USD,Ice cream and other edible ice,1985,0
Export Quantity,t,Ice cream and other edible ice,1985,0
Export Value,1000 USD,Ice cream and other edible ice,1985,0
Import Quantity,t,Ice cream and other edible ice,1986,0
Import Value,1000 USD,Ice cream and other edible ice,1986,0
Export Quantity,t,Ice cream and other edible ice,1986,0
Export Value,1000 USD,Ice cream and other edible ice,1986,0
Import Quantity,t,Ice cream and other edible ice,1987,0
Import Value,1000 USD,Ice cream and other edible ice,1987,0
Export Quantity,t,Ice cream and other edible ice,1987,0
Export Value,1000 USD,Ice cream and other edible ice,1987,0
Import Quantity,t,Ice cream and other edible ice,1988,9580
Import Value,1000 USD,Ice cream and other edible ice,1988,21951
Export Quantity,t,Ice cream and other edible ice,1988,5799
Export Value,1000 USD,Ice cream and other edible ice,1988,11143
Import Quantity,t,Ice cream and other edible ice,1989,9729
Import Value,1000 USD,Ice cream and other edible ice,1989,28149
Export Quantity,t,Ice cream and other edible ice,1989,6257
Export Value,1000 USD,Ice cream and other edible ice,1989,11755
Import Quantity,t,Ice cream and other edible ice,1990,19012
Import Value,1000 USD,Ice cream and other edible ice,1990,75805
Export Quantity,t,Ice cream and other edible ice,1990,6604
Export Value,1000 USD,Ice cream and other edible ice,1990,17944
Import Quantity,t,Ice cream and other edible ice,1991,20247
Import Value,1000 USD,Ice cream and other edible ice,1991,66295
Export Quantity,t,Ice cream and other edible ice,1991,3857
Export Value,1000 USD,Ice cream and other edible ice,1991,13639
Import Quantity,t,Ice cream and other edible ice,1992,27053
Import Value,1000 USD,Ice cream and other edible ice,1992,85396
Export Quantity,t,Ice cream and other edible ice,1992,6416
Export Value,1000 USD,Ice cream and other edible ice,1992,19943
Import Quantity,t,Ice cream and other edible ice,1993,37412
Import Value,1000 USD,Ice cream and other edible ice,1993,91080
Export Quantity,t,Ice cream and other edible ice,1993,10836
Export Value,1000 USD,Ice cream and other edible ice,1993,29400
Import Quantity,t,Ice cream and other edible ice,1994,33942
Import Value,1000 USD,Ice cream and other edible ice,1994,128225
Export Quantity,t,Ice cream and other edible ice,1994,18896
Export Value,1000 USD,Ice cream and other edible ice,1994,49408
Import Quantity,t,Ice cream and other edible ice,1995,30138
Import Value,1000 USD,Ice cream and other edible ice,1995,101014
Export Quantity,t,Ice cream and other edible ice,1995,27906
Export Value,1000 USD,Ice cream and other edible ice,1995,63734
Import Quantity,t,Ice cream and other edible ice,1996,27205
Import Value,1000 USD,Ice cream and other edible ice,1996,83297
Export Quantity,t,Ice cream and other edible ice,1996,23207
Export Value,1000 USD,Ice cream and other edible ice,1996,62509
Import Quantity,t,Ice cream and other edible ice,1997,38132
Import Value,1000 USD,Ice cream and other edible ice,1997,105485
Export Quantity,t,Ice cream and other edible ice,1997,25758
Export Value,1000 USD,Ice cream and other edible ice,1997,68219
Import Quantity,t,Ice cream and other edible ice,1998,54079
Import Value,1000 USD,Ice cream and other edible ice,1998,149993
Export Quantity,t,Ice cream and other edible ice,1998,32018
Export Value,1000 USD,Ice cream and other edible ice,1998,80774
Import Quantity,t,Ice cream and other edible ice,1999,57838
Import Value,1000 USD,Ice cream and other edible ice,1999,165344
Export Quantity,t,Ice cream and other edible ice,1999,40358
Export Value,1000 USD,Ice cream and other edible ice,1999,88872
Import Quantity,t,Ice cream and other edible ice,2000,62752
Import Value,1000 USD,Ice cream and other edible ice,2000,158960
Export Quantity,t,Ice cream and other edible ice,2000,41297
Export Value,1000 USD,Ice cream and other edible ice,2000,85201
Import Quantity,t,Ice cream and other edible ice,2001,63985
Import Value,1000 USD,Ice cream and other edible ice,2001,160683
Export Quantity,t,Ice cream and other edible ice,2001,34643
Export Value,1000 USD,Ice cream and other edible ice,2001,66673
Import Quantity,t,Ice cream and other edible ice,2002,75921
Import Value,1000 USD,Ice cream and other edible ice,2002,193382
Export Quantity,t,Ice cream and other edible ice,2002,36589
Export Value,1000 USD,Ice cream and other edible ice,2002,78332
Import Quantity,t,Ice cream and other edible ice,2003,76781
Import Value,1000 USD,Ice cream and other edible ice,2003,211651
Export Quantity,t,Ice cream and other edible ice,2003,40849
Export Value,1000 USD,Ice cream and other edible ice,2003,77803
Import Quantity,t,Ice cream and other edible ice,2004,89346
Import Value,1000 USD,Ice cream and other edible ice,2004,260147
Export Quantity,t,Ice cream and other edible ice,2004,51272
Export Value,1000 USD,Ice cream and other edible ice,2004,88206
Import Quantity,t,Ice cream and other edible ice,2005,82363
Import Value,1000 USD,Ice cream and other edible ice,2005,233214
Export Quantity,t,Ice cream and other edible ice,2005,50477
Export Value,1000 USD,Ice cream and other edible ice,2005,85116
Import Quantity,t,Ice cream and other edible ice,2006,90204
Import Value,1000 USD,Ice cream and other edible ice,2006,250368
Export Quantity,t,Ice cream and other edible ice,2006,55518
Export Value,1000 USD,Ice cream and other edible ice,2006,92440
Import Quantity,t,Ice cream and other edible ice,2007,92760
Import Value,1000 USD,Ice cream and other edible ice,2007,280426
Export Quantity,t,Ice cream and other edible ice,2007,39008
Export Value,1000 USD,Ice cream and other edible ice,2007,96177
Import Quantity,t,Ice cream and other edible ice,2008,94681
Import Value,1000 USD,Ice cream and other edible ice,2008,299398
Export Quantity,t,Ice cream and other edible ice,2008,33321
Export Value,1000 USD,Ice cream and other edible ice,2008,89925
Import Quantity,t,Ice cream and other edible ice,2009,124649
Import Value,1000 USD,Ice cream and other edible ice,2009,291560
Export Quantity,t,Ice cream and other edible ice,2009,38503
Export Value,1000 USD,Ice cream and other edible ice,2009,96707
Import Quantity,t,Ice cream and other edible ice,2010,110192
Import Value,1000 USD,Ice cream and other edible ice,2010,295847
Export Quantity,t,Ice cream and other edible ice,2010,42313
Export Value,1000 USD,Ice cream and other edible ice,2010,99874
Import Quantity,t,Ice cream and other edible ice,2011,114399
Import Value,1000 USD,Ice cream and other edible ice,2011,328587
Export Quantity,t,Ice cream and other edible ice,2011,48048
Export Value,1000 USD,Ice cream and other edible ice,2011,138258
Import Quantity,t,Ice cream and other edible ice,2012,106088
Import Value,1000 USD,Ice cream and other edible ice,2012,305723
Export Quantity,t,Ice cream and other edible ice,2012,46400
Export Value,1000 USD,Ice cream and other edible ice,2012,126139
Import Quantity,t,Ice cream and other edible ice,2013,112918
Import Value,1000 USD,Ice cream and other edible ice,2013,325844
Export Quantity,t,Ice cream and other edible ice,2013,55116
Export Value,1000 USD,Ice cream and other edible ice,2013,139206
Import Quantity,t,Ice cream and other edible ice,2014,107696.4
Import Value,1000 USD,Ice cream and other edible ice,2014,311918
Export Quantity,t,Ice cream and other edible ice,2014,53732.99
Export Value,1000 USD,Ice cream and other edible ice,2014,154598
Import Quantity,t,Ice cream and other edible ice,2015,118439.02
Import Value,1000 USD,Ice cream and other edible ice,2015,280442
Export Quantity,t,Ice cream and other edible ice,2015,54120.51
Export Value,1000 USD,Ice cream and other edible ice,2015,137281
Import Quantity,t,Ice cream and other edible ice,2016,122351.41
Import Value,1000 USD,Ice cream and other edible ice,2016,306452
Export Quantity,t,Ice cream and other edible ice,2016,52298.42
Export Value,1000 USD,Ice cream and other edible ice,2016,141970
Import Quantity,t,Ice cream and other edible ice,2017,124482.23
Import Value,1000 USD,Ice cream and other edible ice,2017,332220
Export Quantity,t,Ice cream and other edible ice,2017,47936.08
Export Value,1000 USD,Ice cream and other edible ice,2017,138854
Import Quantity,t,Ice cream and other edible ice,2018,140668.1
Import Value,1000 USD,Ice cream and other edible ice,2018,422880
Export Quantity,t,Ice cream and other edible ice,2018,54322.08
Export Value,1000 USD,Ice cream and other edible ice,2018,161144
Import Quantity,t,Ice cream and other edible ice,2019,146356.87
Import Value,1000 USD,Ice cream and other edible ice,2019,401477
Export Quantity,t,Ice cream and other edible ice,2019,52985.12
Export Value,1000 USD,Ice cream and other edible ice,2019,151685
Import Quantity,t,Ice cream and other edible ice,2020,140273.87
Import Value,1000 USD,Ice cream and other edible ice,2020,420921
Export Quantity,t,Ice cream and other edible ice,2020,57177.4
Export Value,1000 USD,Ice cream and other edible ice,2020,168452
Import Quantity,t,Ice cream and other edible ice,2021,138078.93
Import Value,1000 USD,Ice cream and other edible ice,2021,471876
Export Quantity,t,Ice cream and other edible ice,2021,50400.29
Export Value,1000 USD,Ice cream and other edible ice,2021,167483
Import Quantity,t,Ice cream and other edible ice,2022,130360.68
Import Value,1000 USD,Ice cream and other edible ice,2022,461486
Export Quantity,t,Ice cream and other edible ice,2022,43454.62
Export Value,1000 USD,Ice cream and other edible ice,2022,162314
Import Quantity,t,Kiwi fruit,1961,0
Import Value,1000 USD,Kiwi fruit,1961,0
Export Quantity,t,Kiwi fruit,1961,0
Export Value,1000 USD,Kiwi fruit,1961,0
Import Quantity,t,Kiwi fruit,1962,0
Import Value,1000 USD,Kiwi fruit,1962,0
Export Quantity,t,Kiwi fruit,1962,0
Export Value,1000 USD,Kiwi fruit,1962,0
Import Quantity,t,Kiwi fruit,1963,0
Import Value,1000 USD,Kiwi fruit,1963,0
Export Quantity,t,Kiwi fruit,1963,0
Export Value,1000 USD,Kiwi fruit,1963,0
Import Quantity,t,Kiwi fruit,1964,0
Import Value,1000 USD,Kiwi fruit,1964,0
Export Quantity,t,Kiwi fruit,1964,0
Export Value,1000 USD,Kiwi fruit,1964,0
Import Quantity,t,Kiwi fruit,1965,0
Import Value,1000 USD,Kiwi fruit,1965,0
Export Quantity,t,Kiwi fruit,1965,0
Export Value,1000 USD,Kiwi fruit,1965,0
Import Quantity,t,Kiwi fruit,1966,0
Import Value,1000 USD,Kiwi fruit,1966,0
Export Quantity,t,Kiwi fruit,1966,0
Export Value,1000 USD,Kiwi fruit,1966,0
Import Quantity,t,Kiwi fruit,1967,0
Import Value,1000 USD,Kiwi fruit,1967,0
Export Quantity,t,Kiwi fruit,1967,0
Export Value,1000 USD,Kiwi fruit,1967,0
Import Quantity,t,Kiwi fruit,1968,0
Import Value,1000 USD,Kiwi fruit,1968,0
Export Quantity,t,Kiwi fruit,1968,0
Export Value,1000 USD,Kiwi fruit,1968,0
Import Quantity,t,Kiwi fruit,1969,0
Import Value,1000 USD,Kiwi fruit,1969,0
Export Quantity,t,Kiwi fruit,1969,0
Export Value,1000 USD,Kiwi fruit,1969,0
Import Quantity,t,Kiwi fruit,1970,0
Import Value,1000 USD,Kiwi fruit,1970,0
Export Quantity,t,Kiwi fruit,1970,0
Export Value,1000 USD,Kiwi fruit,1970,0
Import Quantity,t,Kiwi fruit,1971,0
Import Value,1000 USD,Kiwi fruit,1971,0
Export Quantity,t,Kiwi fruit,1971,0
Export Value,1000 USD,Kiwi fruit,1971,0
Import Quantity,t,Kiwi fruit,1972,0
Import Value,1000 USD,Kiwi fruit,1972,0
Export Quantity,t,Kiwi fruit,1972,0
Export Value,1000 USD,Kiwi fruit,1972,0
Import Quantity,t,Kiwi fruit,1973,0
Import Value,1000 USD,Kiwi fruit,1973,0
Export Quantity,t,Kiwi fruit,1973,0
Export Value,1000 USD,Kiwi fruit,1973,0
Import Quantity,t,Kiwi fruit,1974,0
Import Value,1000 USD,Kiwi fruit,1974,0
Export Quantity,t,Kiwi fruit,1974,0
Export Value,1000 USD,Kiwi fruit,1974,0
Import Quantity,t,Kiwi fruit,1975,0
Import Value,1000 USD,Kiwi fruit,1975,0
Export Quantity,t,Kiwi fruit,1975,0
Export Value,1000 USD,Kiwi fruit,1975,0
Import Quantity,t,Kiwi fruit,1976,0
Import Value,1000 USD,Kiwi fruit,1976,0
Export Quantity,t,Kiwi fruit,1976,0
Export Value,1000 USD,Kiwi fruit,1976,0
Import Quantity,t,Kiwi fruit,1977,0
Import Value,1000 USD,Kiwi fruit,1977,0
Export Quantity,t,Kiwi fruit,1977,0
Export Value,1000 USD,Kiwi fruit,1977,0
Import Quantity,t,Kiwi fruit,1978,0
Import Value,1000 USD,Kiwi fruit,1978,0
Export Quantity,t,Kiwi fruit,1978,0
Export Value,1000 USD,Kiwi fruit,1978,0
Import Quantity,t,Kiwi fruit,1979,0
Import Value,1000 USD,Kiwi fruit,1979,0
Export Quantity,t,Kiwi fruit,1979,0
Export Value,1000 USD,Kiwi fruit,1979,0
Import Quantity,t,Kiwi fruit,1980,0
Import Value,1000 USD,Kiwi fruit,1980,0
Export Quantity,t,Kiwi fruit,1980,0
Export Value,1000 USD,Kiwi fruit,1980,0
Import Quantity,t,Kiwi fruit,1981,0
Import Value,1000 USD,Kiwi fruit,1981,0
Export Quantity,t,Kiwi fruit,1981,0
Export Value,1000 USD,Kiwi fruit,1981,0
Import Quantity,t,Kiwi fruit,1982,0
Import Value,1000 USD,Kiwi fruit,1982,0
Export Quantity,t,Kiwi fruit,1982,0
Export Value,1000 USD,Kiwi fruit,1982,0
Import Quantity,t,Kiwi fruit,1983,0
Import Value,1000 USD,Kiwi fruit,1983,0
Export Quantity,t,Kiwi fruit,1983,0
Export Value,1000 USD,Kiwi fruit,1983,0
Import Quantity,t,Kiwi fruit,1984,0
Import Value,1000 USD,Kiwi fruit,1984,0
Export Quantity,t,Kiwi fruit,1984,0
Export Value,1000 USD,Kiwi fruit,1984,0
Import Quantity,t,Kiwi fruit,1985,0
Import Value,1000 USD,Kiwi fruit,1985,0
Export Quantity,t,Kiwi fruit,1985,0
Export Value,1000 USD,Kiwi fruit,1985,0
Import Quantity,t,Kiwi fruit,1986,0
Import Value,1000 USD,Kiwi fruit,1986,0
Export Quantity,t,Kiwi fruit,1986,0
Export Value,1000 USD,Kiwi fruit,1986,0
Import Quantity,t,Kiwi fruit,1987,0
Import Value,1000 USD,Kiwi fruit,1987,0
Export Quantity,t,Kiwi fruit,1987,0
Export Value,1000 USD,Kiwi fruit,1987,0
Import Quantity,t,Kiwi fruit,1988,6766
Import Value,1000 USD,Kiwi fruit,1988,13390
Export Quantity,t,Kiwi fruit,1988,261
Export Value,1000 USD,Kiwi fruit,1988,650
Import Quantity,t,Kiwi fruit,1989,9154
Import Value,1000 USD,Kiwi fruit,1989,18479
Export Quantity,t,Kiwi fruit,1989,165
Export Value,1000 USD,Kiwi fruit,1989,295
Import Quantity,t,Kiwi fruit,1990,13495
Import Value,1000 USD,Kiwi fruit,1990,23517
Export Quantity,t,Kiwi fruit,1990,489
Export Value,1000 USD,Kiwi fruit,1990,887
Import Quantity,t,Kiwi fruit,1991,12658
Import Value,1000 USD,Kiwi fruit,1991,22791
Export Quantity,t,Kiwi fruit,1991,337
Export Value,1000 USD,Kiwi fruit,1991,647
Import Quantity,t,Kiwi fruit,1992,17606
Import Value,1000 USD,Kiwi fruit,1992,26441
Export Quantity,t,Kiwi fruit,1992,228
Export Value,1000 USD,Kiwi fruit,1992,372
Import Quantity,t,Kiwi fruit,1993,15985
Import Value,1000 USD,Kiwi fruit,1993,15162
Export Quantity,t,Kiwi fruit,1993,151
Export Value,1000 USD,Kiwi fruit,1993,103
Import Quantity,t,Kiwi fruit,1994,23788
Import Value,1000 USD,Kiwi fruit,1994,28411
Export Quantity,t,Kiwi fruit,1994,157
Export Value,1000 USD,Kiwi fruit,1994,136
Import Quantity,t,Kiwi fruit,1995,19926
Import Value,1000 USD,Kiwi fruit,1995,26089
Export Quantity,t,Kiwi fruit,1995,154
Export Value,1000 USD,Kiwi fruit,1995,173
Import Quantity,t,Kiwi fruit,1996,21254
Import Value,1000 USD,Kiwi fruit,1996,26328
Export Quantity,t,Kiwi fruit,1996,297
Export Value,1000 USD,Kiwi fruit,1996,363
Import Quantity,t,Kiwi fruit,1997,26091
Import Value,1000 USD,Kiwi fruit,1997,33334
Export Quantity,t,Kiwi fruit,1997,522
Export Value,1000 USD,Kiwi fruit,1997,628
Import Quantity,t,Kiwi fruit,1998,27935
Import Value,1000 USD,Kiwi fruit,1998,40389
Export Quantity,t,Kiwi fruit,1998,361
Export Value,1000 USD,Kiwi fruit,1998,559
Import Quantity,t,Kiwi fruit,1999,27302
Import Value,1000 USD,Kiwi fruit,1999,32904
Export Quantity,t,Kiwi fruit,1999,570
Export Value,1000 USD,Kiwi fruit,1999,464
Import Quantity,t,Kiwi fruit,2000,29432
Import Value,1000 USD,Kiwi fruit,2000,27356
Export Quantity,t,Kiwi fruit,2000,1061
Export Value,1000 USD,Kiwi fruit,2000,1384
Import Quantity,t,Kiwi fruit,2001,33395
Import Value,1000 USD,Kiwi fruit,2001,30279
Export Quantity,t,Kiwi fruit,2001,798
Export Value,1000 USD,Kiwi fruit,2001,1206
Import Quantity,t,Kiwi fruit,2002,31690
Import Value,1000 USD,Kiwi fruit,2002,39689
Export Quantity,t,Kiwi fruit,2002,1995
Export Value,1000 USD,Kiwi fruit,2002,2726
Import Quantity,t,Kiwi fruit,2003,33702
Import Value,1000 USD,Kiwi fruit,2003,48862
Export Quantity,t,Kiwi fruit,2003,1766
Export Value,1000 USD,Kiwi fruit,2003,3025
Import Quantity,t,Kiwi fruit,2004,34719
Import Value,1000 USD,Kiwi fruit,2004,46665
Export Quantity,t,Kiwi fruit,2004,1400
Export Value,1000 USD,Kiwi fruit,2004,2409
Import Quantity,t,Kiwi fruit,2005,37926
Import Value,1000 USD,Kiwi fruit,2005,49187
Export Quantity,t,Kiwi fruit,2005,1670
Export Value,1000 USD,Kiwi fruit,2005,2861
Import Quantity,t,Kiwi fruit,2006,39535
Import Value,1000 USD,Kiwi fruit,2006,51573
Export Quantity,t,Kiwi fruit,2006,798
Export Value,1000 USD,Kiwi fruit,2006,1658
Import Quantity,t,Kiwi fruit,2007,45741
Import Value,1000 USD,Kiwi fruit,2007,62555
Export Quantity,t,Kiwi fruit,2007,1025
Export Value,1000 USD,Kiwi fruit,2007,2116
Import Quantity,t,Kiwi fruit,2008,37435
Import Value,1000 USD,Kiwi fruit,2008,62112
Export Quantity,t,Kiwi fruit,2008,298
Export Value,1000 USD,Kiwi fruit,2008,925
Import Quantity,t,Kiwi fruit,2009,36938
Import Value,1000 USD,Kiwi fruit,2009,44821
Export Quantity,t,Kiwi fruit,2009,286
Export Value,1000 USD,Kiwi fruit,2009,718
Import Quantity,t,Kiwi fruit,2010,29798
Import Value,1000 USD,Kiwi fruit,2010,37552
Export Quantity,t,Kiwi fruit,2010,424
Export Value,1000 USD,Kiwi fruit,2010,800
Import Quantity,t,Kiwi fruit,2011,31773
Import Value,1000 USD,Kiwi fruit,2011,45020
Export Quantity,t,Kiwi fruit,2011,501
Export Value,1000 USD,Kiwi fruit,2011,916
Import Quantity,t,Kiwi fruit,2012,31627
Import Value,1000 USD,Kiwi fruit,2012,40610
Export Quantity,t,Kiwi fruit,2012,417
Export Value,1000 USD,Kiwi fruit,2012,741
Import Quantity,t,Kiwi fruit,2013,31577
Import Value,1000 USD,Kiwi fruit,2013,46314
Export Quantity,t,Kiwi fruit,2013,1172
Export Value,1000 USD,Kiwi fruit,2013,1492
Import Quantity,t,Kiwi fruit,2014,30049.1
Import Value,1000 USD,Kiwi fruit,2014,54104
Export Quantity,t,Kiwi fruit,2014,368.4
Export Value,1000 USD,Kiwi fruit,2014,708
Import Quantity,t,Kiwi fruit,2015,31545
Import Value,1000 USD,Kiwi fruit,2015,46962
Export Quantity,t,Kiwi fruit,2015,613.93
Export Value,1000 USD,Kiwi fruit,2015,820
Import Quantity,t,Kiwi fruit,2016,32837.33
Import Value,1000 USD,Kiwi fruit,2016,46604
Export Quantity,t,Kiwi fruit,2016,77.44
Export Value,1000 USD,Kiwi fruit,2016,233
Import Quantity,t,Kiwi fruit,2017,35375.48
Import Value,1000 USD,Kiwi fruit,2017,55270
Export Quantity,t,Kiwi fruit,2017,1010.52
Export Value,1000 USD,Kiwi fruit,2017,1914
Import Quantity,t,Kiwi fruit,2018,32762.04
Import Value,1000 USD,Kiwi fruit,2018,56061
Export Quantity,t,Kiwi fruit,2018,1023.73
Export Value,1000 USD,Kiwi fruit,2018,3383
Import Quantity,t,Kiwi fruit,2019,31346.39
Import Value,1000 USD,Kiwi fruit,2019,47868
Export Quantity,t,Kiwi fruit,2019,1172.5
Export Value,1000 USD,Kiwi fruit,2019,2984
Import Quantity,t,Kiwi fruit,2020,34628.9
Import Value,1000 USD,Kiwi fruit,2020,61748
Export Quantity,t,Kiwi fruit,2020,2322.41
Export Value,1000 USD,Kiwi fruit,2020,5735
Import Quantity,t,Kiwi fruit,2021,31062.35
Import Value,1000 USD,Kiwi fruit,2021,67805
Export Quantity,t,Kiwi fruit,2021,306.31
Export Value,1000 USD,Kiwi fruit,2021,940
Import Quantity,t,Kiwi fruit,2022,31848.03
Import Value,1000 USD,Kiwi fruit,2022,63667
Export Quantity,t,Kiwi fruit,2022,207.84
Export Value,1000 USD,Kiwi fruit,2022,370
Import Quantity,t,Lemons and limes,1961,36512
Import Value,1000 USD,Lemons and limes,1961,6639
Export Quantity,t,Lemons and limes,1961,417
Export Value,1000 USD,Lemons and limes,1961,31
Import Quantity,t,Lemons and limes,1962,37269
Import Value,1000 USD,Lemons and limes,1962,6236
Export Quantity,t,Lemons and limes,1962,679
Export Value,1000 USD,Lemons and limes,1962,87
Import Quantity,t,Lemons and limes,1963,32476
Import Value,1000 USD,Lemons and limes,1963,7542
Export Quantity,t,Lemons and limes,1963,626
Export Value,1000 USD,Lemons and limes,1963,116
Import Quantity,t,Lemons and limes,1964,35800
Import Value,1000 USD,Lemons and limes,1964,6767
Export Quantity,t,Lemons and limes,1964,591
Export Value,1000 USD,Lemons and limes,1964,103
Import Quantity,t,Lemons and limes,1965,34059
Import Value,1000 USD,Lemons and limes,1965,6678
Export Quantity,t,Lemons and limes,1965,437
Export Value,1000 USD,Lemons and limes,1965,86
Import Quantity,t,Lemons and limes,1966,33469
Import Value,1000 USD,Lemons and limes,1966,6721
Export Quantity,t,Lemons and limes,1966,386
Export Value,1000 USD,Lemons and limes,1966,81
Import Quantity,t,Lemons and limes,1967,33900
Import Value,1000 USD,Lemons and limes,1967,7268
Export Quantity,t,Lemons and limes,1967,232
Export Value,1000 USD,Lemons and limes,1967,52
Import Quantity,t,Lemons and limes,1968,34448
Import Value,1000 USD,Lemons and limes,1968,6841
Export Quantity,t,Lemons and limes,1968,261
Export Value,1000 USD,Lemons and limes,1968,56
Import Quantity,t,Lemons and limes,1969,33737
Import Value,1000 USD,Lemons and limes,1969,7424
Export Quantity,t,Lemons and limes,1969,551
Export Value,1000 USD,Lemons and limes,1969,174
Import Quantity,t,Lemons and limes,1970,37540
Import Value,1000 USD,Lemons and limes,1970,8774
Export Quantity,t,Lemons and limes,1970,500
Export Value,1000 USD,Lemons and limes,1970,170
Import Quantity,t,Lemons and limes,1971,38335
Import Value,1000 USD,Lemons and limes,1971,9970
Export Quantity,t,Lemons and limes,1971,600
Export Value,1000 USD,Lemons and limes,1971,180
Import Quantity,t,Lemons and limes,1972,36348
Import Value,1000 USD,Lemons and limes,1972,11734
Export Quantity,t,Lemons and limes,1972,800
Export Value,1000 USD,Lemons and limes,1972,270
Import Quantity,t,Lemons and limes,1973,30219
Import Value,1000 USD,Lemons and limes,1973,10292
Export Quantity,t,Lemons and limes,1973,820
Export Value,1000 USD,Lemons and limes,1973,180
Import Quantity,t,Lemons and limes,1974,34212
Import Value,1000 USD,Lemons and limes,1974,11858
Export Quantity,t,Lemons and limes,1974,600
Export Value,1000 USD,Lemons and limes,1974,130
Import Quantity,t,Lemons and limes,1975,37483
Import Value,1000 USD,Lemons and limes,1975,17317
Export Quantity,t,Lemons and limes,1975,950
Export Value,1000 USD,Lemons and limes,1975,487
Import Quantity,t,Lemons and limes,1976,40048
Import Value,1000 USD,Lemons and limes,1976,13457
Export Quantity,t,Lemons and limes,1976,1232
Export Value,1000 USD,Lemons and limes,1976,518
Import Quantity,t,Lemons and limes,1977,38826
Import Value,1000 USD,Lemons and limes,1977,15651
Export Quantity,t,Lemons and limes,1977,1339
Export Value,1000 USD,Lemons and limes,1977,625
Import Quantity,t,Lemons and limes,1978,43223
Import Value,1000 USD,Lemons and limes,1978,20228
Export Quantity,t,Lemons and limes,1978,1118
Export Value,1000 USD,Lemons and limes,1978,657
Import Quantity,t,Lemons and limes,1979,43625
Import Value,1000 USD,Lemons and limes,1979,28454
Export Quantity,t,Lemons and limes,1979,2096
Export Value,1000 USD,Lemons and limes,1979,1434
Import Quantity,t,Lemons and limes,1980,45998
Import Value,1000 USD,Lemons and limes,1980,30770
Export Quantity,t,Lemons and limes,1980,1523
Export Value,1000 USD,Lemons and limes,1980,1313
Import Quantity,t,Lemons and limes,1981,43007
Import Value,1000 USD,Lemons and limes,1981,25863
Export Quantity,t,Lemons and limes,1981,1764
Export Value,1000 USD,Lemons and limes,1981,1245
Import Quantity,t,Lemons and limes,1982,50072
Import Value,1000 USD,Lemons and limes,1982,16647
Export Quantity,t,Lemons and limes,1982,2015
Export Value,1000 USD,Lemons and limes,1982,1028
Import Quantity,t,Lemons and limes,1983,47969
Import Value,1000 USD,Lemons and limes,1983,22218
Export Quantity,t,Lemons and limes,1983,1902
Export Value,1000 USD,Lemons and limes,1983,1012
Import Quantity,t,Lemons and limes,1984,49483
Import Value,1000 USD,Lemons and limes,1984,15679
Export Quantity,t,Lemons and limes,1984,1620
Export Value,1000 USD,Lemons and limes,1984,918
Import Quantity,t,Lemons and limes,1985,47165
Import Value,1000 USD,Lemons and limes,1985,25508
Export Quantity,t,Lemons and limes,1985,1530
Export Value,1000 USD,Lemons and limes,1985,839
Import Quantity,t,Lemons and limes,1986,51198
Import Value,1000 USD,Lemons and limes,1986,25502
Export Quantity,t,Lemons and limes,1986,2480
Export Value,1000 USD,Lemons and limes,1986,1515
Import Quantity,t,Lemons and limes,1987,51454
Import Value,1000 USD,Lemons and limes,1987,25584
Export Quantity,t,Lemons and limes,1987,1811
Export Value,1000 USD,Lemons and limes,1987,1308
Import Quantity,t,Lemons and limes,1988,54340
Import Value,1000 USD,Lemons and limes,1988,29117
Export Quantity,t,Lemons and limes,1988,1724
Export Value,1000 USD,Lemons and limes,1988,1446
Import Quantity,t,Lemons and limes,1989,59815
Import Value,1000 USD,Lemons and limes,1989,32150
Export Quantity,t,Lemons and limes,1989,1912
Export Value,1000 USD,Lemons and limes,1989,1427
Import Quantity,t,Lemons and limes,1990,58119
Import Value,1000 USD,Lemons and limes,1990,36473
Export Quantity,t,Lemons and limes,1990,1952
Export Value,1000 USD,Lemons and limes,1990,1859
Import Quantity,t,Lemons and limes,1991,60907
Import Value,1000 USD,Lemons and limes,1991,40409
Export Quantity,t,Lemons and limes,1991,2856
Export Value,1000 USD,Lemons and limes,1991,2499
Import Quantity,t,Lemons and limes,1992,60479
Import Value,1000 USD,Lemons and limes,1992,39777
Export Quantity,t,Lemons and limes,1992,2926
Export Value,1000 USD,Lemons and limes,1992,2645
Import Quantity,t,Lemons and limes,1993,55731
Import Value,1000 USD,Lemons and limes,1993,37188
Export Quantity,t,Lemons and limes,1993,3167
Export Value,1000 USD,Lemons and limes,1993,2362
Import Quantity,t,Lemons and limes,1994,58365
Import Value,1000 USD,Lemons and limes,1994,42178
Export Quantity,t,Lemons and limes,1994,6485
Export Value,1000 USD,Lemons and limes,1994,4688
Import Quantity,t,Lemons and limes,1995,57545
Import Value,1000 USD,Lemons and limes,1995,46791
Export Quantity,t,Lemons and limes,1995,4215
Export Value,1000 USD,Lemons and limes,1995,3419
Import Quantity,t,Lemons and limes,1996,63447
Import Value,1000 USD,Lemons and limes,1996,55126
Export Quantity,t,Lemons and limes,1996,2123
Export Value,1000 USD,Lemons and limes,1996,2148
Import Quantity,t,Lemons and limes,1997,58303
Import Value,1000 USD,Lemons and limes,1997,50321
Export Quantity,t,Lemons and limes,1997,3088
Export Value,1000 USD,Lemons and limes,1997,2054
Import Quantity,t,Lemons and limes,1998,61928
Import Value,1000 USD,Lemons and limes,1998,50734
Export Quantity,t,Lemons and limes,1998,3524
Export Value,1000 USD,Lemons and limes,1998,2356
Import Quantity,t,Lemons and limes,1999,72470
Import Value,1000 USD,Lemons and limes,1999,49668
Export Quantity,t,Lemons and limes,1999,3262
Export Value,1000 USD,Lemons and limes,1999,1757
Import Quantity,t,Lemons and limes,2000,58395
Import Value,1000 USD,Lemons and limes,2000,38411
Export Quantity,t,Lemons and limes,2000,2124
Export Value,1000 USD,Lemons and limes,2000,1442
Import Quantity,t,Lemons and limes,2001,72925
Import Value,1000 USD,Lemons and limes,2001,45334
Export Quantity,t,Lemons and limes,2001,2305
Export Value,1000 USD,Lemons and limes,2001,1640
Import Quantity,t,Lemons and limes,2002,78555
Import Value,1000 USD,Lemons and limes,2002,57116
Export Quantity,t,Lemons and limes,2002,2668
Export Value,1000 USD,Lemons and limes,2002,1625
Import Quantity,t,Lemons and limes,2003,78467
Import Value,1000 USD,Lemons and limes,2003,59827
Export Quantity,t,Lemons and limes,2003,1609
Export Value,1000 USD,Lemons and limes,2003,1188
Import Quantity,t,Lemons and limes,2004,88844
Import Value,1000 USD,Lemons and limes,2004,72831
Export Quantity,t,Lemons and limes,2004,1703
Export Value,1000 USD,Lemons and limes,2004,1453
Import Quantity,t,Lemons and limes,2005,89889
Import Value,1000 USD,Lemons and limes,2005,79970
Export Quantity,t,Lemons and limes,2005,2101
Export Value,1000 USD,Lemons and limes,2005,2336
Import Quantity,t,Lemons and limes,2006,100169
Import Value,1000 USD,Lemons and limes,2006,81220
Export Quantity,t,Lemons and limes,2006,9459
Export Value,1000 USD,Lemons and limes,2006,13130
Import Quantity,t,Lemons and limes,2007,94506
Import Value,1000 USD,Lemons and limes,2007,95379
Export Quantity,t,Lemons and limes,2007,1124
Export Value,1000 USD,Lemons and limes,2007,1805
Import Quantity,t,Lemons and limes,2008,97621
Import Value,1000 USD,Lemons and limes,2008,143895
Export Quantity,t,Lemons and limes,2008,897
Export Value,1000 USD,Lemons and limes,2008,1625
Import Quantity,t,Lemons and limes,2009,98062
Import Value,1000 USD,Lemons and limes,2009,95415
Export Quantity,t,Lemons and limes,2009,1312
Export Value,1000 USD,Lemons and limes,2009,2120
Import Quantity,t,Lemons and limes,2010,103937
Import Value,1000 USD,Lemons and limes,2010,118956
Export Quantity,t,Lemons and limes,2010,4217
Export Value,1000 USD,Lemons and limes,2010,6235
Import Quantity,t,Lemons and limes,2011,107573
Import Value,1000 USD,Lemons and limes,2011,108916
Export Quantity,t,Lemons and limes,2011,2591
Export Value,1000 USD,Lemons and limes,2011,4201
Import Quantity,t,Lemons and limes,2012,110149
Import Value,1000 USD,Lemons and limes,2012,118879
Export Quantity,t,Lemons and limes,2012,2142
Export Value,1000 USD,Lemons and limes,2012,3821
Import Quantity,t,Lemons and limes,2013,115991
Import Value,1000 USD,Lemons and limes,2013,144636
Export Quantity,t,Lemons and limes,2013,2596
Export Value,1000 USD,Lemons and limes,2013,4604
Import Quantity,t,Lemons and limes,2014,113740.4
Import Value,1000 USD,Lemons and limes,2014,152451
Export Quantity,t,Lemons and limes,2014,1329.54
Export Value,1000 USD,Lemons and limes,2014,2973
Import Quantity,t,Lemons and limes,2015,130227.79
Import Value,1000 USD,Lemons and limes,2015,156977
Export Quantity,t,Lemons and limes,2015,4146.13
Export Value,1000 USD,Lemons and limes,2015,4403
Import Quantity,t,Lemons and limes,2016,140135.49
Import Value,1000 USD,Lemons and limes,2016,194150
Export Quantity,t,Lemons and limes,2016,1999.34
Export Value,1000 USD,Lemons and limes,2016,3949
Import Quantity,t,Lemons and limes,2017,147853.9
Import Value,1000 USD,Lemons and limes,2017,176332
Export Quantity,t,Lemons and limes,2017,3338.99
Export Value,1000 USD,Lemons and limes,2017,5418
Import Quantity,t,Lemons and limes,2018,154811.02
Import Value,1000 USD,Lemons and limes,2018,191228
Export Quantity,t,Lemons and limes,2018,3688.91
Export Value,1000 USD,Lemons and limes,2018,6821
Import Quantity,t,Lemons and limes,2019,154953.79
Import Value,1000 USD,Lemons and limes,2019,166600
Export Quantity,t,Lemons and limes,2019,3477.28
Export Value,1000 USD,Lemons and limes,2019,6441
Import Quantity,t,Lemons and limes,2020,167919.07
Import Value,1000 USD,Lemons and limes,2020,198034
Export Quantity,t,Lemons and limes,2020,7404.76
Export Value,1000 USD,Lemons and limes,2020,9678
Import Quantity,t,Lemons and limes,2021,146846.08
Import Value,1000 USD,Lemons and limes,2021,168663
Export Quantity,t,Lemons and limes,2021,1045.38
Export Value,1000 USD,Lemons and limes,2021,1001
Import Quantity,t,Lemons and limes,2022,146662.59
Import Value,1000 USD,Lemons and limes,2022,173867
Export Quantity,t,Lemons and limes,2022,804.77
Export Value,1000 USD,Lemons and limes,2022,861
Import Quantity,t,"Lentils, dry",1961,9452
Import Value,1000 USD,"Lentils, dry",1961,1299
Export Quantity,t,"Lentils, dry",1961,279
Export Value,1000 USD,"Lentils, dry",1961,71
Import Quantity,t,"Lentils, dry",1962,13001
Import Value,1000 USD,"Lentils, dry",1962,1591
Export Quantity,t,"Lentils, dry",1962,403
Export Value,1000 USD,"Lentils, dry",1962,92
Import Quantity,t,"Lentils, dry",1963,13058
Import Value,1000 USD,"Lentils, dry",1963,1372
Export Quantity,t,"Lentils, dry",1963,371
Export Value,1000 USD,"Lentils, dry",1963,78
Import Quantity,t,"Lentils, dry",1964,11451
Import Value,1000 USD,"Lentils, dry",1964,1128
Export Quantity,t,"Lentils, dry",1964,344
Export Value,1000 USD,"Lentils, dry",1964,67
Import Quantity,t,"Lentils, dry",1965,12311
Import Value,1000 USD,"Lentils, dry",1965,1360
Export Quantity,t,"Lentils, dry",1965,47
Export Value,1000 USD,"Lentils, dry",1965,10
Import Quantity,t,"Lentils, dry",1966,12850
Import Value,1000 USD,"Lentils, dry",1966,2356
Export Quantity,t,"Lentils, dry",1966,11
Export Value,1000 USD,"Lentils, dry",1966,3
Import Quantity,t,"Lentils, dry",1967,10132
Import Value,1000 USD,"Lentils, dry",1967,1926
Export Quantity,t,"Lentils, dry",1967,15
Export Value,1000 USD,"Lentils, dry",1967,5
Import Quantity,t,"Lentils, dry",1968,10495
Import Value,1000 USD,"Lentils, dry",1968,2233
Export Quantity,t,"Lentils, dry",1968,45
Export Value,1000 USD,"Lentils, dry",1968,16
Import Quantity,t,"Lentils, dry",1969,11503
Import Value,1000 USD,"Lentils, dry",1969,2199
Export Quantity,t,"Lentils, dry",1969,50
Export Value,1000 USD,"Lentils, dry",1969,15
Import Quantity,t,"Lentils, dry",1970,8997
Import Value,1000 USD,"Lentils, dry",1970,1815
Export Quantity,t,"Lentils, dry",1970,0
Export Value,1000 USD,"Lentils, dry",1970,0
Import Quantity,t,"Lentils, dry",1971,10775
Import Value,1000 USD,"Lentils, dry",1971,2286
Export Quantity,t,"Lentils, dry",1971,0
Export Value,1000 USD,"Lentils, dry",1971,0
Import Quantity,t,"Lentils, dry",1972,10239
Import Value,1000 USD,"Lentils, dry",1972,2467
Export Quantity,t,"Lentils, dry",1972,0
Export Value,1000 USD,"Lentils, dry",1972,0
Import Quantity,t,"Lentils, dry",1973,11164
Import Value,1000 USD,"Lentils, dry",1973,4247
Export Quantity,t,"Lentils, dry",1973,0
Export Value,1000 USD,"Lentils, dry",1973,0
Import Quantity,t,"Lentils, dry",1974,9574
Import Value,1000 USD,"Lentils, dry",1974,5651
Export Quantity,t,"Lentils, dry",1974,0
Export Value,1000 USD,"Lentils, dry",1974,0
Import Quantity,t,"Lentils, dry",1975,9783
Import Value,1000 USD,"Lentils, dry",1975,4957
Export Quantity,t,"Lentils, dry",1975,221
Export Value,1000 USD,"Lentils, dry",1975,167
Import Quantity,t,"Lentils, dry",1976,13092
Import Value,1000 USD,"Lentils, dry",1976,6272
Export Quantity,t,"Lentils, dry",1976,619
Export Value,1000 USD,"Lentils, dry",1976,513
Import Quantity,t,"Lentils, dry",1977,10042
Import Value,1000 USD,"Lentils, dry",1977,4487
Export Quantity,t,"Lentils, dry",1977,923
Export Value,1000 USD,"Lentils, dry",1977,632
Import Quantity,t,"Lentils, dry",1978,8501
Import Value,1000 USD,"Lentils, dry",1978,3556
Export Quantity,t,"Lentils, dry",1978,605
Export Value,1000 USD,"Lentils, dry",1978,522
Import Quantity,t,"Lentils, dry",1979,14417
Import Value,1000 USD,"Lentils, dry",1979,6909
Export Quantity,t,"Lentils, dry",1979,428
Export Value,1000 USD,"Lentils, dry",1979,369
Import Quantity,t,"Lentils, dry",1980,10727
Import Value,1000 USD,"Lentils, dry",1980,6050
Export Quantity,t,"Lentils, dry",1980,602
Export Value,1000 USD,"Lentils, dry",1980,635
Import Quantity,t,"Lentils, dry",1981,11294
Import Value,1000 USD,"Lentils, dry",1981,6978
Export Quantity,t,"Lentils, dry",1981,526
Export Value,1000 USD,"Lentils, dry",1981,507
Import Quantity,t,"Lentils, dry",1982,11249
Import Value,1000 USD,"Lentils, dry",1982,5698
Export Quantity,t,"Lentils, dry",1982,945
Export Value,1000 USD,"Lentils, dry",1982,772
Import Quantity,t,"Lentils, dry",1983,12906
Import Value,1000 USD,"Lentils, dry",1983,4328
Export Quantity,t,"Lentils, dry",1983,1456
Export Value,1000 USD,"Lentils, dry",1983,824
Import Quantity,t,"Lentils, dry",1984,11419
Import Value,1000 USD,"Lentils, dry",1984,4399
Export Quantity,t,"Lentils, dry",1984,1428
Export Value,1000 USD,"Lentils, dry",1984,985
Import Quantity,t,"Lentils, dry",1985,12276
Import Value,1000 USD,"Lentils, dry",1985,7358
Export Quantity,t,"Lentils, dry",1985,775
Export Value,1000 USD,"Lentils, dry",1985,708
Import Quantity,t,"Lentils, dry",1986,11597
Import Value,1000 USD,"Lentils, dry",1986,7534
Export Quantity,t,"Lentils, dry",1986,939
Export Value,1000 USD,"Lentils, dry",1986,1051
Import Quantity,t,"Lentils, dry",1987,12714
Import Value,1000 USD,"Lentils, dry",1987,6241
Export Quantity,t,"Lentils, dry",1987,921
Export Value,1000 USD,"Lentils, dry",1987,733
Import Quantity,t,"Lentils, dry",1988,12556
Import Value,1000 USD,"Lentils, dry",1988,5344
Export Quantity,t,"Lentils, dry",1988,886
Export Value,1000 USD,"Lentils, dry",1988,736
Import Quantity,t,"Lentils, dry",1989,12885
Import Value,1000 USD,"Lentils, dry",1989,6518
Export Quantity,t,"Lentils, dry",1989,844
Export Value,1000 USD,"Lentils, dry",1989,726
Import Quantity,t,"Lentils, dry",1990,14849
Import Value,1000 USD,"Lentils, dry",1990,8128
Export Quantity,t,"Lentils, dry",1990,1098
Export Value,1000 USD,"Lentils, dry",1990,1151
Import Quantity,t,"Lentils, dry",1991,13313
Import Value,1000 USD,"Lentils, dry",1991,9204
Export Quantity,t,"Lentils, dry",1991,993
Export Value,1000 USD,"Lentils, dry",1991,984
Import Quantity,t,"Lentils, dry",1992,12952
Import Value,1000 USD,"Lentils, dry",1992,8527
Export Quantity,t,"Lentils, dry",1992,1140
Export Value,1000 USD,"Lentils, dry",1992,1095
Import Quantity,t,"Lentils, dry",1993,13370
Import Value,1000 USD,"Lentils, dry",1993,6834
Export Quantity,t,"Lentils, dry",1993,1118
Export Value,1000 USD,"Lentils, dry",1993,956
Import Quantity,t,"Lentils, dry",1994,17700
Import Value,1000 USD,"Lentils, dry",1994,7029
Export Quantity,t,"Lentils, dry",1994,995
Export Value,1000 USD,"Lentils, dry",1994,783
Import Quantity,t,"Lentils, dry",1995,8521
Import Value,1000 USD,"Lentils, dry",1995,4578
Export Quantity,t,"Lentils, dry",1995,1004
Export Value,1000 USD,"Lentils, dry",1995,787
Import Quantity,t,"Lentils, dry",1996,14749
Import Value,1000 USD,"Lentils, dry",1996,7900
Export Quantity,t,"Lentils, dry",1996,1042
Export Value,1000 USD,"Lentils, dry",1996,1184
Import Quantity,t,"Lentils, dry",1997,13589
Import Value,1000 USD,"Lentils, dry",1997,8531
Export Quantity,t,"Lentils, dry",1997,727
Export Value,1000 USD,"Lentils, dry",1997,1111
Import Quantity,t,"Lentils, dry",1998,13544
Import Value,1000 USD,"Lentils, dry",1998,8348
Export Quantity,t,"Lentils, dry",1998,573
Export Value,1000 USD,"Lentils, dry",1998,901
Import Quantity,t,"Lentils, dry",1999,14765
Import Value,1000 USD,"Lentils, dry",1999,8285
Export Quantity,t,"Lentils, dry",1999,574
Export Value,1000 USD,"Lentils, dry",1999,676
Import Quantity,t,"Lentils, dry",2000,13162
Import Value,1000 USD,"Lentils, dry",2000,8160
Export Quantity,t,"Lentils, dry",2000,623
Export Value,1000 USD,"Lentils, dry",2000,678
Import Quantity,t,"Lentils, dry",2001,15088
Import Value,1000 USD,"Lentils, dry",2001,8055
Export Quantity,t,"Lentils, dry",2001,525
Export Value,1000 USD,"Lentils, dry",2001,488
Import Quantity,t,"Lentils, dry",2002,16806
Import Value,1000 USD,"Lentils, dry",2002,8316
Export Quantity,t,"Lentils, dry",2002,508
Export Value,1000 USD,"Lentils, dry",2002,512
Import Quantity,t,"Lentils, dry",2003,14740
Import Value,1000 USD,"Lentils, dry",2003,7619
Export Quantity,t,"Lentils, dry",2003,888
Export Value,1000 USD,"Lentils, dry",2003,821
Import Quantity,t,"Lentils, dry",2004,18091
Import Value,1000 USD,"Lentils, dry",2004,10782
Export Quantity,t,"Lentils, dry",2004,924
Export Value,1000 USD,"Lentils, dry",2004,1284
Import Quantity,t,"Lentils, dry",2005,19997
Import Value,1000 USD,"Lentils, dry",2005,14900
Export Quantity,t,"Lentils, dry",2005,919
Export Value,1000 USD,"Lentils, dry",2005,1399
Import Quantity,t,"Lentils, dry",2006,19846
Import Value,1000 USD,"Lentils, dry",2006,15870
Export Quantity,t,"Lentils, dry",2006,1216
Export Value,1000 USD,"Lentils, dry",2006,2070
Import Quantity,t,"Lentils, dry",2007,21026
Import Value,1000 USD,"Lentils, dry",2007,22045
Export Quantity,t,"Lentils, dry",2007,1205
Export Value,1000 USD,"Lentils, dry",2007,2470
Import Quantity,t,"Lentils, dry",2008,20870
Import Value,1000 USD,"Lentils, dry",2008,35832
Export Quantity,t,"Lentils, dry",2008,1686
Export Value,1000 USD,"Lentils, dry",2008,4171
Import Quantity,t,"Lentils, dry",2009,19550
Import Value,1000 USD,"Lentils, dry",2009,28748
Export Quantity,t,"Lentils, dry",2009,1616
Export Value,1000 USD,"Lentils, dry",2009,4279
Import Quantity,t,"Lentils, dry",2010,23956
Import Value,1000 USD,"Lentils, dry",2010,30785
Export Quantity,t,"Lentils, dry",2010,1782
Export Value,1000 USD,"Lentils, dry",2010,4004
Import Quantity,t,"Lentils, dry",2011,24247
Import Value,1000 USD,"Lentils, dry",2011,30419
Export Quantity,t,"Lentils, dry",2011,2352
Export Value,1000 USD,"Lentils, dry",2011,4860
Import Quantity,t,"Lentils, dry",2012,22854
Import Value,1000 USD,"Lentils, dry",2012,22638
Export Quantity,t,"Lentils, dry",2012,2248
Export Value,1000 USD,"Lentils, dry",2012,4349
Import Quantity,t,"Lentils, dry",2013,23402
Import Value,1000 USD,"Lentils, dry",2013,24296
Export Quantity,t,"Lentils, dry",2013,2137
Export Value,1000 USD,"Lentils, dry",2013,4525
Import Quantity,t,"Lentils, dry",2014,22715.8
Import Value,1000 USD,"Lentils, dry",2014,24624
Export Quantity,t,"Lentils, dry",2014,2360.48
Export Value,1000 USD,"Lentils, dry",2014,4502
Import Quantity,t,"Lentils, dry",2015,23223.4
Import Value,1000 USD,"Lentils, dry",2015,29115
Export Quantity,t,"Lentils, dry",2015,2507.71
Export Value,1000 USD,"Lentils, dry",2015,5350
Import Quantity,t,"Lentils, dry",2016,21489.25
Import Value,1000 USD,"Lentils, dry",2016,27144
Export Quantity,t,"Lentils, dry",2016,3326.29
Export Value,1000 USD,"Lentils, dry",2016,7579
Import Quantity,t,"Lentils, dry",2017,26085.74
Import Value,1000 USD,"Lentils, dry",2017,28442
Export Quantity,t,"Lentils, dry",2017,3290.32
Export Value,1000 USD,"Lentils, dry",2017,7399
Import Quantity,t,"Lentils, dry",2018,27374.78
Import Value,1000 USD,"Lentils, dry",2018,24441
Export Quantity,t,"Lentils, dry",2018,3078.55
Export Value,1000 USD,"Lentils, dry",2018,6344
Import Quantity,t,"Lentils, dry",2019,28231.39
Import Value,1000 USD,"Lentils, dry",2019,22550
Export Quantity,t,"Lentils, dry",2019,3086.23
Export Value,1000 USD,"Lentils, dry",2019,6301
Import Quantity,t,"Lentils, dry",2020,41409.64
Import Value,1000 USD,"Lentils, dry",2020,36514
Export Quantity,t,"Lentils, dry",2020,3518.17
Export Value,1000 USD,"Lentils, dry",2020,7750
Import Quantity,t,"Lentils, dry",2021,27974.7
Import Value,1000 USD,"Lentils, dry",2021,33349
Export Quantity,t,"Lentils, dry",2021,2668.19
Export Value,1000 USD,"Lentils, dry",2021,3972
Import Quantity,t,"Lentils, dry",2022,27602.74
Import Value,1000 USD,"Lentils, dry",2022,36888
Export Quantity,t,"Lentils, dry",2022,2473.53
Export Value,1000 USD,"Lentils, dry",2022,4327
Import Quantity,t,Maize (corn),1961,3206900
Import Value,1000 USD,Maize (corn),1961,179280
Export Quantity,t,Maize (corn),1961,2653
Export Value,1000 USD,Maize (corn),1961,171
Import Quantity,t,Maize (corn),1962,4633304
Import Value,1000 USD,Maize (corn),1962,257631
Export Quantity,t,Maize (corn),1962,4750
Export Value,1000 USD,Maize (corn),1962,307
Import Quantity,t,Maize (corn),1963,3485293
Import Value,1000 USD,Maize (corn),1963,209188
Export Quantity,t,Maize (corn),1963,3089
Export Value,1000 USD,Maize (corn),1963,216
Import Quantity,t,Maize (corn),1964,3455300
Import Value,1000 USD,Maize (corn),1964,216750
Export Quantity,t,Maize (corn),1964,4339
Export Value,1000 USD,Maize (corn),1964,287
Import Quantity,t,Maize (corn),1965,3252903
Import Value,1000 USD,Maize (corn),1965,214620
Export Quantity,t,Maize (corn),1965,6405
Export Value,1000 USD,Maize (corn),1965,435
Import Quantity,t,Maize (corn),1966,3287487
Import Value,1000 USD,Maize (corn),1966,216292
Export Quantity,t,Maize (corn),1966,12856
Export Value,1000 USD,Maize (corn),1966,850
Import Quantity,t,Maize (corn),1967,3718941
Import Value,1000 USD,Maize (corn),1967,235356
Export Quantity,t,Maize (corn),1967,14191
Export Value,1000 USD,Maize (corn),1967,940
Import Quantity,t,Maize (corn),1968,3784982
Import Value,1000 USD,Maize (corn),1968,211825
Export Quantity,t,Maize (corn),1968,15112
Export Value,1000 USD,Maize (corn),1968,917
Import Quantity,t,Maize (corn),1969,3149114
Import Value,1000 USD,Maize (corn),1969,187670
Export Quantity,t,Maize (corn),1969,12732
Export Value,1000 USD,Maize (corn),1969,804
Import Quantity,t,Maize (corn),1970,3116686
Import Value,1000 USD,Maize (corn),1970,210954
Export Quantity,t,Maize (corn),1970,15057
Export Value,1000 USD,Maize (corn),1970,1214
Import Quantity,t,Maize (corn),1971,2958788
Import Value,1000 USD,Maize (corn),1971,212016
Export Quantity,t,Maize (corn),1971,14519
Export Value,1000 USD,Maize (corn),1971,1180
Import Quantity,t,Maize (corn),1972,3145102
Import Value,1000 USD,Maize (corn),1972,209989
Export Quantity,t,Maize (corn),1972,4185
Export Value,1000 USD,Maize (corn),1972,374
Import Quantity,t,Maize (corn),1973,3389004
Import Value,1000 USD,Maize (corn),1973,353640
Export Quantity,t,Maize (corn),1973,14456
Export Value,1000 USD,Maize (corn),1973,1680
Import Quantity,t,Maize (corn),1974,3253665
Import Value,1000 USD,Maize (corn),1974,487450
Export Quantity,t,Maize (corn),1974,19514
Export Value,1000 USD,Maize (corn),1974,3112
Import Quantity,t,Maize (corn),1975,3024454
Import Value,1000 USD,Maize (corn),1975,421418
Export Quantity,t,Maize (corn),1975,64870
Export Value,1000 USD,Maize (corn),1975,9139
Import Quantity,t,Maize (corn),1976,3761890
Import Value,1000 USD,Maize (corn),1976,492124
Export Quantity,t,Maize (corn),1976,44082
Export Value,1000 USD,Maize (corn),1976,5832
Import Quantity,t,Maize (corn),1977,4106346
Import Value,1000 USD,Maize (corn),1977,501172
Export Quantity,t,Maize (corn),1977,31508
Export Value,1000 USD,Maize (corn),1977,5095
Import Quantity,t,Maize (corn),1978,3333988
Import Value,1000 USD,Maize (corn),1978,477366
Export Quantity,t,Maize (corn),1978,26032
Export Value,1000 USD,Maize (corn),1978,5036
Import Quantity,t,Maize (corn),1979,3142467
Import Value,1000 USD,Maize (corn),1979,565112
Export Quantity,t,Maize (corn),1979,21787
Export Value,1000 USD,Maize (corn),1979,5250
Import Quantity,t,Maize (corn),1980,2805627
Import Value,1000 USD,Maize (corn),1980,547357
Export Quantity,t,Maize (corn),1980,11397
Export Value,1000 USD,Maize (corn),1980,3244
Import Quantity,t,Maize (corn),1981,2234961
Import Value,1000 USD,Maize (corn),1981,425803
Export Quantity,t,Maize (corn),1981,9147
Export Value,1000 USD,Maize (corn),1981,2103
Import Quantity,t,Maize (corn),1982,2121727
Import Value,1000 USD,Maize (corn),1982,365470
Export Quantity,t,Maize (corn),1982,10643
Export Value,1000 USD,Maize (corn),1982,2408
Import Quantity,t,Maize (corn),1983,1821512
Import Value,1000 USD,Maize (corn),1983,341946
Export Quantity,t,Maize (corn),1983,8673
Export Value,1000 USD,Maize (corn),1983,1916
Import Quantity,t,Maize (corn),1984,1473028
Import Value,1000 USD,Maize (corn),1984,284716
Export Quantity,t,Maize (corn),1984,10361
Export Value,1000 USD,Maize (corn),1984,2071
Import Quantity,t,Maize (corn),1985,1454981
Import Value,1000 USD,Maize (corn),1985,266398
Export Quantity,t,Maize (corn),1985,6158
Export Value,1000 USD,Maize (corn),1985,1305
Import Quantity,t,Maize (corn),1986,1482166
Import Value,1000 USD,Maize (corn),1986,319027
Export Quantity,t,Maize (corn),1986,12389
Export Value,1000 USD,Maize (corn),1986,2466
Import Quantity,t,Maize (corn),1987,1471361
Import Value,1000 USD,Maize (corn),1987,332943
Export Quantity,t,Maize (corn),1987,19639
Export Value,1000 USD,Maize (corn),1987,5047
Import Quantity,t,Maize (corn),1988,1337950
Import Value,1000 USD,Maize (corn),1988,316434
Export Quantity,t,Maize (corn),1988,7290
Export Value,1000 USD,Maize (corn),1988,2117
Import Quantity,t,Maize (corn),1989,1455820
Import Value,1000 USD,Maize (corn),1989,317972
Export Quantity,t,Maize (corn),1989,26007
Export Value,1000 USD,Maize (corn),1989,5447
Import Quantity,t,Maize (corn),1990,1627069
Import Value,1000 USD,Maize (corn),1990,396235
Export Quantity,t,Maize (corn),1990,15526
Export Value,1000 USD,Maize (corn),1990,4560
Import Quantity,t,Maize (corn),1991,1518352
Import Value,1000 USD,Maize (corn),1991,397937
Export Quantity,t,Maize (corn),1991,14714
Export Value,1000 USD,Maize (corn),1991,4359
Import Quantity,t,Maize (corn),1992,1690422
Import Value,1000 USD,Maize (corn),1992,416874
Export Quantity,t,Maize (corn),1992,12697
Export Value,1000 USD,Maize (corn),1992,3713
Import Quantity,t,Maize (corn),1993,1507988
Import Value,1000 USD,Maize (corn),1993,347462
Export Quantity,t,Maize (corn),1993,13814
Export Value,1000 USD,Maize (corn),1993,4052
Import Quantity,t,Maize (corn),1994,1626319
Import Value,1000 USD,Maize (corn),1994,332805
Export Quantity,t,Maize (corn),1994,17294
Export Value,1000 USD,Maize (corn),1994,4078
Import Quantity,t,Maize (corn),1995,1501563
Import Value,1000 USD,Maize (corn),1995,317751
Export Quantity,t,Maize (corn),1995,11449
Export Value,1000 USD,Maize (corn),1995,2960
Import Quantity,t,Maize (corn),1996,1373205
Import Value,1000 USD,Maize (corn),1996,334573
Export Quantity,t,Maize (corn),1996,20208
Export Value,1000 USD,Maize (corn),1996,6396
Import Quantity,t,Maize (corn),1997,1472912
Import Value,1000 USD,Maize (corn),1997,294787
Export Quantity,t,Maize (corn),1997,9379
Export Value,1000 USD,Maize (corn),1997,3362
Import Quantity,t,Maize (corn),1998,1300988
Import Value,1000 USD,Maize (corn),1998,229484
Export Quantity,t,Maize (corn),1998,2868
Export Value,1000 USD,Maize (corn),1998,1137
Import Quantity,t,Maize (corn),1999,1267219
Import Value,1000 USD,Maize (corn),1999,221623
Export Quantity,t,Maize (corn),1999,9505
Export Value,1000 USD,Maize (corn),1999,2449
Import Quantity,t,Maize (corn),2000,1346304
Import Value,1000 USD,Maize (corn),2000,220694
Export Quantity,t,Maize (corn),2000,19859
Export Value,1000 USD,Maize (corn),2000,4856
Import Quantity,t,Maize (corn),2001,1545191
Import Value,1000 USD,Maize (corn),2001,219788
Export Quantity,t,Maize (corn),2001,8163
Export Value,1000 USD,Maize (corn),2001,2653
Import Quantity,t,Maize (corn),2002,1467942
Import Value,1000 USD,Maize (corn),2002,208992
Export Quantity,t,Maize (corn),2002,12055
Export Value,1000 USD,Maize (corn),2002,3523
Import Quantity,t,Maize (corn),2003,1429807
Import Value,1000 USD,Maize (corn),2003,260241
Export Quantity,t,Maize (corn),2003,14991
Export Value,1000 USD,Maize (corn),2003,4966
Import Quantity,t,Maize (corn),2004,1282900
Import Value,1000 USD,Maize (corn),2004,282904
Export Quantity,t,Maize (corn),2004,19693
Export Value,1000 USD,Maize (corn),2004,9015
Import Quantity,t,Maize (corn),2005,1268603
Import Value,1000 USD,Maize (corn),2005,272220
Export Quantity,t,Maize (corn),2005,14061
Export Value,1000 USD,Maize (corn),2005,8816
Import Quantity,t,Maize (corn),2006,1124438
Import Value,1000 USD,Maize (corn),2006,247435
Export Quantity,t,Maize (corn),2006,25359
Export Value,1000 USD,Maize (corn),2006,8821
Import Quantity,t,Maize (corn),2007,1403539
Import Value,1000 USD,Maize (corn),2007,404781
Export Quantity,t,Maize (corn),2007,16544
Export Value,1000 USD,Maize (corn),2007,6055
Import Quantity,t,Maize (corn),2008,1061262
Import Value,1000 USD,Maize (corn),2008,349275
Export Quantity,t,Maize (corn),2008,19108
Export Value,1000 USD,Maize (corn),2008,7056
Import Quantity,t,Maize (corn),2009,899955
Import Value,1000 USD,Maize (corn),2009,242511
Export Quantity,t,Maize (corn),2009,14535
Export Value,1000 USD,Maize (corn),2009,6936
Import Quantity,t,Maize (corn),2010,963116
Import Value,1000 USD,Maize (corn),2010,256609
Export Quantity,t,Maize (corn),2010,24009
Export Value,1000 USD,Maize (corn),2010,8869
Import Quantity,t,Maize (corn),2011,963458
Import Value,1000 USD,Maize (corn),2011,336815
Export Quantity,t,Maize (corn),2011,35125
Export Value,1000 USD,Maize (corn),2011,14137
Import Quantity,t,Maize (corn),2012,1282377
Import Value,1000 USD,Maize (corn),2012,430563
Export Quantity,t,Maize (corn),2012,40010
Export Value,1000 USD,Maize (corn),2012,14524
Import Quantity,t,Maize (corn),2013,2061883
Import Value,1000 USD,Maize (corn),2013,641042
Export Quantity,t,Maize (corn),2013,138096
Export Value,1000 USD,Maize (corn),2013,39202
Import Quantity,t,Maize (corn),2014,2177227.68
Import Value,1000 USD,Maize (corn),2014,570909
Export Quantity,t,Maize (corn),2014,125948.58
Export Value,1000 USD,Maize (corn),2014,33852
Import Quantity,t,Maize (corn),2015,1818542.14
Import Value,1000 USD,Maize (corn),2015,395026
Export Quantity,t,Maize (corn),2015,126749.99
Export Value,1000 USD,Maize (corn),2015,28267
Import Quantity,t,Maize (corn),2016,1657884.19
Import Value,1000 USD,Maize (corn),2016,357773
Export Quantity,t,Maize (corn),2016,151826.01
Export Value,1000 USD,Maize (corn),2016,32589
Import Quantity,t,Maize (corn),2017,2157122.81
Import Value,1000 USD,Maize (corn),2017,453880
Export Quantity,t,Maize (corn),2017,164260.35
Export Value,1000 USD,Maize (corn),2017,36132
Import Quantity,t,Maize (corn),2018,2301827.1
Import Value,1000 USD,Maize (corn),2018,521748
Export Quantity,t,Maize (corn),2018,182932.32
Export Value,1000 USD,Maize (corn),2018,40978
Import Quantity,t,Maize (corn),2019,2781577.26
Import Value,1000 USD,Maize (corn),2019,595127
Export Quantity,t,Maize (corn),2019,171230.2
Export Value,1000 USD,Maize (corn),2019,38931
Import Quantity,t,Maize (corn),2020,2670571.43
Import Value,1000 USD,Maize (corn),2020,619650
Export Quantity,t,Maize (corn),2020,138934.45
Export Value,1000 USD,Maize (corn),2020,30635
Import Quantity,t,Maize (corn),2021,2619711.19
Import Value,1000 USD,Maize (corn),2021,727462
Export Quantity,t,Maize (corn),2021,119437.8
Export Value,1000 USD,Maize (corn),2021,35778
Import Quantity,t,Maize (corn),2022,2478983.26
Import Value,1000 USD,Maize (corn),2022,879101
Export Quantity,t,Maize (corn),2022,144464.74
Export Value,1000 USD,Maize (corn),2022,52591
Import Quantity,t,Meat meal,1961,20700
Import Value,1000 USD,Meat meal,1961,2514
Export Quantity,t,Meat meal,1961,0
Export Value,1000 USD,Meat meal,1961,0
Import Quantity,t,Meat meal,1962,21646
Import Value,1000 USD,Meat meal,1962,2996
Export Quantity,t,Meat meal,1962,0
Export Value,1000 USD,Meat meal,1962,0
Import Quantity,t,Meat meal,1963,13241
Import Value,1000 USD,Meat meal,1963,1585
Export Quantity,t,Meat meal,1963,0
Export Value,1000 USD,Meat meal,1963,0
Import Quantity,t,Meat meal,1964,16504
Import Value,1000 USD,Meat meal,1964,2274
Export Quantity,t,Meat meal,1964,0
Export Value,1000 USD,Meat meal,1964,0
Import Quantity,t,Meat meal,1965,16380
Import Value,1000 USD,Meat meal,1965,2447
Export Quantity,t,Meat meal,1965,0
Export Value,1000 USD,Meat meal,1965,0
Import Quantity,t,Meat meal,1966,17922
Import Value,1000 USD,Meat meal,1966,2229
Export Quantity,t,Meat meal,1966,0
Export Value,1000 USD,Meat meal,1966,0
Import Quantity,t,Meat meal,1967,20268
Import Value,1000 USD,Meat meal,1967,2128
Export Quantity,t,Meat meal,1967,0
Export Value,1000 USD,Meat meal,1967,0
Import Quantity,t,Meat meal,1968,15882
Import Value,1000 USD,Meat meal,1968,1630
Export Quantity,t,Meat meal,1968,0
Export Value,1000 USD,Meat meal,1968,0
Import Quantity,t,Meat meal,1969,16972
Import Value,1000 USD,Meat meal,1969,2247
Export Quantity,t,Meat meal,1969,0
Export Value,1000 USD,Meat meal,1969,0
Import Quantity,t,Meat meal,1970,24223
Import Value,1000 USD,Meat meal,1970,3118
Export Quantity,t,Meat meal,1970,18349
Export Value,1000 USD,Meat meal,1970,2596
Import Quantity,t,Meat meal,1971,26299
Import Value,1000 USD,Meat meal,1971,2935
Export Quantity,t,Meat meal,1971,5851
Export Value,1000 USD,Meat meal,1971,1021
Import Quantity,t,Meat meal,1972,26925
Import Value,1000 USD,Meat meal,1972,3816
Export Quantity,t,Meat meal,1972,2318
Export Value,1000 USD,Meat meal,1972,335
Import Quantity,t,Meat meal,1973,49225
Import Value,1000 USD,Meat meal,1973,9599
Export Quantity,t,Meat meal,1973,4087
Export Value,1000 USD,Meat meal,1973,921
Import Quantity,t,Meat meal,1974,31172
Import Value,1000 USD,Meat meal,1974,6955
Export Quantity,t,Meat meal,1974,5695
Export Value,1000 USD,Meat meal,1974,1358
Import Quantity,t,Meat meal,1975,37028
Import Value,1000 USD,Meat meal,1975,6446
Export Quantity,t,Meat meal,1975,6707
Export Value,1000 USD,Meat meal,1975,1207
Import Quantity,t,Meat meal,1976,32896
Import Value,1000 USD,Meat meal,1976,7410
Export Quantity,t,Meat meal,1976,2698
Export Value,1000 USD,Meat meal,1976,547
Import Quantity,t,Meat meal,1977,38022
Import Value,1000 USD,Meat meal,1977,10001
Export Quantity,t,Meat meal,1977,4307
Export Value,1000 USD,Meat meal,1977,1288
Import Quantity,t,Meat meal,1978,33221
Import Value,1000 USD,Meat meal,1978,8431
Export Quantity,t,Meat meal,1978,3113
Export Value,1000 USD,Meat meal,1978,868
Import Quantity,t,Meat meal,1979,26163
Import Value,1000 USD,Meat meal,1979,7189
Export Quantity,t,Meat meal,1979,2049
Export Value,1000 USD,Meat meal,1979,601
Import Quantity,t,Meat meal,1980,35330
Import Value,1000 USD,Meat meal,1980,9150
Export Quantity,t,Meat meal,1980,6571
Export Value,1000 USD,Meat meal,1980,1931
Import Quantity,t,Meat meal,1981,28573
Import Value,1000 USD,Meat meal,1981,8542
Export Quantity,t,Meat meal,1981,3261
Export Value,1000 USD,Meat meal,1981,1113
Import Quantity,t,Meat meal,1982,28668
Import Value,1000 USD,Meat meal,1982,7624
Export Quantity,t,Meat meal,1982,2025
Export Value,1000 USD,Meat meal,1982,699
Import Quantity,t,Meat meal,1983,30355
Import Value,1000 USD,Meat meal,1983,7802
Export Quantity,t,Meat meal,1983,2563
Export Value,1000 USD,Meat meal,1983,608
Import Quantity,t,Meat meal,1984,33250
Import Value,1000 USD,Meat meal,1984,7529
Export Quantity,t,Meat meal,1984,10634
Export Value,1000 USD,Meat meal,1984,2040
Import Quantity,t,Meat meal,1985,27701
Import Value,1000 USD,Meat meal,1985,6388
Export Quantity,t,Meat meal,1985,6886
Export Value,1000 USD,Meat meal,1985,1126
Import Quantity,t,Meat meal,1986,30531
Import Value,1000 USD,Meat meal,1986,7501
Export Quantity,t,Meat meal,1986,10002
Export Value,1000 USD,Meat meal,1986,1897
Import Quantity,t,Meat meal,1987,31546
Import Value,1000 USD,Meat meal,1987,8356
Export Quantity,t,Meat meal,1987,12299
Export Value,1000 USD,Meat meal,1987,3115
Import Quantity,t,Meat meal,1988,38816
Import Value,1000 USD,Meat meal,1988,12885
Export Quantity,t,Meat meal,1988,13228
Export Value,1000 USD,Meat meal,1988,4350
Import Quantity,t,Meat meal,1989,25139
Import Value,1000 USD,Meat meal,1989,8692
Export Quantity,t,Meat meal,1989,32221
Export Value,1000 USD,Meat meal,1989,10018
Import Quantity,t,Meat meal,1990,26059
Import Value,1000 USD,Meat meal,1990,8328
Export Quantity,t,Meat meal,1990,17999
Export Value,1000 USD,Meat meal,1990,6096
Import Quantity,t,Meat meal,1991,21761
Import Value,1000 USD,Meat meal,1991,5823
Export Quantity,t,Meat meal,1991,25259
Export Value,1000 USD,Meat meal,1991,11851
Import Quantity,t,Meat meal,1992,30173
Import Value,1000 USD,Meat meal,1992,8662
Export Quantity,t,Meat meal,1992,30613
Export Value,1000 USD,Meat meal,1992,14813
Import Quantity,t,Meat meal,1993,19990
Import Value,1000 USD,Meat meal,1993,10534
Export Quantity,t,Meat meal,1993,31999
Export Value,1000 USD,Meat meal,1993,12715
Import Quantity,t,Meat meal,1994,23321
Import Value,1000 USD,Meat meal,1994,9983
Export Quantity,t,Meat meal,1994,22397
Export Value,1000 USD,Meat meal,1994,10034
Import Quantity,t,Meat meal,1995,26622
Import Value,1000 USD,Meat meal,1995,9305
Export Quantity,t,Meat meal,1995,18751
Export Value,1000 USD,Meat meal,1995,12137
Import Quantity,t,Meat meal,1996,16436
Import Value,1000 USD,Meat meal,1996,8640
Export Quantity,t,Meat meal,1996,20254
Export Value,1000 USD,Meat meal,1996,12537
Import Quantity,t,Meat meal,1997,16774
Import Value,1000 USD,Meat meal,1997,10645
Export Quantity,t,Meat meal,1997,33408
Export Value,1000 USD,Meat meal,1997,17847
Import Quantity,t,Meat meal,1998,21060
Import Value,1000 USD,Meat meal,1998,15363
Export Quantity,t,Meat meal,1998,24170
Export Value,1000 USD,Meat meal,1998,11462
Import Quantity,t,Meat meal,1999,13699
Import Value,1000 USD,Meat meal,1999,7186
Export Quantity,t,Meat meal,1999,44385
Export Value,1000 USD,Meat meal,1999,17623
Import Quantity,t,Meat meal,2000,14648
Import Value,1000 USD,Meat meal,2000,5492
Export Quantity,t,Meat meal,2000,34875
Export Value,1000 USD,Meat meal,2000,12308
Import Quantity,t,Meat meal,2001,15744
Import Value,1000 USD,Meat meal,2001,6096
Export Quantity,t,Meat meal,2001,2911
Export Value,1000 USD,Meat meal,2001,1442
Import Quantity,t,Meat meal,2002,17239
Import Value,1000 USD,Meat meal,2002,6407
Export Quantity,t,Meat meal,2002,9319
Export Value,1000 USD,Meat meal,2002,3086
Import Quantity,t,Meat meal,2003,7356
Import Value,1000 USD,Meat meal,2003,3630
Export Quantity,t,Meat meal,2003,12248
Export Value,1000 USD,Meat meal,2003,4402
Import Quantity,t,Meat meal,2004,7565
Import Value,1000 USD,Meat meal,2004,4814
Export Quantity,t,Meat meal,2004,15794
Export Value,1000 USD,Meat meal,2004,5772
Import Quantity,t,Meat meal,2005,26344
Import Value,1000 USD,Meat meal,2005,11631
Export Quantity,t,Meat meal,2005,12912
Export Value,1000 USD,Meat meal,2005,5081
Import Quantity,t,Meat meal,2006,14530
Import Value,1000 USD,Meat meal,2006,9759
Export Quantity,t,Meat meal,2006,14401
Export Value,1000 USD,Meat meal,2006,5903
Import Quantity,t,Meat meal,2007,8022
Import Value,1000 USD,Meat meal,2007,5917
Export Quantity,t,Meat meal,2007,27174
Export Value,1000 USD,Meat meal,2007,12212
Import Quantity,t,Meat meal,2008,8243
Import Value,1000 USD,Meat meal,2008,5286
Export Quantity,t,Meat meal,2008,50901
Export Value,1000 USD,Meat meal,2008,17216
Import Quantity,t,Meat meal,2009,17044
Import Value,1000 USD,Meat meal,2009,13835
Export Quantity,t,Meat meal,2009,80896
Export Value,1000 USD,Meat meal,2009,27379
Import Quantity,t,Meat meal,2010,26587
Import Value,1000 USD,Meat meal,2010,18693
Export Quantity,t,Meat meal,2010,116823
Export Value,1000 USD,Meat meal,2010,40032
Import Quantity,t,Meat meal,2011,38312
Import Value,1000 USD,Meat meal,2011,17234
Export Quantity,t,Meat meal,2011,196605
Export Value,1000 USD,Meat meal,2011,65864
Import Quantity,t,Meat meal,2012,73287
Import Value,1000 USD,Meat meal,2012,23296
Export Quantity,t,Meat meal,2012,230097
Export Value,1000 USD,Meat meal,2012,91094
Import Quantity,t,Meat meal,2013,53563
Import Value,1000 USD,Meat meal,2013,24043
Export Quantity,t,Meat meal,2013,239456
Export Value,1000 USD,Meat meal,2013,127960
Import Quantity,t,Meat meal,2014,21424
Import Value,1000 USD,Meat meal,2014,18918
Export Quantity,t,Meat meal,2014,268070
Export Value,1000 USD,Meat meal,2014,136479
Import Quantity,t,Meat meal,2015,25301
Import Value,1000 USD,Meat meal,2015,16404
Export Quantity,t,Meat meal,2015,195392
Export Value,1000 USD,Meat meal,2015,90843
Import Quantity,t,Meat meal,2016,19127
Import Value,1000 USD,Meat meal,2016,13437
Export Quantity,t,Meat meal,2016,204847
Export Value,1000 USD,Meat meal,2016,74377
Import Quantity,t,Meat meal,2017,29634
Import Value,1000 USD,Meat meal,2017,22989
Export Quantity,t,Meat meal,2017,182952
Export Value,1000 USD,Meat meal,2017,78483
Import Quantity,t,Meat meal,2018,30599
Import Value,1000 USD,Meat meal,2018,23073
Export Quantity,t,Meat meal,2018,212054
Export Value,1000 USD,Meat meal,2018,84205
Import Quantity,t,Meat meal,2019,32654
Import Value,1000 USD,Meat meal,2019,26311
Export Quantity,t,Meat meal,2019,269044
Export Value,1000 USD,Meat meal,2019,112649
Import Quantity,t,Meat meal,2020,34449
Import Value,1000 USD,Meat meal,2020,27005
Export Quantity,t,Meat meal,2020,232710
Export Value,1000 USD,Meat meal,2020,105279
Import Quantity,t,Meat meal,2021,29477
Import Value,1000 USD,Meat meal,2021,29599
Export Quantity,t,Meat meal,2021,221564
Export Value,1000 USD,Meat meal,2021,144401
Import Quantity,t,Meat meal,2022,21197
Import Value,1000 USD,Meat meal,2022,28190
Export Quantity,t,Meat meal,2022,234056
Export Value,1000 USD,Meat meal,2022,166756
Import Quantity,t,"Meat of cattle boneless, fresh or chilled",1961,0
Import Value,1000 USD,"Meat of cattle boneless, fresh or chilled",1961,0
Export Quantity,t,"Meat of cattle boneless, fresh or chilled",1961,0
Export Value,1000 USD,"Meat of cattle boneless, fresh or chilled",1961,0
Import Quantity,t,"Meat of cattle boneless, fresh or chilled",1962,0
Import Value,1000 USD,"Meat of cattle boneless, fresh or chilled",1962,0
Export Quantity,t,"Meat of cattle boneless, fresh or chilled",1962,0
Export Value,1000 USD,"Meat of cattle boneless, fresh or chilled",1962,0
Import Quantity,t,"Meat of cattle boneless, fresh or chilled",1963,0
Import Value,1000 USD,"Meat of cattle boneless, fresh or chilled",1963,0
Export Quantity,t,"Meat of cattle boneless, fresh or chilled",1963,0
Export Value,1000 USD,"Meat of cattle boneless, fresh or chilled",1963,0
Import Quantity,t,"Meat of cattle boneless, fresh or chilled",1964,0
Import Value,1000 USD,"Meat of cattle boneless, fresh or chilled",1964,0
Export Quantity,t,"Meat of cattle boneless, fresh or chilled",1964,0
Export Value,1000 USD,"Meat of cattle boneless, fresh or chilled",1964,0
Import Quantity,t,"Meat of cattle boneless, fresh or chilled",1965,0
Import Value,1000 USD,"Meat of cattle boneless, fresh or chilled",1965,0
Export Quantity,t,"Meat of cattle boneless, fresh or chilled",1965,0
Export Value,1000 USD,"Meat of cattle boneless, fresh or chilled",1965,0
Import Quantity,t,"Meat of cattle boneless, fresh or chilled",1966,104510
Import Value,1000 USD,"Meat of cattle boneless, fresh or chilled",1966,93447
Export Quantity,t,"Meat of cattle boneless, fresh or chilled",1966,368
Export Value,1000 USD,"Meat of cattle boneless, fresh or chilled",1966,468
Import Quantity,t,"Meat of cattle boneless, fresh or chilled",1967,47208
Import Value,1000 USD,"Meat of cattle boneless, fresh or chilled",1967,41883
Export Quantity,t,"Meat of cattle boneless, fresh or chilled",1967,240
Export Value,1000 USD,"Meat of cattle boneless, fresh or chilled",1967,303
Import Quantity,t,"Meat of cattle boneless, fresh or chilled",1968,41159
Import Value,1000 USD,"Meat of cattle boneless, fresh or chilled",1968,35258
Export Quantity,t,"Meat of cattle boneless, fresh or chilled",1968,148
Export Value,1000 USD,"Meat of cattle boneless, fresh or chilled",1968,206
Import Quantity,t,"Meat of cattle boneless, fresh or chilled",1969,69552
Import Value,1000 USD,"Meat of cattle boneless, fresh or chilled",1969,60924
Export Quantity,t,"Meat of cattle boneless, fresh or chilled",1969,235
Export Value,1000 USD,"Meat of cattle boneless, fresh or chilled",1969,278
Import Quantity,t,"Meat of cattle boneless, fresh or chilled",1970,144223
Import Value,1000 USD,"Meat of cattle boneless, fresh or chilled",1970,139610
Export Quantity,t,"Meat of cattle boneless, fresh or chilled",1970,4423
Export Value,1000 USD,"Meat of cattle boneless, fresh or chilled",1970,5395
Import Quantity,t,"Meat of cattle boneless, fresh or chilled",1971,130432
Import Value,1000 USD,"Meat of cattle boneless, fresh or chilled",1971,154038
Export Quantity,t,"Meat of cattle boneless, fresh or chilled",1971,3361
Export Value,1000 USD,"Meat of cattle boneless, fresh or chilled",1971,4932
Import Quantity,t,"Meat of cattle boneless, fresh or chilled",1972,194666
Import Value,1000 USD,"Meat of cattle boneless, fresh or chilled",1972,264304
Export Quantity,t,"Meat of cattle boneless, fresh or chilled",1972,4687
Export Value,1000 USD,"Meat of cattle boneless, fresh or chilled",1972,7256
Import Quantity,t,"Meat of cattle boneless, fresh or chilled",1973,213374
Import Value,1000 USD,"Meat of cattle boneless, fresh or chilled",1973,395664
Export Quantity,t,"Meat of cattle boneless, fresh or chilled",1973,493
Export Value,1000 USD,"Meat of cattle boneless, fresh or chilled",1973,911
Import Quantity,t,"Meat of cattle boneless, fresh or chilled",1974,134737
Import Value,1000 USD,"Meat of cattle boneless, fresh or chilled",1974,252713
Export Quantity,t,"Meat of cattle boneless, fresh or chilled",1974,4691
Export Value,1000 USD,"Meat of cattle boneless, fresh or chilled",1974,9596
Import Quantity,t,"Meat of cattle boneless, fresh or chilled",1975,20037
Import Value,1000 USD,"Meat of cattle boneless, fresh or chilled",1975,45222
Export Quantity,t,"Meat of cattle boneless, fresh or chilled",1975,3876
Export Value,1000 USD,"Meat of cattle boneless, fresh or chilled",1975,8981
Import Quantity,t,"Meat of cattle boneless, fresh or chilled",1976,26858
Import Value,1000 USD,"Meat of cattle boneless, fresh or chilled",1976,49414
Export Quantity,t,"Meat of cattle boneless, fresh or chilled",1976,4185
Export Value,1000 USD,"Meat of cattle boneless, fresh or chilled",1976,11446
Import Quantity,t,"Meat of cattle boneless, fresh or chilled",1977,27430
Import Value,1000 USD,"Meat of cattle boneless, fresh or chilled",1977,56101
Export Quantity,t,"Meat of cattle boneless, fresh or chilled",1977,6590
Export Value,1000 USD,"Meat of cattle boneless, fresh or chilled",1977,22593
Import Quantity,t,"Meat of cattle boneless, fresh or chilled",1978,113897
Import Value,1000 USD,"Meat of cattle boneless, fresh or chilled",1978,224565
Export Quantity,t,"Meat of cattle boneless, fresh or chilled",1978,14168
Export Value,1000 USD,"Meat of cattle boneless, fresh or chilled",1978,57671
Import Quantity,t,"Meat of cattle boneless, fresh or chilled",1979,122915
Import Value,1000 USD,"Meat of cattle boneless, fresh or chilled",1979,326527
Export Quantity,t,"Meat of cattle boneless, fresh or chilled",1979,17438
Export Value,1000 USD,"Meat of cattle boneless, fresh or chilled",1979,78469
Import Quantity,t,"Meat of cattle boneless, fresh or chilled",1980,92092
Import Value,1000 USD,"Meat of cattle boneless, fresh or chilled",1980,294339
Export Quantity,t,"Meat of cattle boneless, fresh or chilled",1980,21221
Export Value,1000 USD,"Meat of cattle boneless, fresh or chilled",1980,94045
Import Quantity,t,"Meat of cattle boneless, fresh or chilled",1981,95703
Import Value,1000 USD,"Meat of cattle boneless, fresh or chilled",1981,303208
Export Quantity,t,"Meat of cattle boneless, fresh or chilled",1981,24364
Export Value,1000 USD,"Meat of cattle boneless, fresh or chilled",1981,86853
Import Quantity,t,"Meat of cattle boneless, fresh or chilled",1982,91154
Import Value,1000 USD,"Meat of cattle boneless, fresh or chilled",1982,274464
Export Quantity,t,"Meat of cattle boneless, fresh or chilled",1982,22935
Export Value,1000 USD,"Meat of cattle boneless, fresh or chilled",1982,72400
Import Quantity,t,"Meat of cattle boneless, fresh or chilled",1983,81907
Import Value,1000 USD,"Meat of cattle boneless, fresh or chilled",1983,221646
Export Quantity,t,"Meat of cattle boneless, fresh or chilled",1983,25353
Export Value,1000 USD,"Meat of cattle boneless, fresh or chilled",1983,77183
Import Quantity,t,"Meat of cattle boneless, fresh or chilled",1984,74614
Import Value,1000 USD,"Meat of cattle boneless, fresh or chilled",1984,181312
Export Quantity,t,"Meat of cattle boneless, fresh or chilled",1984,29180
Export Value,1000 USD,"Meat of cattle boneless, fresh or chilled",1984,61785
Import Quantity,t,"Meat of cattle boneless, fresh or chilled",1985,78117
Import Value,1000 USD,"Meat of cattle boneless, fresh or chilled",1985,189443
Export Quantity,t,"Meat of cattle boneless, fresh or chilled",1985,23250
Export Value,1000 USD,"Meat of cattle boneless, fresh or chilled",1985,56924
Import Quantity,t,"Meat of cattle boneless, fresh or chilled",1986,92204
Import Value,1000 USD,"Meat of cattle boneless, fresh or chilled",1986,264631
Export Quantity,t,"Meat of cattle boneless, fresh or chilled",1986,48209
Export Value,1000 USD,"Meat of cattle boneless, fresh or chilled",1986,91249
Import Quantity,t,"Meat of cattle boneless, fresh or chilled",1987,102397
Import Value,1000 USD,"Meat of cattle boneless, fresh or chilled",1987,359799
Export Quantity,t,"Meat of cattle boneless, fresh or chilled",1987,38206
Export Value,1000 USD,"Meat of cattle boneless, fresh or chilled",1987,142751
Import Quantity,t,"Meat of cattle boneless, fresh or chilled",1988,126393
Import Value,1000 USD,"Meat of cattle boneless, fresh or chilled",1988,510789
Export Quantity,t,"Meat of cattle boneless, fresh or chilled",1988,44855
Export Value,1000 USD,"Meat of cattle boneless, fresh or chilled",1988,172964
Import Quantity,t,"Meat of cattle boneless, fresh or chilled",1989,119310
Import Value,1000 USD,"Meat of cattle boneless, fresh or chilled",1989,492379
Export Quantity,t,"Meat of cattle boneless, fresh or chilled",1989,45262
Export Value,1000 USD,"Meat of cattle boneless, fresh or chilled",1989,175974
Import Quantity,t,"Meat of cattle boneless, fresh or chilled",1990,103371
Import Value,1000 USD,"Meat of cattle boneless, fresh or chilled",1990,461354
Export Quantity,t,"Meat of cattle boneless, fresh or chilled",1990,29580
Export Value,1000 USD,"Meat of cattle boneless, fresh or chilled",1990,110875
Import Quantity,t,"Meat of cattle boneless, fresh or chilled",1991,115467
Import Value,1000 USD,"Meat of cattle boneless, fresh or chilled",1991,523725
Export Quantity,t,"Meat of cattle boneless, fresh or chilled",1991,41123
Export Value,1000 USD,"Meat of cattle boneless, fresh or chilled",1991,139625
Import Quantity,t,"Meat of cattle boneless, fresh or chilled",1992,121194
Import Value,1000 USD,"Meat of cattle boneless, fresh or chilled",1992,552153
Export Quantity,t,"Meat of cattle boneless, fresh or chilled",1992,50217
Export Value,1000 USD,"Meat of cattle boneless, fresh or chilled",1992,174984
Import Quantity,t,"Meat of cattle boneless, fresh or chilled",1993,100578
Import Value,1000 USD,"Meat of cattle boneless, fresh or chilled",1993,422978
Export Quantity,t,"Meat of cattle boneless, fresh or chilled",1993,60260
Export Value,1000 USD,"Meat of cattle boneless, fresh or chilled",1993,196884
Import Quantity,t,"Meat of cattle boneless, fresh or chilled",1994,114022
Import Value,1000 USD,"Meat of cattle boneless, fresh or chilled",1994,421688
Export Quantity,t,"Meat of cattle boneless, fresh or chilled",1994,94498
Export Value,1000 USD,"Meat of cattle boneless, fresh or chilled",1994,277591
Import Quantity,t,"Meat of cattle boneless, fresh or chilled",1995,98224
Import Value,1000 USD,"Meat of cattle boneless, fresh or chilled",1995,425007
Export Quantity,t,"Meat of cattle boneless, fresh or chilled",1995,96850
Export Value,1000 USD,"Meat of cattle boneless, fresh or chilled",1995,303570
Import Quantity,t,"Meat of cattle boneless, fresh or chilled",1996,92341
Import Value,1000 USD,"Meat of cattle boneless, fresh or chilled",1996,387913
Export Quantity,t,"Meat of cattle boneless, fresh or chilled",1996,26124
Export Value,1000 USD,"Meat of cattle boneless, fresh or chilled",1996,90397
Import Quantity,t,"Meat of cattle boneless, fresh or chilled",1997,116200
Import Value,1000 USD,"Meat of cattle boneless, fresh or chilled",1997,468853
Export Quantity,t,"Meat of cattle boneless, fresh or chilled",1997,3925
Export Value,1000 USD,"Meat of cattle boneless, fresh or chilled",1997,17990
Import Quantity,t,"Meat of cattle boneless, fresh or chilled",1998,90325
Import Value,1000 USD,"Meat of cattle boneless, fresh or chilled",1998,357060
Export Quantity,t,"Meat of cattle boneless, fresh or chilled",1998,3494
Export Value,1000 USD,"Meat of cattle boneless, fresh or chilled",1998,15311
Import Quantity,t,"Meat of cattle boneless, fresh or chilled",1999,96369
Import Value,1000 USD,"Meat of cattle boneless, fresh or chilled",1999,397186
Export Quantity,t,"Meat of cattle boneless, fresh or chilled",1999,5168
Export Value,1000 USD,"Meat of cattle boneless, fresh or chilled",1999,30167
Import Quantity,t,"Meat of cattle boneless, fresh or chilled",2000,106148
Import Value,1000 USD,"Meat of cattle boneless, fresh or chilled",2000,393051
Export Quantity,t,"Meat of cattle boneless, fresh or chilled",2000,4486
Export Value,1000 USD,"Meat of cattle boneless, fresh or chilled",2000,26250
Import Quantity,t,"Meat of cattle boneless, fresh or chilled",2001,128136
Import Value,1000 USD,"Meat of cattle boneless, fresh or chilled",2001,434552
Export Quantity,t,"Meat of cattle boneless, fresh or chilled",2001,4023
Export Value,1000 USD,"Meat of cattle boneless, fresh or chilled",2001,22424
Import Quantity,t,"Meat of cattle boneless, fresh or chilled",2002,160579
Import Value,1000 USD,"Meat of cattle boneless, fresh or chilled",2002,540915
Export Quantity,t,"Meat of cattle boneless, fresh or chilled",2002,4780
Export Value,1000 USD,"Meat of cattle boneless, fresh or chilled",2002,25170
Import Quantity,t,"Meat of cattle boneless, fresh or chilled",2003,185554
Import Value,1000 USD,"Meat of cattle boneless, fresh or chilled",2003,677893
Export Quantity,t,"Meat of cattle boneless, fresh or chilled",2003,4802
Export Value,1000 USD,"Meat of cattle boneless, fresh or chilled",2003,29936
Import Quantity,t,"Meat of cattle boneless, fresh or chilled",2004,199488
Import Value,1000 USD,"Meat of cattle boneless, fresh or chilled",2004,883762
Export Quantity,t,"Meat of cattle boneless, fresh or chilled",2004,5351
Export Value,1000 USD,"Meat of cattle boneless, fresh or chilled",2004,31471
Import Quantity,t,"Meat of cattle boneless, fresh or chilled",2005,182315
Import Value,1000 USD,"Meat of cattle boneless, fresh or chilled",2005,877742
Export Quantity,t,"Meat of cattle boneless, fresh or chilled",2005,7712
Export Value,1000 USD,"Meat of cattle boneless, fresh or chilled",2005,40731
Import Quantity,t,"Meat of cattle boneless, fresh or chilled",2006,180542
Import Value,1000 USD,"Meat of cattle boneless, fresh or chilled",2006,962742
Export Quantity,t,"Meat of cattle boneless, fresh or chilled",2006,16367
Export Value,1000 USD,"Meat of cattle boneless, fresh or chilled",2006,95372
Import Quantity,t,"Meat of cattle boneless, fresh or chilled",2007,186995
Import Value,1000 USD,"Meat of cattle boneless, fresh or chilled",2007,1028347
Export Quantity,t,"Meat of cattle boneless, fresh or chilled",2007,25639
Export Value,1000 USD,"Meat of cattle boneless, fresh or chilled",2007,150413
Import Quantity,t,"Meat of cattle boneless, fresh or chilled",2008,177769
Import Value,1000 USD,"Meat of cattle boneless, fresh or chilled",2008,1069871
Export Quantity,t,"Meat of cattle boneless, fresh or chilled",2008,34626
Export Value,1000 USD,"Meat of cattle boneless, fresh or chilled",2008,239321
Import Quantity,t,"Meat of cattle boneless, fresh or chilled",2009,164755
Import Value,1000 USD,"Meat of cattle boneless, fresh or chilled",2009,879051
Export Quantity,t,"Meat of cattle boneless, fresh or chilled",2009,40691
Export Value,1000 USD,"Meat of cattle boneless, fresh or chilled",2009,279236
Import Quantity,t,"Meat of cattle boneless, fresh or chilled",2010,172161
Import Value,1000 USD,"Meat of cattle boneless, fresh or chilled",2010,937710
Export Quantity,t,"Meat of cattle boneless, fresh or chilled",2010,55384
Export Value,1000 USD,"Meat of cattle boneless, fresh or chilled",2010,349803
Import Quantity,t,"Meat of cattle boneless, fresh or chilled",2011,169259
Import Value,1000 USD,"Meat of cattle boneless, fresh or chilled",2011,1093465
Export Quantity,t,"Meat of cattle boneless, fresh or chilled",2011,70534
Export Value,1000 USD,"Meat of cattle boneless, fresh or chilled",2011,438622
Import Quantity,t,"Meat of cattle boneless, fresh or chilled",2012,162868
Import Value,1000 USD,"Meat of cattle boneless, fresh or chilled",2012,1072440
Export Quantity,t,"Meat of cattle boneless, fresh or chilled",2012,59991
Export Value,1000 USD,"Meat of cattle boneless, fresh or chilled",2012,397320
Import Quantity,t,"Meat of cattle boneless, fresh or chilled",2013,188170
Import Value,1000 USD,"Meat of cattle boneless, fresh or chilled",2013,1196866
Export Quantity,t,"Meat of cattle boneless, fresh or chilled",2013,55508
Export Value,1000 USD,"Meat of cattle boneless, fresh or chilled",2013,403243
Import Quantity,t,"Meat of cattle boneless, fresh or chilled",2014,187247.9
Import Value,1000 USD,"Meat of cattle boneless, fresh or chilled",2014,1239423
Export Quantity,t,"Meat of cattle boneless, fresh or chilled",2014,66042.83
Export Value,1000 USD,"Meat of cattle boneless, fresh or chilled",2014,445176
Import Quantity,t,"Meat of cattle boneless, fresh or chilled",2015,191714.83
Import Value,1000 USD,"Meat of cattle boneless, fresh or chilled",2015,1168377
Export Quantity,t,"Meat of cattle boneless, fresh or chilled",2015,71183.14
Export Value,1000 USD,"Meat of cattle boneless, fresh or chilled",2015,418809
Import Quantity,t,"Meat of cattle boneless, fresh or chilled",2016,193250.04
Import Value,1000 USD,"Meat of cattle boneless, fresh or chilled",2016,1031439
Export Quantity,t,"Meat of cattle boneless, fresh or chilled",2016,78227.04
Export Value,1000 USD,"Meat of cattle boneless, fresh or chilled",2016,399243
Import Quantity,t,"Meat of cattle boneless, fresh or chilled",2017,198060.34
Import Value,1000 USD,"Meat of cattle boneless, fresh or chilled",2017,1022653
Export Quantity,t,"Meat of cattle boneless, fresh or chilled",2017,74315.79
Export Value,1000 USD,"Meat of cattle boneless, fresh or chilled",2017,405329
Import Quantity,t,"Meat of cattle boneless, fresh or chilled",2018,223535.69
Import Value,1000 USD,"Meat of cattle boneless, fresh or chilled",2018,1240498
Export Quantity,t,"Meat of cattle boneless, fresh or chilled",2018,81371.45
Export Value,1000 USD,"Meat of cattle boneless, fresh or chilled",2018,469063
Import Quantity,t,"Meat of cattle boneless, fresh or chilled",2019,201933.54
Import Value,1000 USD,"Meat of cattle boneless, fresh or chilled",2019,1035989
Export Quantity,t,"Meat of cattle boneless, fresh or chilled",2019,89643.23
Export Value,1000 USD,"Meat of cattle boneless, fresh or chilled",2019,441125
Import Quantity,t,"Meat of cattle boneless, fresh or chilled",2020,211187.88
Import Value,1000 USD,"Meat of cattle boneless, fresh or chilled",2020,1104988
Export Quantity,t,"Meat of cattle boneless, fresh or chilled",2020,83500.41
Export Value,1000 USD,"Meat of cattle boneless, fresh or chilled",2020,383461
Import Quantity,t,"Meat of cattle boneless, fresh or chilled",2021,219715.33
Import Value,1000 USD,"Meat of cattle boneless, fresh or chilled",2021,1364591
Export Quantity,t,"Meat of cattle boneless, fresh or chilled",2021,77641.34
Export Value,1000 USD,"Meat of cattle boneless, fresh or chilled",2021,395829
Import Quantity,t,"Meat of cattle boneless, fresh or chilled",2022,204603.16
Import Value,1000 USD,"Meat of cattle boneless, fresh or chilled",2022,1384549
Export Quantity,t,"Meat of cattle boneless, fresh or chilled",2022,80847.43
Export Value,1000 USD,"Meat of cattle boneless, fresh or chilled",2022,471603
Import Quantity,t,"Meat of cattle with the bone, fresh or chilled",1961,292484
Import Value,1000 USD,"Meat of cattle with the bone, fresh or chilled",1961,155044
Export Quantity,t,"Meat of cattle with the bone, fresh or chilled",1961,3514
Export Value,1000 USD,"Meat of cattle with the bone, fresh or chilled",1961,2727
Import Quantity,t,"Meat of cattle with the bone, fresh or chilled",1962,332811
Import Value,1000 USD,"Meat of cattle with the bone, fresh or chilled",1962,176311
Export Quantity,t,"Meat of cattle with the bone, fresh or chilled",1962,3471
Export Value,1000 USD,"Meat of cattle with the bone, fresh or chilled",1962,2779
Import Quantity,t,"Meat of cattle with the bone, fresh or chilled",1963,363550
Import Value,1000 USD,"Meat of cattle with the bone, fresh or chilled",1963,181951
Export Quantity,t,"Meat of cattle with the bone, fresh or chilled",1963,2959
Export Value,1000 USD,"Meat of cattle with the bone, fresh or chilled",1963,2604
Import Quantity,t,"Meat of cattle with the bone, fresh or chilled",1964,350577
Import Value,1000 USD,"Meat of cattle with the bone, fresh or chilled",1964,239518
Export Quantity,t,"Meat of cattle with the bone, fresh or chilled",1964,10748
Export Value,1000 USD,"Meat of cattle with the bone, fresh or chilled",1964,10212
Import Quantity,t,"Meat of cattle with the bone, fresh or chilled",1965,294718
Import Value,1000 USD,"Meat of cattle with the bone, fresh or chilled",1965,223213
Export Quantity,t,"Meat of cattle with the bone, fresh or chilled",1965,11796
Export Value,1000 USD,"Meat of cattle with the bone, fresh or chilled",1965,11005
Import Quantity,t,"Meat of cattle with the bone, fresh or chilled",1966,185321
Import Value,1000 USD,"Meat of cattle with the bone, fresh or chilled",1966,121988
Export Quantity,t,"Meat of cattle with the bone, fresh or chilled",1966,6535
Export Value,1000 USD,"Meat of cattle with the bone, fresh or chilled",1966,6106
Import Quantity,t,"Meat of cattle with the bone, fresh or chilled",1967,226161
Import Value,1000 USD,"Meat of cattle with the bone, fresh or chilled",1967,142884
Export Quantity,t,"Meat of cattle with the bone, fresh or chilled",1967,6591
Export Value,1000 USD,"Meat of cattle with the bone, fresh or chilled",1967,6026
Import Quantity,t,"Meat of cattle with the bone, fresh or chilled",1968,219994
Import Value,1000 USD,"Meat of cattle with the bone, fresh or chilled",1968,143704
Export Quantity,t,"Meat of cattle with the bone, fresh or chilled",1968,2860
Export Value,1000 USD,"Meat of cattle with the bone, fresh or chilled",1968,2851
Import Quantity,t,"Meat of cattle with the bone, fresh or chilled",1969,275376
Import Value,1000 USD,"Meat of cattle with the bone, fresh or chilled",1969,178461
Export Quantity,t,"Meat of cattle with the bone, fresh or chilled",1969,7431
Export Value,1000 USD,"Meat of cattle with the bone, fresh or chilled",1969,8007
Import Quantity,t,"Meat of cattle with the bone, fresh or chilled",1970,120600
Import Value,1000 USD,"Meat of cattle with the bone, fresh or chilled",1970,85410
Export Quantity,t,"Meat of cattle with the bone, fresh or chilled",1970,5487
Export Value,1000 USD,"Meat of cattle with the bone, fresh or chilled",1970,5772
Import Quantity,t,"Meat of cattle with the bone, fresh or chilled",1971,122375
Import Value,1000 USD,"Meat of cattle with the bone, fresh or chilled",1971,101571
Export Quantity,t,"Meat of cattle with the bone, fresh or chilled",1971,10376
Export Value,1000 USD,"Meat of cattle with the bone, fresh or chilled",1971,11097
Import Quantity,t,"Meat of cattle with the bone, fresh or chilled",1972,82991
Import Value,1000 USD,"Meat of cattle with the bone, fresh or chilled",1972,90612
Export Quantity,t,"Meat of cattle with the bone, fresh or chilled",1972,48186
Export Value,1000 USD,"Meat of cattle with the bone, fresh or chilled",1972,63941
Import Quantity,t,"Meat of cattle with the bone, fresh or chilled",1973,56222
Import Value,1000 USD,"Meat of cattle with the bone, fresh or chilled",1973,83980
Export Quantity,t,"Meat of cattle with the bone, fresh or chilled",1973,64984
Export Value,1000 USD,"Meat of cattle with the bone, fresh or chilled",1973,107261
Import Quantity,t,"Meat of cattle with the bone, fresh or chilled",1974,114307
Import Value,1000 USD,"Meat of cattle with the bone, fresh or chilled",1974,142162
Export Quantity,t,"Meat of cattle with the bone, fresh or chilled",1974,53815
Export Value,1000 USD,"Meat of cattle with the bone, fresh or chilled",1974,75668
Import Quantity,t,"Meat of cattle with the bone, fresh or chilled",1975,176315
Import Value,1000 USD,"Meat of cattle with the bone, fresh or chilled",1975,261563
Export Quantity,t,"Meat of cattle with the bone, fresh or chilled",1975,110435
Export Value,1000 USD,"Meat of cattle with the bone, fresh or chilled",1975,198056
Import Quantity,t,"Meat of cattle with the bone, fresh or chilled",1976,186917
Import Value,1000 USD,"Meat of cattle with the bone, fresh or chilled",1976,280255
Export Quantity,t,"Meat of cattle with the bone, fresh or chilled",1976,96350
Export Value,1000 USD,"Meat of cattle with the bone, fresh or chilled",1976,183237
Import Quantity,t,"Meat of cattle with the bone, fresh or chilled",1977,230243
Import Value,1000 USD,"Meat of cattle with the bone, fresh or chilled",1977,358317
Export Quantity,t,"Meat of cattle with the bone, fresh or chilled",1977,81039
Export Value,1000 USD,"Meat of cattle with the bone, fresh or chilled",1977,190559
Import Quantity,t,"Meat of cattle with the bone, fresh or chilled",1978,160784
Import Value,1000 USD,"Meat of cattle with the bone, fresh or chilled",1978,297536
Export Quantity,t,"Meat of cattle with the bone, fresh or chilled",1978,80470
Export Value,1000 USD,"Meat of cattle with the bone, fresh or chilled",1978,230924
Import Quantity,t,"Meat of cattle with the bone, fresh or chilled",1979,148985
Import Value,1000 USD,"Meat of cattle with the bone, fresh or chilled",1979,354527
Export Quantity,t,"Meat of cattle with the bone, fresh or chilled",1979,74949
Export Value,1000 USD,"Meat of cattle with the bone, fresh or chilled",1979,229191
Import Quantity,t,"Meat of cattle with the bone, fresh or chilled",1980,140346
Import Value,1000 USD,"Meat of cattle with the bone, fresh or chilled",1980,388726
Export Quantity,t,"Meat of cattle with the bone, fresh or chilled",1980,130873
Export Value,1000 USD,"Meat of cattle with the bone, fresh or chilled",1980,373925
Import Quantity,t,"Meat of cattle with the bone, fresh or chilled",1981,89021
Import Value,1000 USD,"Meat of cattle with the bone, fresh or chilled",1981,245536
Export Quantity,t,"Meat of cattle with the bone, fresh or chilled",1981,112843
Export Value,1000 USD,"Meat of cattle with the bone, fresh or chilled",1981,290213
Import Quantity,t,"Meat of cattle with the bone, fresh or chilled",1982,84589
Import Value,1000 USD,"Meat of cattle with the bone, fresh or chilled",1982,220262
Export Quantity,t,"Meat of cattle with the bone, fresh or chilled",1982,97897
Export Value,1000 USD,"Meat of cattle with the bone, fresh or chilled",1982,247402
Import Quantity,t,"Meat of cattle with the bone, fresh or chilled",1983,86037
Import Value,1000 USD,"Meat of cattle with the bone, fresh or chilled",1983,189764
Export Quantity,t,"Meat of cattle with the bone, fresh or chilled",1983,153620
Export Value,1000 USD,"Meat of cattle with the bone, fresh or chilled",1983,343560
Import Quantity,t,"Meat of cattle with the bone, fresh or chilled",1984,71173
Import Value,1000 USD,"Meat of cattle with the bone, fresh or chilled",1984,142853
Export Quantity,t,"Meat of cattle with the bone, fresh or chilled",1984,132261
Export Value,1000 USD,"Meat of cattle with the bone, fresh or chilled",1984,247500
Import Quantity,t,"Meat of cattle with the bone, fresh or chilled",1985,69686
Import Value,1000 USD,"Meat of cattle with the bone, fresh or chilled",1985,134555
Export Quantity,t,"Meat of cattle with the bone, fresh or chilled",1985,122055
Export Value,1000 USD,"Meat of cattle with the bone, fresh or chilled",1985,245231
Import Quantity,t,"Meat of cattle with the bone, fresh or chilled",1986,107242
Import Value,1000 USD,"Meat of cattle with the bone, fresh or chilled",1986,234000
Export Quantity,t,"Meat of cattle with the bone, fresh or chilled",1986,98311
Export Value,1000 USD,"Meat of cattle with the bone, fresh or chilled",1986,237403
Import Quantity,t,"Meat of cattle with the bone, fresh or chilled",1987,96965
Import Value,1000 USD,"Meat of cattle with the bone, fresh or chilled",1987,250126
Export Quantity,t,"Meat of cattle with the bone, fresh or chilled",1987,124735
Export Value,1000 USD,"Meat of cattle with the bone, fresh or chilled",1987,343551
Import Quantity,t,"Meat of cattle with the bone, fresh or chilled",1988,90832
Import Value,1000 USD,"Meat of cattle with the bone, fresh or chilled",1988,310713
Export Quantity,t,"Meat of cattle with the bone, fresh or chilled",1988,72598
Export Value,1000 USD,"Meat of cattle with the bone, fresh or chilled",1988,263585
Import Quantity,t,"Meat of cattle with the bone, fresh or chilled",1989,58968
Import Value,1000 USD,"Meat of cattle with the bone, fresh or chilled",1989,197818
Export Quantity,t,"Meat of cattle with the bone, fresh or chilled",1989,91694
Export Value,1000 USD,"Meat of cattle with the bone, fresh or chilled",1989,316439
Import Quantity,t,"Meat of cattle with the bone, fresh or chilled",1990,37665
Import Value,1000 USD,"Meat of cattle with the bone, fresh or chilled",1990,132781
Export Quantity,t,"Meat of cattle with the bone, fresh or chilled",1990,81837
Export Value,1000 USD,"Meat of cattle with the bone, fresh or chilled",1990,298232
Import Quantity,t,"Meat of cattle with the bone, fresh or chilled",1991,43178
Import Value,1000 USD,"Meat of cattle with the bone, fresh or chilled",1991,141352
Export Quantity,t,"Meat of cattle with the bone, fresh or chilled",1991,80252
Export Value,1000 USD,"Meat of cattle with the bone, fresh or chilled",1991,270043
Import Quantity,t,"Meat of cattle with the bone, fresh or chilled",1992,33058
Import Value,1000 USD,"Meat of cattle with the bone, fresh or chilled",1992,114407
Export Quantity,t,"Meat of cattle with the bone, fresh or chilled",1992,74419
Export Value,1000 USD,"Meat of cattle with the bone, fresh or chilled",1992,288535
Import Quantity,t,"Meat of cattle with the bone, fresh or chilled",1993,34454
Import Value,1000 USD,"Meat of cattle with the bone, fresh or chilled",1993,103476
Export Quantity,t,"Meat of cattle with the bone, fresh or chilled",1993,117771
Export Value,1000 USD,"Meat of cattle with the bone, fresh or chilled",1993,353597
Import Quantity,t,"Meat of cattle with the bone, fresh or chilled",1994,17566
Import Value,1000 USD,"Meat of cattle with the bone, fresh or chilled",1994,59269
Export Quantity,t,"Meat of cattle with the bone, fresh or chilled",1994,141706
Export Value,1000 USD,"Meat of cattle with the bone, fresh or chilled",1994,486241
Import Quantity,t,"Meat of cattle with the bone, fresh or chilled",1995,21296
Import Value,1000 USD,"Meat of cattle with the bone, fresh or chilled",1995,118902
Export Quantity,t,"Meat of cattle with the bone, fresh or chilled",1995,148304
Export Value,1000 USD,"Meat of cattle with the bone, fresh or chilled",1995,531066
Import Quantity,t,"Meat of cattle with the bone, fresh or chilled",1996,16313
Import Value,1000 USD,"Meat of cattle with the bone, fresh or chilled",1996,44626
Export Quantity,t,"Meat of cattle with the bone, fresh or chilled",1996,31893
Export Value,1000 USD,"Meat of cattle with the bone, fresh or chilled",1996,105084
Import Quantity,t,"Meat of cattle with the bone, fresh or chilled",1997,20866
Import Value,1000 USD,"Meat of cattle with the bone, fresh or chilled",1997,52986
Export Quantity,t,"Meat of cattle with the bone, fresh or chilled",1997,269
Export Value,1000 USD,"Meat of cattle with the bone, fresh or chilled",1997,832
Import Quantity,t,"Meat of cattle with the bone, fresh or chilled",1998,28194
Import Value,1000 USD,"Meat of cattle with the bone, fresh or chilled",1998,70145
Export Quantity,t,"Meat of cattle with the bone, fresh or chilled",1998,995
Export Value,1000 USD,"Meat of cattle with the bone, fresh or chilled",1998,2799
Import Quantity,t,"Meat of cattle with the bone, fresh or chilled",1999,43044
Import Value,1000 USD,"Meat of cattle with the bone, fresh or chilled",1999,92138
Export Quantity,t,"Meat of cattle with the bone, fresh or chilled",1999,322
Export Value,1000 USD,"Meat of cattle with the bone, fresh or chilled",1999,1400
Import Quantity,t,"Meat of cattle with the bone, fresh or chilled",2000,42287
Import Value,1000 USD,"Meat of cattle with the bone, fresh or chilled",2000,88946
Export Quantity,t,"Meat of cattle with the bone, fresh or chilled",2000,339
Export Value,1000 USD,"Meat of cattle with the bone, fresh or chilled",2000,1651
Import Quantity,t,"Meat of cattle with the bone, fresh or chilled",2001,62054
Import Value,1000 USD,"Meat of cattle with the bone, fresh or chilled",2001,132171
Export Quantity,t,"Meat of cattle with the bone, fresh or chilled",2001,1078
Export Value,1000 USD,"Meat of cattle with the bone, fresh or chilled",2001,3264
Import Quantity,t,"Meat of cattle with the bone, fresh or chilled",2002,61368
Import Value,1000 USD,"Meat of cattle with the bone, fresh or chilled",2002,136251
Export Quantity,t,"Meat of cattle with the bone, fresh or chilled",2002,414
Export Value,1000 USD,"Meat of cattle with the bone, fresh or chilled",2002,1278
Import Quantity,t,"Meat of cattle with the bone, fresh or chilled",2003,77289
Import Value,1000 USD,"Meat of cattle with the bone, fresh or chilled",2003,192307
Export Quantity,t,"Meat of cattle with the bone, fresh or chilled",2003,673
Export Value,1000 USD,"Meat of cattle with the bone, fresh or chilled",2003,1371
Import Quantity,t,"Meat of cattle with the bone, fresh or chilled",2004,80542
Import Value,1000 USD,"Meat of cattle with the bone, fresh or chilled",2004,236693
Export Quantity,t,"Meat of cattle with the bone, fresh or chilled",2004,816
Export Value,1000 USD,"Meat of cattle with the bone, fresh or chilled",2004,3081
Import Quantity,t,"Meat of cattle with the bone, fresh or chilled",2005,54285
Import Value,1000 USD,"Meat of cattle with the bone, fresh or chilled",2005,167964
Export Quantity,t,"Meat of cattle with the bone, fresh or chilled",2005,789
Export Value,1000 USD,"Meat of cattle with the bone, fresh or chilled",2005,3058
Import Quantity,t,"Meat of cattle with the bone, fresh or chilled",2006,52215
Import Value,1000 USD,"Meat of cattle with the bone, fresh or chilled",2006,176100
Export Quantity,t,"Meat of cattle with the bone, fresh or chilled",2006,29183
Export Value,1000 USD,"Meat of cattle with the bone, fresh or chilled",2006,83038
Import Quantity,t,"Meat of cattle with the bone, fresh or chilled",2007,52968
Import Value,1000 USD,"Meat of cattle with the bone, fresh or chilled",2007,197582
Export Quantity,t,"Meat of cattle with the bone, fresh or chilled",2007,33298
Export Value,1000 USD,"Meat of cattle with the bone, fresh or chilled",2007,98224
Import Quantity,t,"Meat of cattle with the bone, fresh or chilled",2008,64276
Import Value,1000 USD,"Meat of cattle with the bone, fresh or chilled",2008,273109
Export Quantity,t,"Meat of cattle with the bone, fresh or chilled",2008,46309
Export Value,1000 USD,"Meat of cattle with the bone, fresh or chilled",2008,150524
Import Quantity,t,"Meat of cattle with the bone, fresh or chilled",2009,66125
Import Value,1000 USD,"Meat of cattle with the bone, fresh or chilled",2009,246056
Export Quantity,t,"Meat of cattle with the bone, fresh or chilled",2009,42341
Export Value,1000 USD,"Meat of cattle with the bone, fresh or chilled",2009,120243
Import Quantity,t,"Meat of cattle with the bone, fresh or chilled",2010,67588
Import Value,1000 USD,"Meat of cattle with the bone, fresh or chilled",2010,259089
Export Quantity,t,"Meat of cattle with the bone, fresh or chilled",2010,54367
Export Value,1000 USD,"Meat of cattle with the bone, fresh or chilled",2010,160366
Import Quantity,t,"Meat of cattle with the bone, fresh or chilled",2011,64791
Import Value,1000 USD,"Meat of cattle with the bone, fresh or chilled",2011,270978
Export Quantity,t,"Meat of cattle with the bone, fresh or chilled",2011,72572
Export Value,1000 USD,"Meat of cattle with the bone, fresh or chilled",2011,257185
Import Quantity,t,"Meat of cattle with the bone, fresh or chilled",2012,72457
Import Value,1000 USD,"Meat of cattle with the bone, fresh or chilled",2012,298514
Export Quantity,t,"Meat of cattle with the bone, fresh or chilled",2012,59212
Export Value,1000 USD,"Meat of cattle with the bone, fresh or chilled",2012,213937
Import Quantity,t,"Meat of cattle with the bone, fresh or chilled",2013,49610
Import Value,1000 USD,"Meat of cattle with the bone, fresh or chilled",2013,274371
Export Quantity,t,"Meat of cattle with the bone, fresh or chilled",2013,49179
Export Value,1000 USD,"Meat of cattle with the bone, fresh or chilled",2013,175508
Import Quantity,t,"Meat of cattle with the bone, fresh or chilled",2014,50363.9
Import Value,1000 USD,"Meat of cattle with the bone, fresh or chilled",2014,274919
Export Quantity,t,"Meat of cattle with the bone, fresh or chilled",2014,44200.84
Export Value,1000 USD,"Meat of cattle with the bone, fresh or chilled",2014,160057
Import Quantity,t,"Meat of cattle with the bone, fresh or chilled",2015,56983.52
Import Value,1000 USD,"Meat of cattle with the bone, fresh or chilled",2015,294828
Export Quantity,t,"Meat of cattle with the bone, fresh or chilled",2015,27730.21
Export Value,1000 USD,"Meat of cattle with the bone, fresh or chilled",2015,95235
Import Quantity,t,"Meat of cattle with the bone, fresh or chilled",2016,50155.46
Import Value,1000 USD,"Meat of cattle with the bone, fresh or chilled",2016,239135
Export Quantity,t,"Meat of cattle with the bone, fresh or chilled",2016,30530.56
Export Value,1000 USD,"Meat of cattle with the bone, fresh or chilled",2016,92439
Import Quantity,t,"Meat of cattle with the bone, fresh or chilled",2017,53505.96
Import Value,1000 USD,"Meat of cattle with the bone, fresh or chilled",2017,249508
Export Quantity,t,"Meat of cattle with the bone, fresh or chilled",2017,29789.79
Export Value,1000 USD,"Meat of cattle with the bone, fresh or chilled",2017,110619
Import Quantity,t,"Meat of cattle with the bone, fresh or chilled",2018,46321.62
Import Value,1000 USD,"Meat of cattle with the bone, fresh or chilled",2018,216146
Export Quantity,t,"Meat of cattle with the bone, fresh or chilled",2018,28327.17
Export Value,1000 USD,"Meat of cattle with the bone, fresh or chilled",2018,107778
Import Quantity,t,"Meat of cattle with the bone, fresh or chilled",2019,37086.51
Import Value,1000 USD,"Meat of cattle with the bone, fresh or chilled",2019,154234
Export Quantity,t,"Meat of cattle with the bone, fresh or chilled",2019,45762.6
Export Value,1000 USD,"Meat of cattle with the bone, fresh or chilled",2019,142941
Import Quantity,t,"Meat of cattle with the bone, fresh or chilled",2020,38172.23
Import Value,1000 USD,"Meat of cattle with the bone, fresh or chilled",2020,168324
Export Quantity,t,"Meat of cattle with the bone, fresh or chilled",2020,33311.78
Export Value,1000 USD,"Meat of cattle with the bone, fresh or chilled",2020,110368
Import Quantity,t,"Meat of cattle with the bone, fresh or chilled",2021,33804.43
Import Value,1000 USD,"Meat of cattle with the bone, fresh or chilled",2021,169560
Export Quantity,t,"Meat of cattle with the bone, fresh or chilled",2021,25385.77
Export Value,1000 USD,"Meat of cattle with the bone, fresh or chilled",2021,105757
Import Quantity,t,"Meat of cattle with the bone, fresh or chilled",2022,29428.08
Import Value,1000 USD,"Meat of cattle with the bone, fresh or chilled",2022,149486
Export Quantity,t,"Meat of cattle with the bone, fresh or chilled",2022,43218.01
Export Value,1000 USD,"Meat of cattle with the bone, fresh or chilled",2022,196070
Import Quantity,t,"Meat of chickens, fresh or chilled",1961,1855
Import Value,1000 USD,"Meat of chickens, fresh or chilled",1961,1365
Export Quantity,t,"Meat of chickens, fresh or chilled",1961,1494
Export Value,1000 USD,"Meat of chickens, fresh or chilled",1961,972
Import Quantity,t,"Meat of chickens, fresh or chilled",1962,2748
Import Value,1000 USD,"Meat of chickens, fresh or chilled",1962,2132
Export Quantity,t,"Meat of chickens, fresh or chilled",1962,1594
Export Value,1000 USD,"Meat of chickens, fresh or chilled",1962,951
Import Quantity,t,"Meat of chickens, fresh or chilled",1963,1563
Import Value,1000 USD,"Meat of chickens, fresh or chilled",1963,1132
Export Quantity,t,"Meat of chickens, fresh or chilled",1963,391
Export Value,1000 USD,"Meat of chickens, fresh or chilled",1963,306
Import Quantity,t,"Meat of chickens, fresh or chilled",1964,8222
Import Value,1000 USD,"Meat of chickens, fresh or chilled",1964,6033
Export Quantity,t,"Meat of chickens, fresh or chilled",1964,225
Export Value,1000 USD,"Meat of chickens, fresh or chilled",1964,227
Import Quantity,t,"Meat of chickens, fresh or chilled",1965,11438
Import Value,1000 USD,"Meat of chickens, fresh or chilled",1965,7042
Export Quantity,t,"Meat of chickens, fresh or chilled",1965,380
Export Value,1000 USD,"Meat of chickens, fresh or chilled",1965,326
Import Quantity,t,"Meat of chickens, fresh or chilled",1966,7282
Import Value,1000 USD,"Meat of chickens, fresh or chilled",1966,4868
Export Quantity,t,"Meat of chickens, fresh or chilled",1966,275
Export Value,1000 USD,"Meat of chickens, fresh or chilled",1966,241
Import Quantity,t,"Meat of chickens, fresh or chilled",1967,9174
Import Value,1000 USD,"Meat of chickens, fresh or chilled",1967,5551
Export Quantity,t,"Meat of chickens, fresh or chilled",1967,334
Export Value,1000 USD,"Meat of chickens, fresh or chilled",1967,240
Import Quantity,t,"Meat of chickens, fresh or chilled",1968,6048
Import Value,1000 USD,"Meat of chickens, fresh or chilled",1968,3468
Export Quantity,t,"Meat of chickens, fresh or chilled",1968,365
Export Value,1000 USD,"Meat of chickens, fresh or chilled",1968,267
Import Quantity,t,"Meat of chickens, fresh or chilled",1969,3096
Import Value,1000 USD,"Meat of chickens, fresh or chilled",1969,1776
Export Quantity,t,"Meat of chickens, fresh or chilled",1969,825
Export Value,1000 USD,"Meat of chickens, fresh or chilled",1969,609
Import Quantity,t,"Meat of chickens, fresh or chilled",1970,4644
Import Value,1000 USD,"Meat of chickens, fresh or chilled",1970,2659
Export Quantity,t,"Meat of chickens, fresh or chilled",1970,651
Export Value,1000 USD,"Meat of chickens, fresh or chilled",1970,283
Import Quantity,t,"Meat of chickens, fresh or chilled",1971,7493
Import Value,1000 USD,"Meat of chickens, fresh or chilled",1971,4539
Export Quantity,t,"Meat of chickens, fresh or chilled",1971,222
Export Value,1000 USD,"Meat of chickens, fresh or chilled",1971,208
Import Quantity,t,"Meat of chickens, fresh or chilled",1972,7171
Import Value,1000 USD,"Meat of chickens, fresh or chilled",1972,4794
Export Quantity,t,"Meat of chickens, fresh or chilled",1972,324
Export Value,1000 USD,"Meat of chickens, fresh or chilled",1972,320
Import Quantity,t,"Meat of chickens, fresh or chilled",1973,8754
Import Value,1000 USD,"Meat of chickens, fresh or chilled",1973,5591
Export Quantity,t,"Meat of chickens, fresh or chilled",1973,2676
Export Value,1000 USD,"Meat of chickens, fresh or chilled",1973,3167
Import Quantity,t,"Meat of chickens, fresh or chilled",1974,6004
Import Value,1000 USD,"Meat of chickens, fresh or chilled",1974,4219
Export Quantity,t,"Meat of chickens, fresh or chilled",1974,1443
Export Value,1000 USD,"Meat of chickens, fresh or chilled",1974,1337
Import Quantity,t,"Meat of chickens, fresh or chilled",1975,6125
Import Value,1000 USD,"Meat of chickens, fresh or chilled",1975,6606
Export Quantity,t,"Meat of chickens, fresh or chilled",1975,820
Export Value,1000 USD,"Meat of chickens, fresh or chilled",1975,882
Import Quantity,t,"Meat of chickens, fresh or chilled",1976,3531
Import Value,1000 USD,"Meat of chickens, fresh or chilled",1976,2586
Export Quantity,t,"Meat of chickens, fresh or chilled",1976,5797
Export Value,1000 USD,"Meat of chickens, fresh or chilled",1976,5797
Import Quantity,t,"Meat of chickens, fresh or chilled",1977,6850
Import Value,1000 USD,"Meat of chickens, fresh or chilled",1977,7485
Export Quantity,t,"Meat of chickens, fresh or chilled",1977,25509
Export Value,1000 USD,"Meat of chickens, fresh or chilled",1977,31067
Import Quantity,t,"Meat of chickens, fresh or chilled",1978,17143
Import Value,1000 USD,"Meat of chickens, fresh or chilled",1978,23353
Export Quantity,t,"Meat of chickens, fresh or chilled",1978,22423
Export Value,1000 USD,"Meat of chickens, fresh or chilled",1978,27189
Import Quantity,t,"Meat of chickens, fresh or chilled",1979,27942
Import Value,1000 USD,"Meat of chickens, fresh or chilled",1979,44137
Export Quantity,t,"Meat of chickens, fresh or chilled",1979,20418
Export Value,1000 USD,"Meat of chickens, fresh or chilled",1979,25453
Import Quantity,t,"Meat of chickens, fresh or chilled",1980,21937
Import Value,1000 USD,"Meat of chickens, fresh or chilled",1980,42657
Export Quantity,t,"Meat of chickens, fresh or chilled",1980,16213
Export Value,1000 USD,"Meat of chickens, fresh or chilled",1980,24700
Import Quantity,t,"Meat of chickens, fresh or chilled",1981,21380
Import Value,1000 USD,"Meat of chickens, fresh or chilled",1981,37299
Export Quantity,t,"Meat of chickens, fresh or chilled",1981,12236
Export Value,1000 USD,"Meat of chickens, fresh or chilled",1981,21610
Import Quantity,t,"Meat of chickens, fresh or chilled",1982,22964
Import Value,1000 USD,"Meat of chickens, fresh or chilled",1982,33817
Export Quantity,t,"Meat of chickens, fresh or chilled",1982,13469
Export Value,1000 USD,"Meat of chickens, fresh or chilled",1982,16818
Import Quantity,t,"Meat of chickens, fresh or chilled",1983,45562
Import Value,1000 USD,"Meat of chickens, fresh or chilled",1983,62157
Export Quantity,t,"Meat of chickens, fresh or chilled",1983,13971
Export Value,1000 USD,"Meat of chickens, fresh or chilled",1983,14552
Import Quantity,t,"Meat of chickens, fresh or chilled",1984,46427
Import Value,1000 USD,"Meat of chickens, fresh or chilled",1984,60505
Export Quantity,t,"Meat of chickens, fresh or chilled",1984,14324
Export Value,1000 USD,"Meat of chickens, fresh or chilled",1984,13327
Import Quantity,t,"Meat of chickens, fresh or chilled",1985,54423
Import Value,1000 USD,"Meat of chickens, fresh or chilled",1985,71281
Export Quantity,t,"Meat of chickens, fresh or chilled",1985,14491
Export Value,1000 USD,"Meat of chickens, fresh or chilled",1985,14814
Import Quantity,t,"Meat of chickens, fresh or chilled",1986,80355
Import Value,1000 USD,"Meat of chickens, fresh or chilled",1986,121643
Export Quantity,t,"Meat of chickens, fresh or chilled",1986,18320
Export Value,1000 USD,"Meat of chickens, fresh or chilled",1986,21576
Import Quantity,t,"Meat of chickens, fresh or chilled",1987,72730
Import Value,1000 USD,"Meat of chickens, fresh or chilled",1987,130145
Export Quantity,t,"Meat of chickens, fresh or chilled",1987,24311
Export Value,1000 USD,"Meat of chickens, fresh or chilled",1987,30823
Import Quantity,t,"Meat of chickens, fresh or chilled",1988,70478
Import Value,1000 USD,"Meat of chickens, fresh or chilled",1988,141436
Export Quantity,t,"Meat of chickens, fresh or chilled",1988,25648
Export Value,1000 USD,"Meat of chickens, fresh or chilled",1988,30488
Import Quantity,t,"Meat of chickens, fresh or chilled",1989,72767
Import Value,1000 USD,"Meat of chickens, fresh or chilled",1989,152218
Export Quantity,t,"Meat of chickens, fresh or chilled",1989,29016
Export Value,1000 USD,"Meat of chickens, fresh or chilled",1989,35033
Import Quantity,t,"Meat of chickens, fresh or chilled",1990,111149
Import Value,1000 USD,"Meat of chickens, fresh or chilled",1990,294611
Export Quantity,t,"Meat of chickens, fresh or chilled",1990,28417
Export Value,1000 USD,"Meat of chickens, fresh or chilled",1990,39892
Import Quantity,t,"Meat of chickens, fresh or chilled",1991,111889
Import Value,1000 USD,"Meat of chickens, fresh or chilled",1991,285320
Export Quantity,t,"Meat of chickens, fresh or chilled",1991,36070
Export Value,1000 USD,"Meat of chickens, fresh or chilled",1991,57325
Import Quantity,t,"Meat of chickens, fresh or chilled",1992,147446
Import Value,1000 USD,"Meat of chickens, fresh or chilled",1992,410132
Export Quantity,t,"Meat of chickens, fresh or chilled",1992,36580
Export Value,1000 USD,"Meat of chickens, fresh or chilled",1992,69382
Import Quantity,t,"Meat of chickens, fresh or chilled",1993,129546
Import Value,1000 USD,"Meat of chickens, fresh or chilled",1993,332476
Export Quantity,t,"Meat of chickens, fresh or chilled",1993,42865
Export Value,1000 USD,"Meat of chickens, fresh or chilled",1993,66289
Import Quantity,t,"Meat of chickens, fresh or chilled",1994,157794
Import Value,1000 USD,"Meat of chickens, fresh or chilled",1994,411767
Export Quantity,t,"Meat of chickens, fresh or chilled",1994,65050
Export Value,1000 USD,"Meat of chickens, fresh or chilled",1994,114404
Import Quantity,t,"Meat of chickens, fresh or chilled",1995,153985
Import Value,1000 USD,"Meat of chickens, fresh or chilled",1995,389759
Export Quantity,t,"Meat of chickens, fresh or chilled",1995,87637
Export Value,1000 USD,"Meat of chickens, fresh or chilled",1995,136314
Import Quantity,t,"Meat of chickens, fresh or chilled",1996,155220
Import Value,1000 USD,"Meat of chickens, fresh or chilled",1996,492510
Export Quantity,t,"Meat of chickens, fresh or chilled",1996,102664
Export Value,1000 USD,"Meat of chickens, fresh or chilled",1996,145803
Import Quantity,t,"Meat of chickens, fresh or chilled",1997,149351
Import Value,1000 USD,"Meat of chickens, fresh or chilled",1997,456907
Export Quantity,t,"Meat of chickens, fresh or chilled",1997,114004
Export Value,1000 USD,"Meat of chickens, fresh or chilled",1997,161101
Import Quantity,t,"Meat of chickens, fresh or chilled",1998,250759
Import Value,1000 USD,"Meat of chickens, fresh or chilled",1998,729903
Export Quantity,t,"Meat of chickens, fresh or chilled",1998,113255
Export Value,1000 USD,"Meat of chickens, fresh or chilled",1998,149115
Import Quantity,t,"Meat of chickens, fresh or chilled",1999,257821
Import Value,1000 USD,"Meat of chickens, fresh or chilled",1999,771615
Export Quantity,t,"Meat of chickens, fresh or chilled",1999,117797
Export Value,1000 USD,"Meat of chickens, fresh or chilled",1999,175632
Import Quantity,t,"Meat of chickens, fresh or chilled",2000,259132
Import Value,1000 USD,"Meat of chickens, fresh or chilled",2000,717654
Export Quantity,t,"Meat of chickens, fresh or chilled",2000,109337
Export Value,1000 USD,"Meat of chickens, fresh or chilled",2000,132759
Import Quantity,t,"Meat of chickens, fresh or chilled",2001,255679
Import Value,1000 USD,"Meat of chickens, fresh or chilled",2001,736717
Export Quantity,t,"Meat of chickens, fresh or chilled",2001,129332
Export Value,1000 USD,"Meat of chickens, fresh or chilled",2001,150009
Import Quantity,t,"Meat of chickens, fresh or chilled",2002,265208
Import Value,1000 USD,"Meat of chickens, fresh or chilled",2002,718437
Export Quantity,t,"Meat of chickens, fresh or chilled",2002,153488
Export Value,1000 USD,"Meat of chickens, fresh or chilled",2002,144060
Import Quantity,t,"Meat of chickens, fresh or chilled",2003,292936
Import Value,1000 USD,"Meat of chickens, fresh or chilled",2003,924417
Export Quantity,t,"Meat of chickens, fresh or chilled",2003,184205
Export Value,1000 USD,"Meat of chickens, fresh or chilled",2003,201788
Import Quantity,t,"Meat of chickens, fresh or chilled",2004,342275
Import Value,1000 USD,"Meat of chickens, fresh or chilled",2004,1186603
Export Quantity,t,"Meat of chickens, fresh or chilled",2004,189578
Export Value,1000 USD,"Meat of chickens, fresh or chilled",2004,264103
Import Quantity,t,"Meat of chickens, fresh or chilled",2005,352550
Import Value,1000 USD,"Meat of chickens, fresh or chilled",2005,1230103
Export Quantity,t,"Meat of chickens, fresh or chilled",2005,181462
Export Value,1000 USD,"Meat of chickens, fresh or chilled",2005,267166
Import Quantity,t,"Meat of chickens, fresh or chilled",2006,327192
Import Value,1000 USD,"Meat of chickens, fresh or chilled",2006,1122459
Export Quantity,t,"Meat of chickens, fresh or chilled",2006,166947
Export Value,1000 USD,"Meat of chickens, fresh or chilled",2006,217113
Import Quantity,t,"Meat of chickens, fresh or chilled",2007,338838
Import Value,1000 USD,"Meat of chickens, fresh or chilled",2007,1351548
Export Quantity,t,"Meat of chickens, fresh or chilled",2007,226959
Export Value,1000 USD,"Meat of chickens, fresh or chilled",2007,294378
Import Quantity,t,"Meat of chickens, fresh or chilled",2008,296503
Import Value,1000 USD,"Meat of chickens, fresh or chilled",2008,1276400
Export Quantity,t,"Meat of chickens, fresh or chilled",2008,217976
Export Value,1000 USD,"Meat of chickens, fresh or chilled",2008,299241
Import Quantity,t,"Meat of chickens, fresh or chilled",2009,304254
Import Value,1000 USD,"Meat of chickens, fresh or chilled",2009,1205215
Export Quantity,t,"Meat of chickens, fresh or chilled",2009,202140
Export Value,1000 USD,"Meat of chickens, fresh or chilled",2009,268251
Import Quantity,t,"Meat of chickens, fresh or chilled",2010,342373
Import Value,1000 USD,"Meat of chickens, fresh or chilled",2010,1324905
Export Quantity,t,"Meat of chickens, fresh or chilled",2010,215292
Export Value,1000 USD,"Meat of chickens, fresh or chilled",2010,306723
Import Quantity,t,"Meat of chickens, fresh or chilled",2011,371557
Import Value,1000 USD,"Meat of chickens, fresh or chilled",2011,1546223
Export Quantity,t,"Meat of chickens, fresh or chilled",2011,225420
Export Value,1000 USD,"Meat of chickens, fresh or chilled",2011,358878
Import Quantity,t,"Meat of chickens, fresh or chilled",2012,355693
Import Value,1000 USD,"Meat of chickens, fresh or chilled",2012,1387742
Export Quantity,t,"Meat of chickens, fresh or chilled",2012,223138
Export Value,1000 USD,"Meat of chickens, fresh or chilled",2012,330046
Import Quantity,t,"Meat of chickens, fresh or chilled",2013,350658
Import Value,1000 USD,"Meat of chickens, fresh or chilled",2013,1359668
Export Quantity,t,"Meat of chickens, fresh or chilled",2013,262887
Export Value,1000 USD,"Meat of chickens, fresh or chilled",2013,379542
Import Quantity,t,"Meat of chickens, fresh or chilled",2014,339981.52
Import Value,1000 USD,"Meat of chickens, fresh or chilled",2014,1397765
Export Quantity,t,"Meat of chickens, fresh or chilled",2014,272761.88
Export Value,1000 USD,"Meat of chickens, fresh or chilled",2014,376387
Import Quantity,t,"Meat of chickens, fresh or chilled",2015,360050.63
Import Value,1000 USD,"Meat of chickens, fresh or chilled",2015,1275306
Export Quantity,t,"Meat of chickens, fresh or chilled",2015,240618.77
Export Value,1000 USD,"Meat of chickens, fresh or chilled",2015,276508
Import Quantity,t,"Meat of chickens, fresh or chilled",2016,378285.1
Import Value,1000 USD,"Meat of chickens, fresh or chilled",2016,1203494
Export Quantity,t,"Meat of chickens, fresh or chilled",2016,242608.34
Export Value,1000 USD,"Meat of chickens, fresh or chilled",2016,256263
Import Quantity,t,"Meat of chickens, fresh or chilled",2017,366959.6
Import Value,1000 USD,"Meat of chickens, fresh or chilled",2017,1178523
Export Quantity,t,"Meat of chickens, fresh or chilled",2017,279152.9
Export Value,1000 USD,"Meat of chickens, fresh or chilled",2017,270019
Import Quantity,t,"Meat of chickens, fresh or chilled",2018,382643.46
Import Value,1000 USD,"Meat of chickens, fresh or chilled",2018,1374831
Export Quantity,t,"Meat of chickens, fresh or chilled",2018,299100.13
Export Value,1000 USD,"Meat of chickens, fresh or chilled",2018,304734
Import Quantity,t,"Meat of chickens, fresh or chilled",2019,378688.15
Import Value,1000 USD,"Meat of chickens, fresh or chilled",2019,1235959
Export Quantity,t,"Meat of chickens, fresh or chilled",2019,318307.83
Export Value,1000 USD,"Meat of chickens, fresh or chilled",2019,298512
Import Quantity,t,"Meat of chickens, fresh or chilled",2020,368593.39
Import Value,1000 USD,"Meat of chickens, fresh or chilled",2020,1153228
Export Quantity,t,"Meat of chickens, fresh or chilled",2020,377905.64
Export Value,1000 USD,"Meat of chickens, fresh or chilled",2020,322382
Import Quantity,t,"Meat of chickens, fresh or chilled",2021,355374.17
Import Value,1000 USD,"Meat of chickens, fresh or chilled",2021,1179164
Export Quantity,t,"Meat of chickens, fresh or chilled",2021,310196.19
Export Value,1000 USD,"Meat of chickens, fresh or chilled",2021,279128
Import Quantity,t,"Meat of chickens, fresh or chilled",2022,444974.18
Import Value,1000 USD,"Meat of chickens, fresh or chilled",2022,1761965
Export Quantity,t,"Meat of chickens, fresh or chilled",2022,229516.31
Export Value,1000 USD,"Meat of chickens, fresh or chilled",2022,247902
Import Quantity,t,"Meat of ducks, fresh or chilled",1961,617
Import Value,1000 USD,"Meat of ducks, fresh or chilled",1961,535
Export Quantity,t,"Meat of ducks, fresh or chilled",1961,0
Export Value,1000 USD,"Meat of ducks, fresh or chilled",1961,0
Import Quantity,t,"Meat of ducks, fresh or chilled",1962,537
Import Value,1000 USD,"Meat of ducks, fresh or chilled",1962,532
Export Quantity,t,"Meat of ducks, fresh or chilled",1962,0
Export Value,1000 USD,"Meat of ducks, fresh or chilled",1962,0
Import Quantity,t,"Meat of ducks, fresh or chilled",1963,368
Import Value,1000 USD,"Meat of ducks, fresh or chilled",1963,373
Export Quantity,t,"Meat of ducks, fresh or chilled",1963,0
Export Value,1000 USD,"Meat of ducks, fresh or chilled",1963,0
Import Quantity,t,"Meat of ducks, fresh or chilled",1964,621
Import Value,1000 USD,"Meat of ducks, fresh or chilled",1964,633
Export Quantity,t,"Meat of ducks, fresh or chilled",1964,0
Export Value,1000 USD,"Meat of ducks, fresh or chilled",1964,0
Import Quantity,t,"Meat of ducks, fresh or chilled",1965,808
Import Value,1000 USD,"Meat of ducks, fresh or chilled",1965,697
Export Quantity,t,"Meat of ducks, fresh or chilled",1965,0
Export Value,1000 USD,"Meat of ducks, fresh or chilled",1965,0
Import Quantity,t,"Meat of ducks, fresh or chilled",1966,478
Import Value,1000 USD,"Meat of ducks, fresh or chilled",1966,426
Export Quantity,t,"Meat of ducks, fresh or chilled",1966,0
Export Value,1000 USD,"Meat of ducks, fresh or chilled",1966,0
Import Quantity,t,"Meat of ducks, fresh or chilled",1967,485
Import Value,1000 USD,"Meat of ducks, fresh or chilled",1967,455
Export Quantity,t,"Meat of ducks, fresh or chilled",1967,0
Export Value,1000 USD,"Meat of ducks, fresh or chilled",1967,0
Import Quantity,t,"Meat of ducks, fresh or chilled",1968,341
Import Value,1000 USD,"Meat of ducks, fresh or chilled",1968,322
Export Quantity,t,"Meat of ducks, fresh or chilled",1968,0
Export Value,1000 USD,"Meat of ducks, fresh or chilled",1968,0
Import Quantity,t,"Meat of ducks, fresh or chilled",1969,607
Import Value,1000 USD,"Meat of ducks, fresh or chilled",1969,533
Export Quantity,t,"Meat of ducks, fresh or chilled",1969,0
Export Value,1000 USD,"Meat of ducks, fresh or chilled",1969,0
Import Quantity,t,"Meat of ducks, fresh or chilled",1970,557
Import Value,1000 USD,"Meat of ducks, fresh or chilled",1970,547
Export Quantity,t,"Meat of ducks, fresh or chilled",1970,0
Export Value,1000 USD,"Meat of ducks, fresh or chilled",1970,0
Import Quantity,t,"Meat of ducks, fresh or chilled",1971,536
Import Value,1000 USD,"Meat of ducks, fresh or chilled",1971,540
Export Quantity,t,"Meat of ducks, fresh or chilled",1971,0
Export Value,1000 USD,"Meat of ducks, fresh or chilled",1971,0
Import Quantity,t,"Meat of ducks, fresh or chilled",1972,443
Import Value,1000 USD,"Meat of ducks, fresh or chilled",1972,393
Export Quantity,t,"Meat of ducks, fresh or chilled",1972,147
Export Value,1000 USD,"Meat of ducks, fresh or chilled",1972,165
Import Quantity,t,"Meat of ducks, fresh or chilled",1973,1078
Import Value,1000 USD,"Meat of ducks, fresh or chilled",1973,1219
Export Quantity,t,"Meat of ducks, fresh or chilled",1973,18
Export Value,1000 USD,"Meat of ducks, fresh or chilled",1973,17
Import Quantity,t,"Meat of ducks, fresh or chilled",1974,614
Import Value,1000 USD,"Meat of ducks, fresh or chilled",1974,765
Export Quantity,t,"Meat of ducks, fresh or chilled",1974,211
Export Value,1000 USD,"Meat of ducks, fresh or chilled",1974,292
Import Quantity,t,"Meat of ducks, fresh or chilled",1975,527
Import Value,1000 USD,"Meat of ducks, fresh or chilled",1975,735
Export Quantity,t,"Meat of ducks, fresh or chilled",1975,225
Export Value,1000 USD,"Meat of ducks, fresh or chilled",1975,338
Import Quantity,t,"Meat of ducks, fresh or chilled",1976,910
Import Value,1000 USD,"Meat of ducks, fresh or chilled",1976,1317
Export Quantity,t,"Meat of ducks, fresh or chilled",1976,255
Export Value,1000 USD,"Meat of ducks, fresh or chilled",1976,401
Import Quantity,t,"Meat of ducks, fresh or chilled",1977,765
Import Value,1000 USD,"Meat of ducks, fresh or chilled",1977,1151
Export Quantity,t,"Meat of ducks, fresh or chilled",1977,903
Export Value,1000 USD,"Meat of ducks, fresh or chilled",1977,1564
Import Quantity,t,"Meat of ducks, fresh or chilled",1978,1081
Import Value,1000 USD,"Meat of ducks, fresh or chilled",1978,1985
Export Quantity,t,"Meat of ducks, fresh or chilled",1978,1148
Export Value,1000 USD,"Meat of ducks, fresh or chilled",1978,2413
Import Quantity,t,"Meat of ducks, fresh or chilled",1979,1346
Import Value,1000 USD,"Meat of ducks, fresh or chilled",1979,2956
Export Quantity,t,"Meat of ducks, fresh or chilled",1979,910
Export Value,1000 USD,"Meat of ducks, fresh or chilled",1979,2366
Import Quantity,t,"Meat of ducks, fresh or chilled",1980,938
Import Value,1000 USD,"Meat of ducks, fresh or chilled",1980,2447
Export Quantity,t,"Meat of ducks, fresh or chilled",1980,1457
Export Value,1000 USD,"Meat of ducks, fresh or chilled",1980,3891
Import Quantity,t,"Meat of ducks, fresh or chilled",1981,978
Import Value,1000 USD,"Meat of ducks, fresh or chilled",1981,2186
Export Quantity,t,"Meat of ducks, fresh or chilled",1981,2047
Export Value,1000 USD,"Meat of ducks, fresh or chilled",1981,4733
Import Quantity,t,"Meat of ducks, fresh or chilled",1982,1079
Import Value,1000 USD,"Meat of ducks, fresh or chilled",1982,2369
Export Quantity,t,"Meat of ducks, fresh or chilled",1982,2510
Export Value,1000 USD,"Meat of ducks, fresh or chilled",1982,5036
Import Quantity,t,"Meat of ducks, fresh or chilled",1983,1001
Import Value,1000 USD,"Meat of ducks, fresh or chilled",1983,1858
Export Quantity,t,"Meat of ducks, fresh or chilled",1983,2942
Export Value,1000 USD,"Meat of ducks, fresh or chilled",1983,5625
Import Quantity,t,"Meat of ducks, fresh or chilled",1984,546
Import Value,1000 USD,"Meat of ducks, fresh or chilled",1984,828
Export Quantity,t,"Meat of ducks, fresh or chilled",1984,3586
Export Value,1000 USD,"Meat of ducks, fresh or chilled",1984,6150
Import Quantity,t,"Meat of ducks, fresh or chilled",1985,672
Import Value,1000 USD,"Meat of ducks, fresh or chilled",1985,1226
Export Quantity,t,"Meat of ducks, fresh or chilled",1985,3739
Export Value,1000 USD,"Meat of ducks, fresh or chilled",1985,6592
Import Quantity,t,"Meat of ducks, fresh or chilled",1986,466
Import Value,1000 USD,"Meat of ducks, fresh or chilled",1986,980
Export Quantity,t,"Meat of ducks, fresh or chilled",1986,3966
Export Value,1000 USD,"Meat of ducks, fresh or chilled",1986,8318
Import Quantity,t,"Meat of ducks, fresh or chilled",1987,941
Import Value,1000 USD,"Meat of ducks, fresh or chilled",1987,2127
Export Quantity,t,"Meat of ducks, fresh or chilled",1987,4079
Export Value,1000 USD,"Meat of ducks, fresh or chilled",1987,10078
Import Quantity,t,"Meat of ducks, fresh or chilled",1988,1356
Import Value,1000 USD,"Meat of ducks, fresh or chilled",1988,7258
Export Quantity,t,"Meat of ducks, fresh or chilled",1988,4457
Export Value,1000 USD,"Meat of ducks, fresh or chilled",1988,12839
Import Quantity,t,"Meat of ducks, fresh or chilled",1989,1461
Import Value,1000 USD,"Meat of ducks, fresh or chilled",1989,8760
Export Quantity,t,"Meat of ducks, fresh or chilled",1989,4486
Export Value,1000 USD,"Meat of ducks, fresh or chilled",1989,11705
Import Quantity,t,"Meat of ducks, fresh or chilled",1990,1998
Import Value,1000 USD,"Meat of ducks, fresh or chilled",1990,12037
Export Quantity,t,"Meat of ducks, fresh or chilled",1990,4073
Export Value,1000 USD,"Meat of ducks, fresh or chilled",1990,12581
Import Quantity,t,"Meat of ducks, fresh or chilled",1991,1622
Import Value,1000 USD,"Meat of ducks, fresh or chilled",1991,11083
Export Quantity,t,"Meat of ducks, fresh or chilled",1991,5430
Export Value,1000 USD,"Meat of ducks, fresh or chilled",1991,16772
Import Quantity,t,"Meat of ducks, fresh or chilled",1992,2184
Import Value,1000 USD,"Meat of ducks, fresh or chilled",1992,13554
Export Quantity,t,"Meat of ducks, fresh or chilled",1992,6326
Export Value,1000 USD,"Meat of ducks, fresh or chilled",1992,20519
Import Quantity,t,"Meat of ducks, fresh or chilled",1993,1739
Import Value,1000 USD,"Meat of ducks, fresh or chilled",1993,9254
Export Quantity,t,"Meat of ducks, fresh or chilled",1993,6825
Export Value,1000 USD,"Meat of ducks, fresh or chilled",1993,19229
Import Quantity,t,"Meat of ducks, fresh or chilled",1994,2883
Import Value,1000 USD,"Meat of ducks, fresh or chilled",1994,13242
Export Quantity,t,"Meat of ducks, fresh or chilled",1994,8921
Export Value,1000 USD,"Meat of ducks, fresh or chilled",1994,24517
Import Quantity,t,"Meat of ducks, fresh or chilled",1995,3281
Import Value,1000 USD,"Meat of ducks, fresh or chilled",1995,11920
Export Quantity,t,"Meat of ducks, fresh or chilled",1995,9582
Export Value,1000 USD,"Meat of ducks, fresh or chilled",1995,28930
Import Quantity,t,"Meat of ducks, fresh or chilled",1996,2185
Import Value,1000 USD,"Meat of ducks, fresh or chilled",1996,10334
Export Quantity,t,"Meat of ducks, fresh or chilled",1996,9948
Export Value,1000 USD,"Meat of ducks, fresh or chilled",1996,29655
Import Quantity,t,"Meat of ducks, fresh or chilled",1997,2679
Import Value,1000 USD,"Meat of ducks, fresh or chilled",1997,7576
Export Quantity,t,"Meat of ducks, fresh or chilled",1997,7630
Export Value,1000 USD,"Meat of ducks, fresh or chilled",1997,19586
Import Quantity,t,"Meat of ducks, fresh or chilled",1998,3573
Import Value,1000 USD,"Meat of ducks, fresh or chilled",1998,9884
Export Quantity,t,"Meat of ducks, fresh or chilled",1998,8631
Export Value,1000 USD,"Meat of ducks, fresh or chilled",1998,22168
Import Quantity,t,"Meat of ducks, fresh or chilled",1999,3845
Import Value,1000 USD,"Meat of ducks, fresh or chilled",1999,8562
Export Quantity,t,"Meat of ducks, fresh or chilled",1999,8520
Export Value,1000 USD,"Meat of ducks, fresh or chilled",1999,18556
Import Quantity,t,"Meat of ducks, fresh or chilled",2000,5285
Import Value,1000 USD,"Meat of ducks, fresh or chilled",2000,9795
Export Quantity,t,"Meat of ducks, fresh or chilled",2000,8163
Export Value,1000 USD,"Meat of ducks, fresh or chilled",2000,15106
Import Quantity,t,"Meat of ducks, fresh or chilled",2001,5734
Import Value,1000 USD,"Meat of ducks, fresh or chilled",2001,10926
Export Quantity,t,"Meat of ducks, fresh or chilled",2001,7483
Export Value,1000 USD,"Meat of ducks, fresh or chilled",2001,15434
Import Quantity,t,"Meat of ducks, fresh or chilled",2002,5964
Import Value,1000 USD,"Meat of ducks, fresh or chilled",2002,13039
Export Quantity,t,"Meat of ducks, fresh or chilled",2002,7503
Export Value,1000 USD,"Meat of ducks, fresh or chilled",2002,16937
Import Quantity,t,"Meat of ducks, fresh or chilled",2003,5426
Import Value,1000 USD,"Meat of ducks, fresh or chilled",2003,13213
Export Quantity,t,"Meat of ducks, fresh or chilled",2003,6452
Export Value,1000 USD,"Meat of ducks, fresh or chilled",2003,16939
Import Quantity,t,"Meat of ducks, fresh or chilled",2004,8696
Import Value,1000 USD,"Meat of ducks, fresh or chilled",2004,21948
Export Quantity,t,"Meat of ducks, fresh or chilled",2004,4897
Export Value,1000 USD,"Meat of ducks, fresh or chilled",2004,14110
Import Quantity,t,"Meat of ducks, fresh or chilled",2005,7568
Import Value,1000 USD,"Meat of ducks, fresh or chilled",2005,22055
Export Quantity,t,"Meat of ducks, fresh or chilled",2005,5471
Export Value,1000 USD,"Meat of ducks, fresh or chilled",2005,16157
Import Quantity,t,"Meat of ducks, fresh or chilled",2006,8825
Import Value,1000 USD,"Meat of ducks, fresh or chilled",2006,26074
Export Quantity,t,"Meat of ducks, fresh or chilled",2006,5330
Export Value,1000 USD,"Meat of ducks, fresh or chilled",2006,14235
Import Quantity,t,"Meat of ducks, fresh or chilled",2007,8835
Import Value,1000 USD,"Meat of ducks, fresh or chilled",2007,29648
Export Quantity,t,"Meat of ducks, fresh or chilled",2007,4586
Export Value,1000 USD,"Meat of ducks, fresh or chilled",2007,13733
Import Quantity,t,"Meat of ducks, fresh or chilled",2008,8900
Import Value,1000 USD,"Meat of ducks, fresh or chilled",2008,31240
Export Quantity,t,"Meat of ducks, fresh or chilled",2008,5225
Export Value,1000 USD,"Meat of ducks, fresh or chilled",2008,16988
Import Quantity,t,"Meat of ducks, fresh or chilled",2009,6312
Import Value,1000 USD,"Meat of ducks, fresh or chilled",2009,20922
Export Quantity,t,"Meat of ducks, fresh or chilled",2009,4348
Export Value,1000 USD,"Meat of ducks, fresh or chilled",2009,14288
Import Quantity,t,"Meat of ducks, fresh or chilled",2010,7148
Import Value,1000 USD,"Meat of ducks, fresh or chilled",2010,23237
Export Quantity,t,"Meat of ducks, fresh or chilled",2010,4694
Export Value,1000 USD,"Meat of ducks, fresh or chilled",2010,15328
Import Quantity,t,"Meat of ducks, fresh or chilled",2011,7827
Import Value,1000 USD,"Meat of ducks, fresh or chilled",2011,25253
Export Quantity,t,"Meat of ducks, fresh or chilled",2011,5303
Export Value,1000 USD,"Meat of ducks, fresh or chilled",2011,17223
Import Quantity,t,"Meat of ducks, fresh or chilled",2012,3092
Import Value,1000 USD,"Meat of ducks, fresh or chilled",2012,21540
Export Quantity,t,"Meat of ducks, fresh or chilled",2012,1528
Export Value,1000 USD,"Meat of ducks, fresh or chilled",2012,3854
Import Quantity,t,"Meat of ducks, fresh or chilled",2013,12189
Import Value,1000 USD,"Meat of ducks, fresh or chilled",2013,48324
Export Quantity,t,"Meat of ducks, fresh or chilled",2013,5771
Export Value,1000 USD,"Meat of ducks, fresh or chilled",2013,19728
Import Quantity,t,"Meat of ducks, fresh or chilled",2014,12395.27
Import Value,1000 USD,"Meat of ducks, fresh or chilled",2014,46057
Export Quantity,t,"Meat of ducks, fresh or chilled",2014,3969.74
Export Value,1000 USD,"Meat of ducks, fresh or chilled",2014,14137
Import Quantity,t,"Meat of ducks, fresh or chilled",2015,11182.46
Import Value,1000 USD,"Meat of ducks, fresh or chilled",2015,39935
Export Quantity,t,"Meat of ducks, fresh or chilled",2015,5065.11
Export Value,1000 USD,"Meat of ducks, fresh or chilled",2015,14986
Import Quantity,t,"Meat of ducks, fresh or chilled",2016,10538.52
Import Value,1000 USD,"Meat of ducks, fresh or chilled",2016,34102
Export Quantity,t,"Meat of ducks, fresh or chilled",2016,7123.07
Export Value,1000 USD,"Meat of ducks, fresh or chilled",2016,18363
Import Quantity,t,"Meat of ducks, fresh or chilled",2017,10252.87
Import Value,1000 USD,"Meat of ducks, fresh or chilled",2017,37911
Export Quantity,t,"Meat of ducks, fresh or chilled",2017,5935.07
Export Value,1000 USD,"Meat of ducks, fresh or chilled",2017,14113
Import Quantity,t,"Meat of ducks, fresh or chilled",2018,10693.21
Import Value,1000 USD,"Meat of ducks, fresh or chilled",2018,36994
Export Quantity,t,"Meat of ducks, fresh or chilled",2018,7611.71
Export Value,1000 USD,"Meat of ducks, fresh or chilled",2018,20428
Import Quantity,t,"Meat of ducks, fresh or chilled",2019,10915.81
Import Value,1000 USD,"Meat of ducks, fresh or chilled",2019,33694
Export Quantity,t,"Meat of ducks, fresh or chilled",2019,6000.43
Export Value,1000 USD,"Meat of ducks, fresh or chilled",2019,15548
Import Quantity,t,"Meat of ducks, fresh or chilled",2020,9836.13
Import Value,1000 USD,"Meat of ducks, fresh or chilled",2020,28091
Export Quantity,t,"Meat of ducks, fresh or chilled",2020,4330.18
Export Value,1000 USD,"Meat of ducks, fresh or chilled",2020,10823
Import Quantity,t,"Meat of ducks, fresh or chilled",2021,14755.51
Import Value,1000 USD,"Meat of ducks, fresh or chilled",2021,49294
Export Quantity,t,"Meat of ducks, fresh or chilled",2021,634.07
Export Value,1000 USD,"Meat of ducks, fresh or chilled",2021,2535
Import Quantity,t,"Meat of ducks, fresh or chilled",2022,20069.85
Import Value,1000 USD,"Meat of ducks, fresh or chilled",2022,86895
Export Quantity,t,"Meat of ducks, fresh or chilled",2022,258.26
Export Value,1000 USD,"Meat of ducks, fresh or chilled",2022,700
Import Quantity,t,"Meat of goat, fresh or chilled",1961,0
Import Value,1000 USD,"Meat of goat, fresh or chilled",1961,0
Export Quantity,t,"Meat of goat, fresh or chilled",1961,0
Export Value,1000 USD,"Meat of goat, fresh or chilled",1961,0
Import Quantity,t,"Meat of goat, fresh or chilled",1962,0
Import Value,1000 USD,"Meat of goat, fresh or chilled",1962,0
Export Quantity,t,"Meat of goat, fresh or chilled",1962,0
Export Value,1000 USD,"Meat of goat, fresh or chilled",1962,0
Import Quantity,t,"Meat of goat, fresh or chilled",1963,0
Import Value,1000 USD,"Meat of goat, fresh or chilled",1963,0
Export Quantity,t,"Meat of goat, fresh or chilled",1963,0
Export Value,1000 USD,"Meat of goat, fresh or chilled",1963,0
Import Quantity,t,"Meat of goat, fresh or chilled",1964,0
Import Value,1000 USD,"Meat of goat, fresh or chilled",1964,0
Export Quantity,t,"Meat of goat, fresh or chilled",1964,0
Export Value,1000 USD,"Meat of goat, fresh or chilled",1964,0
Import Quantity,t,"Meat of goat, fresh or chilled",1965,0
Import Value,1000 USD,"Meat of goat, fresh or chilled",1965,0
Export Quantity,t,"Meat of goat, fresh or chilled",1965,0
Export Value,1000 USD,"Meat of goat, fresh or chilled",1965,0
Import Quantity,t,"Meat of goat, fresh or chilled",1966,0
Import Value,1000 USD,"Meat of goat, fresh or chilled",1966,0
Export Quantity,t,"Meat of goat, fresh or chilled",1966,0
Export Value,1000 USD,"Meat of goat, fresh or chilled",1966,0
Import Quantity,t,"Meat of goat, fresh or chilled",1967,0
Import Value,1000 USD,"Meat of goat, fresh or chilled",1967,0
Export Quantity,t,"Meat of goat, fresh or chilled",1967,0
Export Value,1000 USD,"Meat of goat, fresh or chilled",1967,0
Import Quantity,t,"Meat of goat, fresh or chilled",1968,0
Import Value,1000 USD,"Meat of goat, fresh or chilled",1968,0
Export Quantity,t,"Meat of goat, fresh or chilled",1968,0
Export Value,1000 USD,"Meat of goat, fresh or chilled",1968,0
Import Quantity,t,"Meat of goat, fresh or chilled",1969,0
Import Value,1000 USD,"Meat of goat, fresh or chilled",1969,0
Export Quantity,t,"Meat of goat, fresh or chilled",1969,0
Export Value,1000 USD,"Meat of goat, fresh or chilled",1969,0
Import Quantity,t,"Meat of goat, fresh or chilled",1970,0
Import Value,1000 USD,"Meat of goat, fresh or chilled",1970,0
Export Quantity,t,"Meat of goat, fresh or chilled",1970,0
Export Value,1000 USD,"Meat of goat, fresh or chilled",1970,0
Import Quantity,t,"Meat of goat, fresh or chilled",1971,0
Import Value,1000 USD,"Meat of goat, fresh or chilled",1971,0
Export Quantity,t,"Meat of goat, fresh or chilled",1971,0
Export Value,1000 USD,"Meat of goat, fresh or chilled",1971,0
Import Quantity,t,"Meat of goat, fresh or chilled",1972,0
Import Value,1000 USD,"Meat of goat, fresh or chilled",1972,0
Export Quantity,t,"Meat of goat, fresh or chilled",1972,0
Export Value,1000 USD,"Meat of goat, fresh or chilled",1972,0
Import Quantity,t,"Meat of goat, fresh or chilled",1973,0
Import Value,1000 USD,"Meat of goat, fresh or chilled",1973,0
Export Quantity,t,"Meat of goat, fresh or chilled",1973,0
Export Value,1000 USD,"Meat of goat, fresh or chilled",1973,0
Import Quantity,t,"Meat of goat, fresh or chilled",1974,0
Import Value,1000 USD,"Meat of goat, fresh or chilled",1974,0
Export Quantity,t,"Meat of goat, fresh or chilled",1974,0
Export Value,1000 USD,"Meat of goat, fresh or chilled",1974,0
Import Quantity,t,"Meat of goat, fresh or chilled",1975,0
Import Value,1000 USD,"Meat of goat, fresh or chilled",1975,0
Export Quantity,t,"Meat of goat, fresh or chilled",1975,0
Export Value,1000 USD,"Meat of goat, fresh or chilled",1975,0
Import Quantity,t,"Meat of goat, fresh or chilled",1976,0
Import Value,1000 USD,"Meat of goat, fresh or chilled",1976,0
Export Quantity,t,"Meat of goat, fresh or chilled",1976,0
Export Value,1000 USD,"Meat of goat, fresh or chilled",1976,0
Import Quantity,t,"Meat of goat, fresh or chilled",1977,0
Import Value,1000 USD,"Meat of goat, fresh or chilled",1977,0
Export Quantity,t,"Meat of goat, fresh or chilled",1977,0
Export Value,1000 USD,"Meat of goat, fresh or chilled",1977,0
Import Quantity,t,"Meat of goat, fresh or chilled",1978,0
Import Value,1000 USD,"Meat of goat, fresh or chilled",1978,0
Export Quantity,t,"Meat of goat, fresh or chilled",1978,0
Export Value,1000 USD,"Meat of goat, fresh or chilled",1978,0
Import Quantity,t,"Meat of goat, fresh or chilled",1979,0
Import Value,1000 USD,"Meat of goat, fresh or chilled",1979,0
Export Quantity,t,"Meat of goat, fresh or chilled",1979,0
Export Value,1000 USD,"Meat of goat, fresh or chilled",1979,0
Import Quantity,t,"Meat of goat, fresh or chilled",1980,0
Import Value,1000 USD,"Meat of goat, fresh or chilled",1980,0
Export Quantity,t,"Meat of goat, fresh or chilled",1980,0
Export Value,1000 USD,"Meat of goat, fresh or chilled",1980,0
Import Quantity,t,"Meat of goat, fresh or chilled",1981,0
Import Value,1000 USD,"Meat of goat, fresh or chilled",1981,0
Export Quantity,t,"Meat of goat, fresh or chilled",1981,0
Export Value,1000 USD,"Meat of goat, fresh or chilled",1981,0
Import Quantity,t,"Meat of goat, fresh or chilled",1982,0
Import Value,1000 USD,"Meat of goat, fresh or chilled",1982,0
Export Quantity,t,"Meat of goat, fresh or chilled",1982,0
Export Value,1000 USD,"Meat of goat, fresh or chilled",1982,0
Import Quantity,t,"Meat of goat, fresh or chilled",1983,0
Import Value,1000 USD,"Meat of goat, fresh or chilled",1983,0
Export Quantity,t,"Meat of goat, fresh or chilled",1983,0
Export Value,1000 USD,"Meat of goat, fresh or chilled",1983,0
Import Quantity,t,"Meat of goat, fresh or chilled",1984,0
Import Value,1000 USD,"Meat of goat, fresh or chilled",1984,0
Export Quantity,t,"Meat of goat, fresh or chilled",1984,0
Export Value,1000 USD,"Meat of goat, fresh or chilled",1984,0
Import Quantity,t,"Meat of goat, fresh or chilled",1985,0
Import Value,1000 USD,"Meat of goat, fresh or chilled",1985,0
Export Quantity,t,"Meat of goat, fresh or chilled",1985,0
Export Value,1000 USD,"Meat of goat, fresh or chilled",1985,0
Import Quantity,t,"Meat of goat, fresh or chilled",1986,0
Import Value,1000 USD,"Meat of goat, fresh or chilled",1986,0
Export Quantity,t,"Meat of goat, fresh or chilled",1986,0
Export Value,1000 USD,"Meat of goat, fresh or chilled",1986,0
Import Quantity,t,"Meat of goat, fresh or chilled",1987,0
Import Value,1000 USD,"Meat of goat, fresh or chilled",1987,0
Export Quantity,t,"Meat of goat, fresh or chilled",1987,0
Export Value,1000 USD,"Meat of goat, fresh or chilled",1987,0
Import Quantity,t,"Meat of goat, fresh or chilled",1988,46
Import Value,1000 USD,"Meat of goat, fresh or chilled",1988,82
Export Quantity,t,"Meat of goat, fresh or chilled",1988,6
Export Value,1000 USD,"Meat of goat, fresh or chilled",1988,33
Import Quantity,t,"Meat of goat, fresh or chilled",1989,31
Import Value,1000 USD,"Meat of goat, fresh or chilled",1989,72
Export Quantity,t,"Meat of goat, fresh or chilled",1989,1
Export Value,1000 USD,"Meat of goat, fresh or chilled",1989,1
Import Quantity,t,"Meat of goat, fresh or chilled",1990,0
Import Value,1000 USD,"Meat of goat, fresh or chilled",1990,0
Export Quantity,t,"Meat of goat, fresh or chilled",1990,16
Export Value,1000 USD,"Meat of goat, fresh or chilled",1990,23
Import Quantity,t,"Meat of goat, fresh or chilled",1991,7
Import Value,1000 USD,"Meat of goat, fresh or chilled",1991,17
Export Quantity,t,"Meat of goat, fresh or chilled",1991,23
Export Value,1000 USD,"Meat of goat, fresh or chilled",1991,50
Import Quantity,t,"Meat of goat, fresh or chilled",1992,12
Import Value,1000 USD,"Meat of goat, fresh or chilled",1992,33
Export Quantity,t,"Meat of goat, fresh or chilled",1992,8
Export Value,1000 USD,"Meat of goat, fresh or chilled",1992,42
Import Quantity,t,"Meat of goat, fresh or chilled",1993,1
Import Value,1000 USD,"Meat of goat, fresh or chilled",1993,1
Export Quantity,t,"Meat of goat, fresh or chilled",1993,0
Export Value,1000 USD,"Meat of goat, fresh or chilled",1993,0
Import Quantity,t,"Meat of goat, fresh or chilled",1994,1
Import Value,1000 USD,"Meat of goat, fresh or chilled",1994,1
Export Quantity,t,"Meat of goat, fresh or chilled",1994,35
Export Value,1000 USD,"Meat of goat, fresh or chilled",1994,155
Import Quantity,t,"Meat of goat, fresh or chilled",1995,17
Import Value,1000 USD,"Meat of goat, fresh or chilled",1995,48
Export Quantity,t,"Meat of goat, fresh or chilled",1995,8
Export Value,1000 USD,"Meat of goat, fresh or chilled",1995,22
Import Quantity,t,"Meat of goat, fresh or chilled",1996,45
Import Value,1000 USD,"Meat of goat, fresh or chilled",1996,137
Export Quantity,t,"Meat of goat, fresh or chilled",1996,44
Export Value,1000 USD,"Meat of goat, fresh or chilled",1996,66
Import Quantity,t,"Meat of goat, fresh or chilled",1997,4
Import Value,1000 USD,"Meat of goat, fresh or chilled",1997,19
Export Quantity,t,"Meat of goat, fresh or chilled",1997,15
Export Value,1000 USD,"Meat of goat, fresh or chilled",1997,44
Import Quantity,t,"Meat of goat, fresh or chilled",1998,10
Import Value,1000 USD,"Meat of goat, fresh or chilled",1998,31
Export Quantity,t,"Meat of goat, fresh or chilled",1998,0
Export Value,1000 USD,"Meat of goat, fresh or chilled",1998,3
Import Quantity,t,"Meat of goat, fresh or chilled",1999,24
Import Value,1000 USD,"Meat of goat, fresh or chilled",1999,27
Export Quantity,t,"Meat of goat, fresh or chilled",1999,0
Export Value,1000 USD,"Meat of goat, fresh or chilled",1999,0
Import Quantity,t,"Meat of goat, fresh or chilled",2000,231
Import Value,1000 USD,"Meat of goat, fresh or chilled",2000,284
Export Quantity,t,"Meat of goat, fresh or chilled",2000,3
Export Value,1000 USD,"Meat of goat, fresh or chilled",2000,0
Import Quantity,t,"Meat of goat, fresh or chilled",2001,18
Import Value,1000 USD,"Meat of goat, fresh or chilled",2001,48
Export Quantity,t,"Meat of goat, fresh or chilled",2001,0
Export Value,1000 USD,"Meat of goat, fresh or chilled",2001,0
Import Quantity,t,"Meat of goat, fresh or chilled",2002,122
Import Value,1000 USD,"Meat of goat, fresh or chilled",2002,417
Export Quantity,t,"Meat of goat, fresh or chilled",2002,0
Export Value,1000 USD,"Meat of goat, fresh or chilled",2002,0
Import Quantity,t,"Meat of goat, fresh or chilled",2003,56
Import Value,1000 USD,"Meat of goat, fresh or chilled",2003,202
Export Quantity,t,"Meat of goat, fresh or chilled",2003,0
Export Value,1000 USD,"Meat of goat, fresh or chilled",2003,0
Import Quantity,t,"Meat of goat, fresh or chilled",2004,18
Import Value,1000 USD,"Meat of goat, fresh or chilled",2004,49
Export Quantity,t,"Meat of goat, fresh or chilled",2004,0
Export Value,1000 USD,"Meat of goat, fresh or chilled",2004,0
Import Quantity,t,"Meat of goat, fresh or chilled",2005,419
Import Value,1000 USD,"Meat of goat, fresh or chilled",2005,1211
Export Quantity,t,"Meat of goat, fresh or chilled",2005,65
Export Value,1000 USD,"Meat of goat, fresh or chilled",2005,195
Import Quantity,t,"Meat of goat, fresh or chilled",2006,376
Import Value,1000 USD,"Meat of goat, fresh or chilled",2006,981
Export Quantity,t,"Meat of goat, fresh or chilled",2006,22
Export Value,1000 USD,"Meat of goat, fresh or chilled",2006,93
Import Quantity,t,"Meat of goat, fresh or chilled",2007,257
Import Value,1000 USD,"Meat of goat, fresh or chilled",2007,779
Export Quantity,t,"Meat of goat, fresh or chilled",2007,48
Export Value,1000 USD,"Meat of goat, fresh or chilled",2007,112
Import Quantity,t,"Meat of goat, fresh or chilled",2008,332
Import Value,1000 USD,"Meat of goat, fresh or chilled",2008,1211
Export Quantity,t,"Meat of goat, fresh or chilled",2008,533
Export Value,1000 USD,"Meat of goat, fresh or chilled",2008,1371
Import Quantity,t,"Meat of goat, fresh or chilled",2009,448
Import Value,1000 USD,"Meat of goat, fresh or chilled",2009,1295
Export Quantity,t,"Meat of goat, fresh or chilled",2009,71
Export Value,1000 USD,"Meat of goat, fresh or chilled",2009,298
Import Quantity,t,"Meat of goat, fresh or chilled",2010,1030
Import Value,1000 USD,"Meat of goat, fresh or chilled",2010,5284
Export Quantity,t,"Meat of goat, fresh or chilled",2010,649
Export Value,1000 USD,"Meat of goat, fresh or chilled",2010,2593
Import Quantity,t,"Meat of goat, fresh or chilled",2011,678
Import Value,1000 USD,"Meat of goat, fresh or chilled",2011,4603
Export Quantity,t,"Meat of goat, fresh or chilled",2011,324
Export Value,1000 USD,"Meat of goat, fresh or chilled",2011,2534
Import Quantity,t,"Meat of goat, fresh or chilled",2012,354
Import Value,1000 USD,"Meat of goat, fresh or chilled",2012,1765
Export Quantity,t,"Meat of goat, fresh or chilled",2012,181
Export Value,1000 USD,"Meat of goat, fresh or chilled",2012,1792
Import Quantity,t,"Meat of goat, fresh or chilled",2013,624
Import Value,1000 USD,"Meat of goat, fresh or chilled",2013,2466
Export Quantity,t,"Meat of goat, fresh or chilled",2013,307
Export Value,1000 USD,"Meat of goat, fresh or chilled",2013,2051
Import Quantity,t,"Meat of goat, fresh or chilled",2014,348.54
Import Value,1000 USD,"Meat of goat, fresh or chilled",2014,1565
Export Quantity,t,"Meat of goat, fresh or chilled",2014,321.71
Export Value,1000 USD,"Meat of goat, fresh or chilled",2014,2074
Import Quantity,t,"Meat of goat, fresh or chilled",2015,462.11
Import Value,1000 USD,"Meat of goat, fresh or chilled",2015,1662
Export Quantity,t,"Meat of goat, fresh or chilled",2015,176.9
Export Value,1000 USD,"Meat of goat, fresh or chilled",2015,1035
Import Quantity,t,"Meat of goat, fresh or chilled",2016,290.11
Import Value,1000 USD,"Meat of goat, fresh or chilled",2016,1228
Export Quantity,t,"Meat of goat, fresh or chilled",2016,175.32
Export Value,1000 USD,"Meat of goat, fresh or chilled",2016,634
Import Quantity,t,"Meat of goat, fresh or chilled",2017,237.99
Import Value,1000 USD,"Meat of goat, fresh or chilled",2017,1169
Export Quantity,t,"Meat of goat, fresh or chilled",2017,186.57
Export Value,1000 USD,"Meat of goat, fresh or chilled",2017,972
Import Quantity,t,"Meat of goat, fresh or chilled",2018,189.08
Import Value,1000 USD,"Meat of goat, fresh or chilled",2018,927
Export Quantity,t,"Meat of goat, fresh or chilled",2018,91.48
Export Value,1000 USD,"Meat of goat, fresh or chilled",2018,312
Import Quantity,t,"Meat of goat, fresh or chilled",2019,276.52
Import Value,1000 USD,"Meat of goat, fresh or chilled",2019,1182
Export Quantity,t,"Meat of goat, fresh or chilled",2019,129.56
Export Value,1000 USD,"Meat of goat, fresh or chilled",2019,419
Import Quantity,t,"Meat of goat, fresh or chilled",2020,818.04
Import Value,1000 USD,"Meat of goat, fresh or chilled",2020,3286
Export Quantity,t,"Meat of goat, fresh or chilled",2020,66.12
Export Value,1000 USD,"Meat of goat, fresh or chilled",2020,263
Import Quantity,t,"Meat of goat, fresh or chilled",2021,823.57
Import Value,1000 USD,"Meat of goat, fresh or chilled",2021,3717
Export Quantity,t,"Meat of goat, fresh or chilled",2021,174.84
Export Value,1000 USD,"Meat of goat, fresh or chilled",2021,1264
Import Quantity,t,"Meat of goat, fresh or chilled",2022,1337.51
Import Value,1000 USD,"Meat of goat, fresh or chilled",2022,6936
Export Quantity,t,"Meat of goat, fresh or chilled",2022,33.64
Export Value,1000 USD,"Meat of goat, fresh or chilled",2022,182
Import Quantity,t,"Meat of pig boneless, fresh or chilled",1993,74111
Import Value,1000 USD,"Meat of pig boneless, fresh or chilled",1993,178740
Export Quantity,t,"Meat of pig boneless, fresh or chilled",1993,34412
Export Value,1000 USD,"Meat of pig boneless, fresh or chilled",1993,82095
Import Quantity,t,"Meat of pig boneless, fresh or chilled",1994,69234
Import Value,1000 USD,"Meat of pig boneless, fresh or chilled",1994,167127
Export Quantity,t,"Meat of pig boneless, fresh or chilled",1994,52687
Export Value,1000 USD,"Meat of pig boneless, fresh or chilled",1994,108587
Import Quantity,t,"Meat of pig boneless, fresh or chilled",1995,87458
Import Value,1000 USD,"Meat of pig boneless, fresh or chilled",1995,222405
Export Quantity,t,"Meat of pig boneless, fresh or chilled",1995,63580
Export Value,1000 USD,"Meat of pig boneless, fresh or chilled",1995,184428
Import Quantity,t,"Meat of pig boneless, fresh or chilled",1996,97508
Import Value,1000 USD,"Meat of pig boneless, fresh or chilled",1996,277527
Export Quantity,t,"Meat of pig boneless, fresh or chilled",1996,71176
Export Value,1000 USD,"Meat of pig boneless, fresh or chilled",1996,222815
Import Quantity,t,"Meat of pig boneless, fresh or chilled",1997,87125
Import Value,1000 USD,"Meat of pig boneless, fresh or chilled",1997,213976
Export Quantity,t,"Meat of pig boneless, fresh or chilled",1997,108123
Export Value,1000 USD,"Meat of pig boneless, fresh or chilled",1997,276229
Import Quantity,t,"Meat of pig boneless, fresh or chilled",1998,103384
Import Value,1000 USD,"Meat of pig boneless, fresh or chilled",1998,193601
Export Quantity,t,"Meat of pig boneless, fresh or chilled",1998,142516
Export Value,1000 USD,"Meat of pig boneless, fresh or chilled",1998,261585
Import Quantity,t,"Meat of pig boneless, fresh or chilled",1999,112849
Import Value,1000 USD,"Meat of pig boneless, fresh or chilled",1999,188634
Export Quantity,t,"Meat of pig boneless, fresh or chilled",1999,100547
Export Value,1000 USD,"Meat of pig boneless, fresh or chilled",1999,160358
Import Quantity,t,"Meat of pig boneless, fresh or chilled",2000,113251
Import Value,1000 USD,"Meat of pig boneless, fresh or chilled",2000,196502
Export Quantity,t,"Meat of pig boneless, fresh or chilled",2000,75685
Export Value,1000 USD,"Meat of pig boneless, fresh or chilled",2000,131783
Import Quantity,t,"Meat of pig boneless, fresh or chilled",2001,105578
Import Value,1000 USD,"Meat of pig boneless, fresh or chilled",2001,220090
Export Quantity,t,"Meat of pig boneless, fresh or chilled",2001,16404
Export Value,1000 USD,"Meat of pig boneless, fresh or chilled",2001,32952
Import Quantity,t,"Meat of pig boneless, fresh or chilled",2002,126392
Import Value,1000 USD,"Meat of pig boneless, fresh or chilled",2002,250784
Export Quantity,t,"Meat of pig boneless, fresh or chilled",2002,25818
Export Value,1000 USD,"Meat of pig boneless, fresh or chilled",2002,50886
Import Quantity,t,"Meat of pig boneless, fresh or chilled",2003,177985
Import Value,1000 USD,"Meat of pig boneless, fresh or chilled",2003,368139
Export Quantity,t,"Meat of pig boneless, fresh or chilled",2003,20926
Export Value,1000 USD,"Meat of pig boneless, fresh or chilled",2003,49180
Import Quantity,t,"Meat of pig boneless, fresh or chilled",2004,185484
Import Value,1000 USD,"Meat of pig boneless, fresh or chilled",2004,477228
Export Quantity,t,"Meat of pig boneless, fresh or chilled",2004,33119
Export Value,1000 USD,"Meat of pig boneless, fresh or chilled",2004,85375
Import Quantity,t,"Meat of pig boneless, fresh or chilled",2005,201022
Import Value,1000 USD,"Meat of pig boneless, fresh or chilled",2005,556189
Export Quantity,t,"Meat of pig boneless, fresh or chilled",2005,34423
Export Value,1000 USD,"Meat of pig boneless, fresh or chilled",2005,96874
Import Quantity,t,"Meat of pig boneless, fresh or chilled",2006,217164
Import Value,1000 USD,"Meat of pig boneless, fresh or chilled",2006,629092
Export Quantity,t,"Meat of pig boneless, fresh or chilled",2006,33576
Export Value,1000 USD,"Meat of pig boneless, fresh or chilled",2006,89414
Import Quantity,t,"Meat of pig boneless, fresh or chilled",2007,229510
Import Value,1000 USD,"Meat of pig boneless, fresh or chilled",2007,723519
Export Quantity,t,"Meat of pig boneless, fresh or chilled",2007,30299
Export Value,1000 USD,"Meat of pig boneless, fresh or chilled",2007,82599
Import Quantity,t,"Meat of pig boneless, fresh or chilled",2008,228357
Import Value,1000 USD,"Meat of pig boneless, fresh or chilled",2008,792826
Export Quantity,t,"Meat of pig boneless, fresh or chilled",2008,40109
Export Value,1000 USD,"Meat of pig boneless, fresh or chilled",2008,103627
Import Quantity,t,"Meat of pig boneless, fresh or chilled",2009,200564
Import Value,1000 USD,"Meat of pig boneless, fresh or chilled",2009,612310
Export Quantity,t,"Meat of pig boneless, fresh or chilled",2009,39956
Export Value,1000 USD,"Meat of pig boneless, fresh or chilled",2009,73499
Import Quantity,t,"Meat of pig boneless, fresh or chilled",2010,185431
Import Value,1000 USD,"Meat of pig boneless, fresh or chilled",2010,535000
Export Quantity,t,"Meat of pig boneless, fresh or chilled",2010,60470
Export Value,1000 USD,"Meat of pig boneless, fresh or chilled",2010,126610
Import Quantity,t,"Meat of pig boneless, fresh or chilled",2011,186096
Import Value,1000 USD,"Meat of pig boneless, fresh or chilled",2011,610747
Export Quantity,t,"Meat of pig boneless, fresh or chilled",2011,57990
Export Value,1000 USD,"Meat of pig boneless, fresh or chilled",2011,119469
Import Quantity,t,"Meat of pig boneless, fresh or chilled",2012,126165
Import Value,1000 USD,"Meat of pig boneless, fresh or chilled",2012,444685
Export Quantity,t,"Meat of pig boneless, fresh or chilled",2012,40097
Export Value,1000 USD,"Meat of pig boneless, fresh or chilled",2012,85881
Import Quantity,t,"Meat of pig boneless, fresh or chilled",2013,134589
Import Value,1000 USD,"Meat of pig boneless, fresh or chilled",2013,494811
Export Quantity,t,"Meat of pig boneless, fresh or chilled",2013,47290
Export Value,1000 USD,"Meat of pig boneless, fresh or chilled",2013,106157
Import Quantity,t,"Meat of pig boneless, fresh or chilled",2014,119627.14
Import Value,1000 USD,"Meat of pig boneless, fresh or chilled",2014,423595
Export Quantity,t,"Meat of pig boneless, fresh or chilled",2014,51073.12
Export Value,1000 USD,"Meat of pig boneless, fresh or chilled",2014,122589
Import Quantity,t,"Meat of pig boneless, fresh or chilled",2015,117886.21
Import Value,1000 USD,"Meat of pig boneless, fresh or chilled",2015,327188
Export Quantity,t,"Meat of pig boneless, fresh or chilled",2015,43398.81
Export Value,1000 USD,"Meat of pig boneless, fresh or chilled",2015,90007
Import Quantity,t,"Meat of pig boneless, fresh or chilled",2016,155068.98
Import Value,1000 USD,"Meat of pig boneless, fresh or chilled",2016,406990
Export Quantity,t,"Meat of pig boneless, fresh or chilled",2016,40092.27
Export Value,1000 USD,"Meat of pig boneless, fresh or chilled",2016,84137
Import Quantity,t,"Meat of pig boneless, fresh or chilled",2017,183290.12
Import Value,1000 USD,"Meat of pig boneless, fresh or chilled",2017,521729
Export Quantity,t,"Meat of pig boneless, fresh or chilled",2017,38816.35
Export Value,1000 USD,"Meat of pig boneless, fresh or chilled",2017,99267
Import Quantity,t,"Meat of pig boneless, fresh or chilled",2018,178742.79
Import Value,1000 USD,"Meat of pig boneless, fresh or chilled",2018,480652
Export Quantity,t,"Meat of pig boneless, fresh or chilled",2018,38942.48
Export Value,1000 USD,"Meat of pig boneless, fresh or chilled",2018,99375
Import Quantity,t,"Meat of pig boneless, fresh or chilled",2019,176366.83
Import Value,1000 USD,"Meat of pig boneless, fresh or chilled",2019,507262
Export Quantity,t,"Meat of pig boneless, fresh or chilled",2019,32154.95
Export Value,1000 USD,"Meat of pig boneless, fresh or chilled",2019,85028
Import Quantity,t,"Meat of pig boneless, fresh or chilled",2020,183615.26
Import Value,1000 USD,"Meat of pig boneless, fresh or chilled",2020,574109
Export Quantity,t,"Meat of pig boneless, fresh or chilled",2020,34545.44
Export Value,1000 USD,"Meat of pig boneless, fresh or chilled",2020,87969
Import Quantity,t,"Meat of pig boneless, fresh or chilled",2021,184291.37
Import Value,1000 USD,"Meat of pig boneless, fresh or chilled",2021,542572
Export Quantity,t,"Meat of pig boneless, fresh or chilled",2021,17420.24
Export Value,1000 USD,"Meat of pig boneless, fresh or chilled",2021,60423
Import Quantity,t,"Meat of pig boneless, fresh or chilled",2022,191972.5
Import Value,1000 USD,"Meat of pig boneless, fresh or chilled",2022,555646
Export Quantity,t,"Meat of pig boneless, fresh or chilled",2022,22900.23
Export Value,1000 USD,"Meat of pig boneless, fresh or chilled",2022,70407
Import Quantity,t,"Meat of pig with the bone, fresh or chilled",1961,17998
Import Value,1000 USD,"Meat of pig with the bone, fresh or chilled",1961,11666
Export Quantity,t,"Meat of pig with the bone, fresh or chilled",1961,5102
Export Value,1000 USD,"Meat of pig with the bone, fresh or chilled",1961,3598
Import Quantity,t,"Meat of pig with the bone, fresh or chilled",1962,20123
Import Value,1000 USD,"Meat of pig with the bone, fresh or chilled",1962,12145
Export Quantity,t,"Meat of pig with the bone, fresh or chilled",1962,5093
Export Value,1000 USD,"Meat of pig with the bone, fresh or chilled",1962,3584
Import Quantity,t,"Meat of pig with the bone, fresh or chilled",1963,11500
Import Value,1000 USD,"Meat of pig with the bone, fresh or chilled",1963,7990
Export Quantity,t,"Meat of pig with the bone, fresh or chilled",1963,5455
Export Value,1000 USD,"Meat of pig with the bone, fresh or chilled",1963,3905
Import Quantity,t,"Meat of pig with the bone, fresh or chilled",1964,9877
Import Value,1000 USD,"Meat of pig with the bone, fresh or chilled",1964,7377
Export Quantity,t,"Meat of pig with the bone, fresh or chilled",1964,8771
Export Value,1000 USD,"Meat of pig with the bone, fresh or chilled",1964,6952
Import Quantity,t,"Meat of pig with the bone, fresh or chilled",1965,20909
Import Value,1000 USD,"Meat of pig with the bone, fresh or chilled",1965,14753
Export Quantity,t,"Meat of pig with the bone, fresh or chilled",1965,4315
Export Value,1000 USD,"Meat of pig with the bone, fresh or chilled",1965,3609
Import Quantity,t,"Meat of pig with the bone, fresh or chilled",1966,10493
Import Value,1000 USD,"Meat of pig with the bone, fresh or chilled",1966,7524
Export Quantity,t,"Meat of pig with the bone, fresh or chilled",1966,12321
Export Value,1000 USD,"Meat of pig with the bone, fresh or chilled",1966,10511
Import Quantity,t,"Meat of pig with the bone, fresh or chilled",1967,11034
Import Value,1000 USD,"Meat of pig with the bone, fresh or chilled",1967,7085
Export Quantity,t,"Meat of pig with the bone, fresh or chilled",1967,3030
Export Value,1000 USD,"Meat of pig with the bone, fresh or chilled",1967,2887
Import Quantity,t,"Meat of pig with the bone, fresh or chilled",1968,18275
Import Value,1000 USD,"Meat of pig with the bone, fresh or chilled",1968,10647
Export Quantity,t,"Meat of pig with the bone, fresh or chilled",1968,1848
Export Value,1000 USD,"Meat of pig with the bone, fresh or chilled",1968,1468
Import Quantity,t,"Meat of pig with the bone, fresh or chilled",1969,19938
Import Value,1000 USD,"Meat of pig with the bone, fresh or chilled",1969,13727
Export Quantity,t,"Meat of pig with the bone, fresh or chilled",1969,12224
Export Value,1000 USD,"Meat of pig with the bone, fresh or chilled",1969,9020
Import Quantity,t,"Meat of pig with the bone, fresh or chilled",1970,11440
Import Value,1000 USD,"Meat of pig with the bone, fresh or chilled",1970,8238
Export Quantity,t,"Meat of pig with the bone, fresh or chilled",1970,14521
Export Value,1000 USD,"Meat of pig with the bone, fresh or chilled",1970,12036
Import Quantity,t,"Meat of pig with the bone, fresh or chilled",1971,27827
Import Value,1000 USD,"Meat of pig with the bone, fresh or chilled",1971,21431
Export Quantity,t,"Meat of pig with the bone, fresh or chilled",1971,10249
Export Value,1000 USD,"Meat of pig with the bone, fresh or chilled",1971,7099
Import Quantity,t,"Meat of pig with the bone, fresh or chilled",1972,46313
Import Value,1000 USD,"Meat of pig with the bone, fresh or chilled",1972,35754
Export Quantity,t,"Meat of pig with the bone, fresh or chilled",1972,4170
Export Value,1000 USD,"Meat of pig with the bone, fresh or chilled",1972,3455
Import Quantity,t,"Meat of pig with the bone, fresh or chilled",1973,18487
Import Value,1000 USD,"Meat of pig with the bone, fresh or chilled",1973,20384
Export Quantity,t,"Meat of pig with the bone, fresh or chilled",1973,11604
Export Value,1000 USD,"Meat of pig with the bone, fresh or chilled",1973,16173
Import Quantity,t,"Meat of pig with the bone, fresh or chilled",1974,7139
Import Value,1000 USD,"Meat of pig with the bone, fresh or chilled",1974,8867
Export Quantity,t,"Meat of pig with the bone, fresh or chilled",1974,19008
Export Value,1000 USD,"Meat of pig with the bone, fresh or chilled",1974,21460
Import Quantity,t,"Meat of pig with the bone, fresh or chilled",1975,16295
Import Value,1000 USD,"Meat of pig with the bone, fresh or chilled",1975,25950
Export Quantity,t,"Meat of pig with the bone, fresh or chilled",1975,6139
Export Value,1000 USD,"Meat of pig with the bone, fresh or chilled",1975,7854
Import Quantity,t,"Meat of pig with the bone, fresh or chilled",1976,12220
Import Value,1000 USD,"Meat of pig with the bone, fresh or chilled",1976,16705
Export Quantity,t,"Meat of pig with the bone, fresh or chilled",1976,10995
Export Value,1000 USD,"Meat of pig with the bone, fresh or chilled",1976,15439
Import Quantity,t,"Meat of pig with the bone, fresh or chilled",1977,16167
Import Value,1000 USD,"Meat of pig with the bone, fresh or chilled",1977,18207
Export Quantity,t,"Meat of pig with the bone, fresh or chilled",1977,16560
Export Value,1000 USD,"Meat of pig with the bone, fresh or chilled",1977,25256
Import Quantity,t,"Meat of pig with the bone, fresh or chilled",1978,38627
Import Value,1000 USD,"Meat of pig with the bone, fresh or chilled",1978,60972
Export Quantity,t,"Meat of pig with the bone, fresh or chilled",1978,12625
Export Value,1000 USD,"Meat of pig with the bone, fresh or chilled",1978,22800
Import Quantity,t,"Meat of pig with the bone, fresh or chilled",1979,37312
Import Value,1000 USD,"Meat of pig with the bone, fresh or chilled",1979,79904
Export Quantity,t,"Meat of pig with the bone, fresh or chilled",1979,18564
Export Value,1000 USD,"Meat of pig with the bone, fresh or chilled",1979,33411
Import Quantity,t,"Meat of pig with the bone, fresh or chilled",1980,38904
Import Value,1000 USD,"Meat of pig with the bone, fresh or chilled",1980,94798
Export Quantity,t,"Meat of pig with the bone, fresh or chilled",1980,16643
Export Value,1000 USD,"Meat of pig with the bone, fresh or chilled",1980,33133
Import Quantity,t,"Meat of pig with the bone, fresh or chilled",1981,35662
Import Value,1000 USD,"Meat of pig with the bone, fresh or chilled",1981,88417
Export Quantity,t,"Meat of pig with the bone, fresh or chilled",1981,14694
Export Value,1000 USD,"Meat of pig with the bone, fresh or chilled",1981,26396
Import Quantity,t,"Meat of pig with the bone, fresh or chilled",1982,27350
Import Value,1000 USD,"Meat of pig with the bone, fresh or chilled",1982,62905
Export Quantity,t,"Meat of pig with the bone, fresh or chilled",1982,23686
Export Value,1000 USD,"Meat of pig with the bone, fresh or chilled",1982,40157
Import Quantity,t,"Meat of pig with the bone, fresh or chilled",1983,28531
Import Value,1000 USD,"Meat of pig with the bone, fresh or chilled",1983,59844
Export Quantity,t,"Meat of pig with the bone, fresh or chilled",1983,44598
Export Value,1000 USD,"Meat of pig with the bone, fresh or chilled",1983,60968
Import Quantity,t,"Meat of pig with the bone, fresh or chilled",1984,36675
Import Value,1000 USD,"Meat of pig with the bone, fresh or chilled",1984,68771
Export Quantity,t,"Meat of pig with the bone, fresh or chilled",1984,36405
Export Value,1000 USD,"Meat of pig with the bone, fresh or chilled",1984,49395
Import Quantity,t,"Meat of pig with the bone, fresh or chilled",1985,33834
Import Value,1000 USD,"Meat of pig with the bone, fresh or chilled",1985,63531
Export Quantity,t,"Meat of pig with the bone, fresh or chilled",1985,42819
Export Value,1000 USD,"Meat of pig with the bone, fresh or chilled",1985,58461
Import Quantity,t,"Meat of pig with the bone, fresh or chilled",1986,31126
Import Value,1000 USD,"Meat of pig with the bone, fresh or chilled",1986,67025
Export Quantity,t,"Meat of pig with the bone, fresh or chilled",1986,50100
Export Value,1000 USD,"Meat of pig with the bone, fresh or chilled",1986,79101
Import Quantity,t,"Meat of pig with the bone, fresh or chilled",1987,45158
Import Value,1000 USD,"Meat of pig with the bone, fresh or chilled",1987,105537
Export Quantity,t,"Meat of pig with the bone, fresh or chilled",1987,43428
Export Value,1000 USD,"Meat of pig with the bone, fresh or chilled",1987,72551
Import Quantity,t,"Meat of pig with the bone, fresh or chilled",1988,56093
Import Value,1000 USD,"Meat of pig with the bone, fresh or chilled",1988,132566
Export Quantity,t,"Meat of pig with the bone, fresh or chilled",1988,52676
Export Value,1000 USD,"Meat of pig with the bone, fresh or chilled",1988,89358
Import Quantity,t,"Meat of pig with the bone, fresh or chilled",1989,87815
Import Value,1000 USD,"Meat of pig with the bone, fresh or chilled",1989,221189
Export Quantity,t,"Meat of pig with the bone, fresh or chilled",1989,51772
Export Value,1000 USD,"Meat of pig with the bone, fresh or chilled",1989,100894
Import Quantity,t,"Meat of pig with the bone, fresh or chilled",1990,76206
Import Value,1000 USD,"Meat of pig with the bone, fresh or chilled",1990,219423
Export Quantity,t,"Meat of pig with the bone, fresh or chilled",1990,49013
Export Value,1000 USD,"Meat of pig with the bone, fresh or chilled",1990,106452
Import Quantity,t,"Meat of pig with the bone, fresh or chilled",1991,70369
Import Value,1000 USD,"Meat of pig with the bone, fresh or chilled",1991,191337
Export Quantity,t,"Meat of pig with the bone, fresh or chilled",1991,73138
Export Value,1000 USD,"Meat of pig with the bone, fresh or chilled",1991,156114
Import Quantity,t,"Meat of pig with the bone, fresh or chilled",1992,84617
Import Value,1000 USD,"Meat of pig with the bone, fresh or chilled",1992,250472
Export Quantity,t,"Meat of pig with the bone, fresh or chilled",1992,93994
Export Value,1000 USD,"Meat of pig with the bone, fresh or chilled",1992,232710
Import Quantity,t,"Meat of pig with the bone, fresh or chilled",1993,36436
Import Value,1000 USD,"Meat of pig with the bone, fresh or chilled",1993,74165
Export Quantity,t,"Meat of pig with the bone, fresh or chilled",1993,63320
Export Value,1000 USD,"Meat of pig with the bone, fresh or chilled",1993,94444
Import Quantity,t,"Meat of pig with the bone, fresh or chilled",1994,32134
Import Value,1000 USD,"Meat of pig with the bone, fresh or chilled",1994,69126
Export Quantity,t,"Meat of pig with the bone, fresh or chilled",1994,75588
Export Value,1000 USD,"Meat of pig with the bone, fresh or chilled",1994,117624
Import Quantity,t,"Meat of pig with the bone, fresh or chilled",1995,38325
Import Value,1000 USD,"Meat of pig with the bone, fresh or chilled",1995,79033
Export Quantity,t,"Meat of pig with the bone, fresh or chilled",1995,66936
Export Value,1000 USD,"Meat of pig with the bone, fresh or chilled",1995,125219
Import Quantity,t,"Meat of pig with the bone, fresh or chilled",1996,51085
Import Value,1000 USD,"Meat of pig with the bone, fresh or chilled",1996,131308
Export Quantity,t,"Meat of pig with the bone, fresh or chilled",1996,64406
Export Value,1000 USD,"Meat of pig with the bone, fresh or chilled",1996,122834
Import Quantity,t,"Meat of pig with the bone, fresh or chilled",1997,45608
Import Value,1000 USD,"Meat of pig with the bone, fresh or chilled",1997,102762
Export Quantity,t,"Meat of pig with the bone, fresh or chilled",1997,76702
Export Value,1000 USD,"Meat of pig with the bone, fresh or chilled",1997,123257
Import Quantity,t,"Meat of pig with the bone, fresh or chilled",1998,52176
Import Value,1000 USD,"Meat of pig with the bone, fresh or chilled",1998,97992
Export Quantity,t,"Meat of pig with the bone, fresh or chilled",1998,78383
Export Value,1000 USD,"Meat of pig with the bone, fresh or chilled",1998,85527
Import Quantity,t,"Meat of pig with the bone, fresh or chilled",1999,101127
Import Value,1000 USD,"Meat of pig with the bone, fresh or chilled",1999,160485
Export Quantity,t,"Meat of pig with the bone, fresh or chilled",1999,114101
Export Value,1000 USD,"Meat of pig with the bone, fresh or chilled",1999,78354
Import Quantity,t,"Meat of pig with the bone, fresh or chilled",2000,131970
Import Value,1000 USD,"Meat of pig with the bone, fresh or chilled",2000,221802
Export Quantity,t,"Meat of pig with the bone, fresh or chilled",2000,109878
Export Value,1000 USD,"Meat of pig with the bone, fresh or chilled",2000,79689
Import Quantity,t,"Meat of pig with the bone, fresh or chilled",2001,133515
Import Value,1000 USD,"Meat of pig with the bone, fresh or chilled",2001,261511
Export Quantity,t,"Meat of pig with the bone, fresh or chilled",2001,19525
Export Value,1000 USD,"Meat of pig with the bone, fresh or chilled",2001,21480
Import Quantity,t,"Meat of pig with the bone, fresh or chilled",2002,149146
Import Value,1000 USD,"Meat of pig with the bone, fresh or chilled",2002,245599
Export Quantity,t,"Meat of pig with the bone, fresh or chilled",2002,62876
Export Value,1000 USD,"Meat of pig with the bone, fresh or chilled",2002,59987
Import Quantity,t,"Meat of pig with the bone, fresh or chilled",2003,202499
Import Value,1000 USD,"Meat of pig with the bone, fresh or chilled",2003,386526
Export Quantity,t,"Meat of pig with the bone, fresh or chilled",2003,48281
Export Value,1000 USD,"Meat of pig with the bone, fresh or chilled",2003,57224
Import Quantity,t,"Meat of pig with the bone, fresh or chilled",2004,197659
Import Value,1000 USD,"Meat of pig with the bone, fresh or chilled",2004,432690
Export Quantity,t,"Meat of pig with the bone, fresh or chilled",2004,51203
Export Value,1000 USD,"Meat of pig with the bone, fresh or chilled",2004,83523
Import Quantity,t,"Meat of pig with the bone, fresh or chilled",2005,221120
Import Value,1000 USD,"Meat of pig with the bone, fresh or chilled",2005,493641
Export Quantity,t,"Meat of pig with the bone, fresh or chilled",2005,56288
Export Value,1000 USD,"Meat of pig with the bone, fresh or chilled",2005,92018
Import Quantity,t,"Meat of pig with the bone, fresh or chilled",2006,232776
Import Value,1000 USD,"Meat of pig with the bone, fresh or chilled",2006,604430
Export Quantity,t,"Meat of pig with the bone, fresh or chilled",2006,60631
Export Value,1000 USD,"Meat of pig with the bone, fresh or chilled",2006,91806
Import Quantity,t,"Meat of pig with the bone, fresh or chilled",2007,235561
Import Value,1000 USD,"Meat of pig with the bone, fresh or chilled",2007,625523
Export Quantity,t,"Meat of pig with the bone, fresh or chilled",2007,67788
Export Value,1000 USD,"Meat of pig with the bone, fresh or chilled",2007,93744
Import Quantity,t,"Meat of pig with the bone, fresh or chilled",2008,165000
Import Value,1000 USD,"Meat of pig with the bone, fresh or chilled",2008,454859
Export Quantity,t,"Meat of pig with the bone, fresh or chilled",2008,78278
Export Value,1000 USD,"Meat of pig with the bone, fresh or chilled",2008,140613
Import Quantity,t,"Meat of pig with the bone, fresh or chilled",2009,159615
Import Value,1000 USD,"Meat of pig with the bone, fresh or chilled",2009,383169
Export Quantity,t,"Meat of pig with the bone, fresh or chilled",2009,64401
Export Value,1000 USD,"Meat of pig with the bone, fresh or chilled",2009,107155
Import Quantity,t,"Meat of pig with the bone, fresh or chilled",2010,177705
Import Value,1000 USD,"Meat of pig with the bone, fresh or chilled",2010,480962
Export Quantity,t,"Meat of pig with the bone, fresh or chilled",2010,70866
Export Value,1000 USD,"Meat of pig with the bone, fresh or chilled",2010,104004
Import Quantity,t,"Meat of pig with the bone, fresh or chilled",2011,186372
Import Value,1000 USD,"Meat of pig with the bone, fresh or chilled",2011,547979
Export Quantity,t,"Meat of pig with the bone, fresh or chilled",2011,86081
Export Value,1000 USD,"Meat of pig with the bone, fresh or chilled",2011,154420
Import Quantity,t,"Meat of pig with the bone, fresh or chilled",2012,222796
Import Value,1000 USD,"Meat of pig with the bone, fresh or chilled",2012,650255
Export Quantity,t,"Meat of pig with the bone, fresh or chilled",2012,113995
Export Value,1000 USD,"Meat of pig with the bone, fresh or chilled",2012,213956
Import Quantity,t,"Meat of pig with the bone, fresh or chilled",2013,216816
Import Value,1000 USD,"Meat of pig with the bone, fresh or chilled",2013,662383
Export Quantity,t,"Meat of pig with the bone, fresh or chilled",2013,133257
Export Value,1000 USD,"Meat of pig with the bone, fresh or chilled",2013,234254
Import Quantity,t,"Meat of pig with the bone, fresh or chilled",2014,218093.18
Import Value,1000 USD,"Meat of pig with the bone, fresh or chilled",2014,659248
Export Quantity,t,"Meat of pig with the bone, fresh or chilled",2014,136240.36
Export Value,1000 USD,"Meat of pig with the bone, fresh or chilled",2014,225837
Import Quantity,t,"Meat of pig with the bone, fresh or chilled",2015,228374.94
Import Value,1000 USD,"Meat of pig with the bone, fresh or chilled",2015,535998
Export Quantity,t,"Meat of pig with the bone, fresh or chilled",2015,141799.66
Export Value,1000 USD,"Meat of pig with the bone, fresh or chilled",2015,208380
Import Quantity,t,"Meat of pig with the bone, fresh or chilled",2016,250362.82
Import Value,1000 USD,"Meat of pig with the bone, fresh or chilled",2016,559467
Export Quantity,t,"Meat of pig with the bone, fresh or chilled",2016,164378.85
Export Value,1000 USD,"Meat of pig with the bone, fresh or chilled",2016,254333
Import Quantity,t,"Meat of pig with the bone, fresh or chilled",2017,249353.7
Import Value,1000 USD,"Meat of pig with the bone, fresh or chilled",2017,614938
Export Quantity,t,"Meat of pig with the bone, fresh or chilled",2017,175104.89
Export Value,1000 USD,"Meat of pig with the bone, fresh or chilled",2017,276543
Import Quantity,t,"Meat of pig with the bone, fresh or chilled",2018,254775.64
Import Value,1000 USD,"Meat of pig with the bone, fresh or chilled",2018,592600
Export Quantity,t,"Meat of pig with the bone, fresh or chilled",2018,177133.4
Export Value,1000 USD,"Meat of pig with the bone, fresh or chilled",2018,286925
Import Quantity,t,"Meat of pig with the bone, fresh or chilled",2019,243674.01
Import Value,1000 USD,"Meat of pig with the bone, fresh or chilled",2019,627141
Export Quantity,t,"Meat of pig with the bone, fresh or chilled",2019,210922.57
Export Value,1000 USD,"Meat of pig with the bone, fresh or chilled",2019,408008
Import Quantity,t,"Meat of pig with the bone, fresh or chilled",2020,204645.83
Import Value,1000 USD,"Meat of pig with the bone, fresh or chilled",2020,572063
Export Quantity,t,"Meat of pig with the bone, fresh or chilled",2020,225047.07
Export Value,1000 USD,"Meat of pig with the bone, fresh or chilled",2020,454436
Import Quantity,t,"Meat of pig with the bone, fresh or chilled",2021,151591.96
Import Value,1000 USD,"Meat of pig with the bone, fresh or chilled",2021,413083
Export Quantity,t,"Meat of pig with the bone, fresh or chilled",2021,175429.7
Export Value,1000 USD,"Meat of pig with the bone, fresh or chilled",2021,405801
Import Quantity,t,"Meat of pig with the bone, fresh or chilled",2022,130247.51
Import Value,1000 USD,"Meat of pig with the bone, fresh or chilled",2022,319749
Export Quantity,t,"Meat of pig with the bone, fresh or chilled",2022,166722.9
Export Value,1000 USD,"Meat of pig with the bone, fresh or chilled",2022,341358
Import Quantity,t,"Meat of sheep, fresh or chilled",1961,352323
Import Value,1000 USD,"Meat of sheep, fresh or chilled",1961,160028
Export Quantity,t,"Meat of sheep, fresh or chilled",1961,5306
Export Value,1000 USD,"Meat of sheep, fresh or chilled",1961,3082
Import Quantity,t,"Meat of sheep, fresh or chilled",1962,357343
Import Value,1000 USD,"Meat of sheep, fresh or chilled",1962,170996
Export Quantity,t,"Meat of sheep, fresh or chilled",1962,4014
Export Value,1000 USD,"Meat of sheep, fresh or chilled",1962,2557
Import Quantity,t,"Meat of sheep, fresh or chilled",1963,347902
Import Value,1000 USD,"Meat of sheep, fresh or chilled",1963,174592
Export Quantity,t,"Meat of sheep, fresh or chilled",1963,3974
Export Value,1000 USD,"Meat of sheep, fresh or chilled",1963,2705
Import Quantity,t,"Meat of sheep, fresh or chilled",1964,344426
Import Value,1000 USD,"Meat of sheep, fresh or chilled",1964,197440
Export Quantity,t,"Meat of sheep, fresh or chilled",1964,5758
Export Value,1000 USD,"Meat of sheep, fresh or chilled",1964,3975
Import Quantity,t,"Meat of sheep, fresh or chilled",1965,350598
Import Value,1000 USD,"Meat of sheep, fresh or chilled",1965,211467
Export Quantity,t,"Meat of sheep, fresh or chilled",1965,3256
Export Value,1000 USD,"Meat of sheep, fresh or chilled",1965,2994
Import Quantity,t,"Meat of sheep, fresh or chilled",1966,320722
Import Value,1000 USD,"Meat of sheep, fresh or chilled",1966,188622
Export Quantity,t,"Meat of sheep, fresh or chilled",1966,6475
Export Value,1000 USD,"Meat of sheep, fresh or chilled",1966,5191
Import Quantity,t,"Meat of sheep, fresh or chilled",1967,344207
Import Value,1000 USD,"Meat of sheep, fresh or chilled",1967,190103
Export Quantity,t,"Meat of sheep, fresh or chilled",1967,7749
Export Value,1000 USD,"Meat of sheep, fresh or chilled",1967,6966
Import Quantity,t,"Meat of sheep, fresh or chilled",1968,350443
Import Value,1000 USD,"Meat of sheep, fresh or chilled",1968,189004
Export Quantity,t,"Meat of sheep, fresh or chilled",1968,3895
Export Value,1000 USD,"Meat of sheep, fresh or chilled",1968,2837
Import Quantity,t,"Meat of sheep, fresh or chilled",1969,366988
Import Value,1000 USD,"Meat of sheep, fresh or chilled",1969,219845
Export Quantity,t,"Meat of sheep, fresh or chilled",1969,8348
Export Value,1000 USD,"Meat of sheep, fresh or chilled",1969,7422
Import Quantity,t,"Meat of sheep, fresh or chilled",1970,330984
Import Value,1000 USD,"Meat of sheep, fresh or chilled",1970,205811
Export Quantity,t,"Meat of sheep, fresh or chilled",1970,10618
Export Value,1000 USD,"Meat of sheep, fresh or chilled",1970,9329
Import Quantity,t,"Meat of sheep, fresh or chilled",1971,353039
Import Value,1000 USD,"Meat of sheep, fresh or chilled",1971,225807
Export Quantity,t,"Meat of sheep, fresh or chilled",1971,15428
Export Value,1000 USD,"Meat of sheep, fresh or chilled",1971,14589
Import Quantity,t,"Meat of sheep, fresh or chilled",1972,331196
Import Value,1000 USD,"Meat of sheep, fresh or chilled",1972,225807
Export Quantity,t,"Meat of sheep, fresh or chilled",1972,23095
Export Value,1000 USD,"Meat of sheep, fresh or chilled",1972,27630
Import Quantity,t,"Meat of sheep, fresh or chilled",1973,265617
Import Value,1000 USD,"Meat of sheep, fresh or chilled",1973,305690
Export Quantity,t,"Meat of sheep, fresh or chilled",1973,27375
Export Value,1000 USD,"Meat of sheep, fresh or chilled",1973,42088
Import Quantity,t,"Meat of sheep, fresh or chilled",1974,212801
Import Value,1000 USD,"Meat of sheep, fresh or chilled",1974,249087
Export Quantity,t,"Meat of sheep, fresh or chilled",1974,26506
Export Value,1000 USD,"Meat of sheep, fresh or chilled",1974,43295
Import Quantity,t,"Meat of sheep, fresh or chilled",1975,243834
Import Value,1000 USD,"Meat of sheep, fresh or chilled",1975,269968
Export Quantity,t,"Meat of sheep, fresh or chilled",1975,33469
Export Value,1000 USD,"Meat of sheep, fresh or chilled",1975,60740
Import Quantity,t,"Meat of sheep, fresh or chilled",1976,225698
Import Value,1000 USD,"Meat of sheep, fresh or chilled",1976,240604
Export Quantity,t,"Meat of sheep, fresh or chilled",1976,32605
Export Value,1000 USD,"Meat of sheep, fresh or chilled",1976,59143
Import Quantity,t,"Meat of sheep, fresh or chilled",1977,218954
Import Value,1000 USD,"Meat of sheep, fresh or chilled",1977,275693
Export Quantity,t,"Meat of sheep, fresh or chilled",1977,44586
Export Value,1000 USD,"Meat of sheep, fresh or chilled",1977,95635
Import Quantity,t,"Meat of sheep, fresh or chilled",1978,225536
Import Value,1000 USD,"Meat of sheep, fresh or chilled",1978,349841
Export Quantity,t,"Meat of sheep, fresh or chilled",1978,41437
Export Value,1000 USD,"Meat of sheep, fresh or chilled",1978,108288
Import Quantity,t,"Meat of sheep, fresh or chilled",1979,207975
Import Value,1000 USD,"Meat of sheep, fresh or chilled",1979,367257
Export Quantity,t,"Meat of sheep, fresh or chilled",1979,40939
Export Value,1000 USD,"Meat of sheep, fresh or chilled",1979,123540
Import Quantity,t,"Meat of sheep, fresh or chilled",1980,191412
Import Value,1000 USD,"Meat of sheep, fresh or chilled",1980,396453
Export Quantity,t,"Meat of sheep, fresh or chilled",1980,36955
Export Value,1000 USD,"Meat of sheep, fresh or chilled",1980,129003
Import Quantity,t,"Meat of sheep, fresh or chilled",1981,158283
Import Value,1000 USD,"Meat of sheep, fresh or chilled",1981,344697
Export Quantity,t,"Meat of sheep, fresh or chilled",1981,37531
Export Value,1000 USD,"Meat of sheep, fresh or chilled",1981,137849
Import Quantity,t,"Meat of sheep, fresh or chilled",1982,222260
Import Value,1000 USD,"Meat of sheep, fresh or chilled",1982,435798
Export Quantity,t,"Meat of sheep, fresh or chilled",1982,37041
Export Value,1000 USD,"Meat of sheep, fresh or chilled",1982,124522
Import Quantity,t,"Meat of sheep, fresh or chilled",1983,161562
Import Value,1000 USD,"Meat of sheep, fresh or chilled",1983,264847
Export Quantity,t,"Meat of sheep, fresh or chilled",1983,41990
Export Value,1000 USD,"Meat of sheep, fresh or chilled",1983,124442
Import Quantity,t,"Meat of sheep, fresh or chilled",1984,160908
Import Value,1000 USD,"Meat of sheep, fresh or chilled",1984,256077
Export Quantity,t,"Meat of sheep, fresh or chilled",1984,46745
Export Value,1000 USD,"Meat of sheep, fresh or chilled",1984,120314
Import Quantity,t,"Meat of sheep, fresh or chilled",1985,145103
Import Value,1000 USD,"Meat of sheep, fresh or chilled",1985,231022
Export Quantity,t,"Meat of sheep, fresh or chilled",1985,48316
Export Value,1000 USD,"Meat of sheep, fresh or chilled",1985,121753
Import Quantity,t,"Meat of sheep, fresh or chilled",1986,135134
Import Value,1000 USD,"Meat of sheep, fresh or chilled",1986,237935
Export Quantity,t,"Meat of sheep, fresh or chilled",1986,59220
Export Value,1000 USD,"Meat of sheep, fresh or chilled",1986,185281
Import Quantity,t,"Meat of sheep, fresh or chilled",1987,132798
Import Value,1000 USD,"Meat of sheep, fresh or chilled",1987,249756
Export Quantity,t,"Meat of sheep, fresh or chilled",1987,70757
Export Value,1000 USD,"Meat of sheep, fresh or chilled",1987,246016
Import Quantity,t,"Meat of sheep, fresh or chilled",1988,120226
Import Value,1000 USD,"Meat of sheep, fresh or chilled",1988,244151
Export Quantity,t,"Meat of sheep, fresh or chilled",1988,75318
Export Value,1000 USD,"Meat of sheep, fresh or chilled",1988,302489
Import Quantity,t,"Meat of sheep, fresh or chilled",1989,111975
Import Value,1000 USD,"Meat of sheep, fresh or chilled",1989,235335
Export Quantity,t,"Meat of sheep, fresh or chilled",1989,88675
Export Value,1000 USD,"Meat of sheep, fresh or chilled",1989,311807
Import Quantity,t,"Meat of sheep, fresh or chilled",1990,130161
Import Value,1000 USD,"Meat of sheep, fresh or chilled",1990,340021
Export Quantity,t,"Meat of sheep, fresh or chilled",1990,79598
Export Value,1000 USD,"Meat of sheep, fresh or chilled",1990,317754
Import Quantity,t,"Meat of sheep, fresh or chilled",1991,101880
Import Value,1000 USD,"Meat of sheep, fresh or chilled",1991,231648
Export Quantity,t,"Meat of sheep, fresh or chilled",1991,79930
Export Value,1000 USD,"Meat of sheep, fresh or chilled",1991,308420
Import Quantity,t,"Meat of sheep, fresh or chilled",1992,108016
Import Value,1000 USD,"Meat of sheep, fresh or chilled",1992,271191
Export Quantity,t,"Meat of sheep, fresh or chilled",1992,104959
Export Value,1000 USD,"Meat of sheep, fresh or chilled",1992,376273
Import Quantity,t,"Meat of sheep, fresh or chilled",1993,106559
Import Value,1000 USD,"Meat of sheep, fresh or chilled",1993,287225
Export Quantity,t,"Meat of sheep, fresh or chilled",1993,107924
Export Value,1000 USD,"Meat of sheep, fresh or chilled",1993,352457
Import Quantity,t,"Meat of sheep, fresh or chilled",1994,107246
Import Value,1000 USD,"Meat of sheep, fresh or chilled",1994,301019
Export Quantity,t,"Meat of sheep, fresh or chilled",1994,120091
Export Value,1000 USD,"Meat of sheep, fresh or chilled",1994,404405
Import Quantity,t,"Meat of sheep, fresh or chilled",1995,126880
Import Value,1000 USD,"Meat of sheep, fresh or chilled",1995,333611
Export Quantity,t,"Meat of sheep, fresh or chilled",1995,133778
Export Value,1000 USD,"Meat of sheep, fresh or chilled",1995,424183
Import Quantity,t,"Meat of sheep, fresh or chilled",1996,132672
Import Value,1000 USD,"Meat of sheep, fresh or chilled",1996,415240
Export Quantity,t,"Meat of sheep, fresh or chilled",1996,108542
Export Value,1000 USD,"Meat of sheep, fresh or chilled",1996,421692
Import Quantity,t,"Meat of sheep, fresh or chilled",1997,123895
Import Value,1000 USD,"Meat of sheep, fresh or chilled",1997,414588
Export Quantity,t,"Meat of sheep, fresh or chilled",1997,94484
Export Value,1000 USD,"Meat of sheep, fresh or chilled",1997,366143
Import Quantity,t,"Meat of sheep, fresh or chilled",1998,114990
Import Value,1000 USD,"Meat of sheep, fresh or chilled",1998,336389
Export Quantity,t,"Meat of sheep, fresh or chilled",1998,103209
Export Value,1000 USD,"Meat of sheep, fresh or chilled",1998,343045
Import Quantity,t,"Meat of sheep, fresh or chilled",1999,113807
Import Value,1000 USD,"Meat of sheep, fresh or chilled",1999,315533
Export Quantity,t,"Meat of sheep, fresh or chilled",1999,109105
Export Value,1000 USD,"Meat of sheep, fresh or chilled",1999,333373
Import Quantity,t,"Meat of sheep, fresh or chilled",2000,108649
Import Value,1000 USD,"Meat of sheep, fresh or chilled",2000,301702
Export Quantity,t,"Meat of sheep, fresh or chilled",2000,88819
Export Value,1000 USD,"Meat of sheep, fresh or chilled",2000,273951
Import Quantity,t,"Meat of sheep, fresh or chilled",2001,93004
Import Value,1000 USD,"Meat of sheep, fresh or chilled",2001,279155
Export Quantity,t,"Meat of sheep, fresh or chilled",2001,30280
Export Value,1000 USD,"Meat of sheep, fresh or chilled",2001,111541
Import Quantity,t,"Meat of sheep, fresh or chilled",2002,101300
Import Value,1000 USD,"Meat of sheep, fresh or chilled",2002,342396
Export Quantity,t,"Meat of sheep, fresh or chilled",2002,55348
Export Value,1000 USD,"Meat of sheep, fresh or chilled",2002,194493
Import Quantity,t,"Meat of sheep, fresh or chilled",2003,111408
Import Value,1000 USD,"Meat of sheep, fresh or chilled",2003,410957
Export Quantity,t,"Meat of sheep, fresh or chilled",2003,74867
Export Value,1000 USD,"Meat of sheep, fresh or chilled",2003,307815
Import Quantity,t,"Meat of sheep, fresh or chilled",2004,115859
Import Value,1000 USD,"Meat of sheep, fresh or chilled",2004,519131
Export Quantity,t,"Meat of sheep, fresh or chilled",2004,76494
Export Value,1000 USD,"Meat of sheep, fresh or chilled",2004,344349
Import Quantity,t,"Meat of sheep, fresh or chilled",2005,109301
Import Value,1000 USD,"Meat of sheep, fresh or chilled",2005,526875
Export Quantity,t,"Meat of sheep, fresh or chilled",2005,86228
Export Value,1000 USD,"Meat of sheep, fresh or chilled",2005,391751
Import Quantity,t,"Meat of sheep, fresh or chilled",2006,113481
Import Value,1000 USD,"Meat of sheep, fresh or chilled",2006,517247
Export Quantity,t,"Meat of sheep, fresh or chilled",2006,85828
Export Value,1000 USD,"Meat of sheep, fresh or chilled",2006,422487
Import Quantity,t,"Meat of sheep, fresh or chilled",2007,113832
Import Value,1000 USD,"Meat of sheep, fresh or chilled",2007,560021
Export Quantity,t,"Meat of sheep, fresh or chilled",2007,68594
Export Value,1000 USD,"Meat of sheep, fresh or chilled",2007,363934
Import Quantity,t,"Meat of sheep, fresh or chilled",2008,111596
Import Value,1000 USD,"Meat of sheep, fresh or chilled",2008,581839
Export Quantity,t,"Meat of sheep, fresh or chilled",2008,86632
Export Value,1000 USD,"Meat of sheep, fresh or chilled",2008,481469
Import Quantity,t,"Meat of sheep, fresh or chilled",2009,115865
Import Value,1000 USD,"Meat of sheep, fresh or chilled",2009,594572
Export Quantity,t,"Meat of sheep, fresh or chilled",2009,95971
Export Value,1000 USD,"Meat of sheep, fresh or chilled",2009,492461
Import Quantity,t,"Meat of sheep, fresh or chilled",2010,100677
Import Value,1000 USD,"Meat of sheep, fresh or chilled",2010,589232
Export Quantity,t,"Meat of sheep, fresh or chilled",2010,88943
Export Value,1000 USD,"Meat of sheep, fresh or chilled",2010,494540
Import Quantity,t,"Meat of sheep, fresh or chilled",2011,88295
Import Value,1000 USD,"Meat of sheep, fresh or chilled",2011,659998
Export Quantity,t,"Meat of sheep, fresh or chilled",2011,96192
Export Value,1000 USD,"Meat of sheep, fresh or chilled",2011,598363
Import Quantity,t,"Meat of sheep, fresh or chilled",2012,86185
Import Value,1000 USD,"Meat of sheep, fresh or chilled",2012,582895
Export Quantity,t,"Meat of sheep, fresh or chilled",2012,94660
Export Value,1000 USD,"Meat of sheep, fresh or chilled",2012,558380
Import Quantity,t,"Meat of sheep, fresh or chilled",2013,98293
Import Value,1000 USD,"Meat of sheep, fresh or chilled",2013,597949
Export Quantity,t,"Meat of sheep, fresh or chilled",2013,103157
Export Value,1000 USD,"Meat of sheep, fresh or chilled",2013,596389
Import Quantity,t,"Meat of sheep, fresh or chilled",2014,90244.22
Import Value,1000 USD,"Meat of sheep, fresh or chilled",2014,657572
Export Quantity,t,"Meat of sheep, fresh or chilled",2014,100958.13
Export Value,1000 USD,"Meat of sheep, fresh or chilled",2014,620348
Import Quantity,t,"Meat of sheep, fresh or chilled",2015,90904.8
Import Value,1000 USD,"Meat of sheep, fresh or chilled",2015,588705
Export Quantity,t,"Meat of sheep, fresh or chilled",2015,78739.36
Export Value,1000 USD,"Meat of sheep, fresh or chilled",2015,457677
Import Quantity,t,"Meat of sheep, fresh or chilled",2016,87178.64
Import Value,1000 USD,"Meat of sheep, fresh or chilled",2016,461913
Export Quantity,t,"Meat of sheep, fresh or chilled",2016,77306.2
Export Value,1000 USD,"Meat of sheep, fresh or chilled",2016,436007
Import Quantity,t,"Meat of sheep, fresh or chilled",2017,75285.6
Import Value,1000 USD,"Meat of sheep, fresh or chilled",2017,457001
Export Quantity,t,"Meat of sheep, fresh or chilled",2017,89220.52
Export Value,1000 USD,"Meat of sheep, fresh or chilled",2017,492731
Import Quantity,t,"Meat of sheep, fresh or chilled",2018,73830.75
Import Value,1000 USD,"Meat of sheep, fresh or chilled",2018,483354
Export Quantity,t,"Meat of sheep, fresh or chilled",2018,82626.33
Export Value,1000 USD,"Meat of sheep, fresh or chilled",2018,486915
Import Quantity,t,"Meat of sheep, fresh or chilled",2019,60238.55
Import Value,1000 USD,"Meat of sheep, fresh or chilled",2019,383621
Export Quantity,t,"Meat of sheep, fresh or chilled",2019,94562.31
Export Value,1000 USD,"Meat of sheep, fresh or chilled",2019,502191
Import Quantity,t,"Meat of sheep, fresh or chilled",2020,58755.71
Import Value,1000 USD,"Meat of sheep, fresh or chilled",2020,405986
Export Quantity,t,"Meat of sheep, fresh or chilled",2020,88117.88
Export Value,1000 USD,"Meat of sheep, fresh or chilled",2020,564284
Import Quantity,t,"Meat of sheep, fresh or chilled",2021,47373.86
Import Value,1000 USD,"Meat of sheep, fresh or chilled",2021,363809
Export Quantity,t,"Meat of sheep, fresh or chilled",2021,69937.57
Export Value,1000 USD,"Meat of sheep, fresh or chilled",2021,602587
Import Quantity,t,"Meat of sheep, fresh or chilled",2022,54352.15
Import Value,1000 USD,"Meat of sheep, fresh or chilled",2022,422051
Export Quantity,t,"Meat of sheep, fresh or chilled",2022,75307.95
Export Value,1000 USD,"Meat of sheep, fresh or chilled",2022,609169
Import Quantity,t,"Meat of turkeys, fresh or chilled",1961,2242
Import Value,1000 USD,"Meat of turkeys, fresh or chilled",1961,2037
Export Quantity,t,"Meat of turkeys, fresh or chilled",1961,0
Export Value,1000 USD,"Meat of turkeys, fresh or chilled",1961,0
Import Quantity,t,"Meat of turkeys, fresh or chilled",1962,1633
Import Value,1000 USD,"Meat of turkeys, fresh or chilled",1962,1534
Export Quantity,t,"Meat of turkeys, fresh or chilled",1962,0
Export Value,1000 USD,"Meat of turkeys, fresh or chilled",1962,0
Import Quantity,t,"Meat of turkeys, fresh or chilled",1963,528
Import Value,1000 USD,"Meat of turkeys, fresh or chilled",1963,478
Export Quantity,t,"Meat of turkeys, fresh or chilled",1963,0
Export Value,1000 USD,"Meat of turkeys, fresh or chilled",1963,0
Import Quantity,t,"Meat of turkeys, fresh or chilled",1964,558
Import Value,1000 USD,"Meat of turkeys, fresh or chilled",1964,525
Export Quantity,t,"Meat of turkeys, fresh or chilled",1964,0
Export Value,1000 USD,"Meat of turkeys, fresh or chilled",1964,0
Import Quantity,t,"Meat of turkeys, fresh or chilled",1965,456
Import Value,1000 USD,"Meat of turkeys, fresh or chilled",1965,416
Export Quantity,t,"Meat of turkeys, fresh or chilled",1965,0
Export Value,1000 USD,"Meat of turkeys, fresh or chilled",1965,0
Import Quantity,t,"Meat of turkeys, fresh or chilled",1966,290
Import Value,1000 USD,"Meat of turkeys, fresh or chilled",1966,260
Export Quantity,t,"Meat of turkeys, fresh or chilled",1966,0
Export Value,1000 USD,"Meat of turkeys, fresh or chilled",1966,0
Import Quantity,t,"Meat of turkeys, fresh or chilled",1967,1408
Import Value,1000 USD,"Meat of turkeys, fresh or chilled",1967,1240
Export Quantity,t,"Meat of turkeys, fresh or chilled",1967,0
Export Value,1000 USD,"Meat of turkeys, fresh or chilled",1967,0
Import Quantity,t,"Meat of turkeys, fresh or chilled",1968,1123
Import Value,1000 USD,"Meat of turkeys, fresh or chilled",1968,818
Export Quantity,t,"Meat of turkeys, fresh or chilled",1968,0
Export Value,1000 USD,"Meat of turkeys, fresh or chilled",1968,0
Import Quantity,t,"Meat of turkeys, fresh or chilled",1969,204
Import Value,1000 USD,"Meat of turkeys, fresh or chilled",1969,154
Export Quantity,t,"Meat of turkeys, fresh or chilled",1969,0
Export Value,1000 USD,"Meat of turkeys, fresh or chilled",1969,0
Import Quantity,t,"Meat of turkeys, fresh or chilled",1970,1095
Import Value,1000 USD,"Meat of turkeys, fresh or chilled",1970,871
Export Quantity,t,"Meat of turkeys, fresh or chilled",1970,765
Export Value,1000 USD,"Meat of turkeys, fresh or chilled",1970,544
Import Quantity,t,"Meat of turkeys, fresh or chilled",1971,2751
Import Value,1000 USD,"Meat of turkeys, fresh or chilled",1971,2468
Export Quantity,t,"Meat of turkeys, fresh or chilled",1971,500
Export Value,1000 USD,"Meat of turkeys, fresh or chilled",1971,514
Import Quantity,t,"Meat of turkeys, fresh or chilled",1972,1257
Import Value,1000 USD,"Meat of turkeys, fresh or chilled",1972,1269
Export Quantity,t,"Meat of turkeys, fresh or chilled",1972,369
Export Value,1000 USD,"Meat of turkeys, fresh or chilled",1972,340
Import Quantity,t,"Meat of turkeys, fresh or chilled",1973,111
Import Value,1000 USD,"Meat of turkeys, fresh or chilled",1973,194
Export Quantity,t,"Meat of turkeys, fresh or chilled",1973,18
Export Value,1000 USD,"Meat of turkeys, fresh or chilled",1973,21
Import Quantity,t,"Meat of turkeys, fresh or chilled",1974,119
Import Value,1000 USD,"Meat of turkeys, fresh or chilled",1974,308
Export Quantity,t,"Meat of turkeys, fresh or chilled",1974,363
Export Value,1000 USD,"Meat of turkeys, fresh or chilled",1974,501
Import Quantity,t,"Meat of turkeys, fresh or chilled",1975,1843
Import Value,1000 USD,"Meat of turkeys, fresh or chilled",1975,2894
Export Quantity,t,"Meat of turkeys, fresh or chilled",1975,913
Export Value,1000 USD,"Meat of turkeys, fresh or chilled",1975,917
Import Quantity,t,"Meat of turkeys, fresh or chilled",1976,1608
Import Value,1000 USD,"Meat of turkeys, fresh or chilled",1976,1945
Export Quantity,t,"Meat of turkeys, fresh or chilled",1976,3909
Export Value,1000 USD,"Meat of turkeys, fresh or chilled",1976,6054
Import Quantity,t,"Meat of turkeys, fresh or chilled",1977,894
Import Value,1000 USD,"Meat of turkeys, fresh or chilled",1977,1180
Export Quantity,t,"Meat of turkeys, fresh or chilled",1977,4057
Export Value,1000 USD,"Meat of turkeys, fresh or chilled",1977,6806
Import Quantity,t,"Meat of turkeys, fresh or chilled",1978,237
Import Value,1000 USD,"Meat of turkeys, fresh or chilled",1978,511
Export Quantity,t,"Meat of turkeys, fresh or chilled",1978,8028
Export Value,1000 USD,"Meat of turkeys, fresh or chilled",1978,15331
Import Quantity,t,"Meat of turkeys, fresh or chilled",1979,2953
Import Value,1000 USD,"Meat of turkeys, fresh or chilled",1979,5596
Export Quantity,t,"Meat of turkeys, fresh or chilled",1979,4089
Export Value,1000 USD,"Meat of turkeys, fresh or chilled",1979,8947
Import Quantity,t,"Meat of turkeys, fresh or chilled",1980,4737
Import Value,1000 USD,"Meat of turkeys, fresh or chilled",1980,10390
Export Quantity,t,"Meat of turkeys, fresh or chilled",1980,1736
Export Value,1000 USD,"Meat of turkeys, fresh or chilled",1980,4076
Import Quantity,t,"Meat of turkeys, fresh or chilled",1981,1252
Import Value,1000 USD,"Meat of turkeys, fresh or chilled",1981,2280
Export Quantity,t,"Meat of turkeys, fresh or chilled",1981,2659
Export Value,1000 USD,"Meat of turkeys, fresh or chilled",1981,4127
Import Quantity,t,"Meat of turkeys, fresh or chilled",1982,3112
Import Value,1000 USD,"Meat of turkeys, fresh or chilled",1982,7113
Export Quantity,t,"Meat of turkeys, fresh or chilled",1982,3671
Export Value,1000 USD,"Meat of turkeys, fresh or chilled",1982,5491
Import Quantity,t,"Meat of turkeys, fresh or chilled",1983,4235
Import Value,1000 USD,"Meat of turkeys, fresh or chilled",1983,9393
Export Quantity,t,"Meat of turkeys, fresh or chilled",1983,5808
Export Value,1000 USD,"Meat of turkeys, fresh or chilled",1983,8105
Import Quantity,t,"Meat of turkeys, fresh or chilled",1984,5695
Import Value,1000 USD,"Meat of turkeys, fresh or chilled",1984,10380
Export Quantity,t,"Meat of turkeys, fresh or chilled",1984,9415
Export Value,1000 USD,"Meat of turkeys, fresh or chilled",1984,13916
Import Quantity,t,"Meat of turkeys, fresh or chilled",1985,5577
Import Value,1000 USD,"Meat of turkeys, fresh or chilled",1985,11254
Export Quantity,t,"Meat of turkeys, fresh or chilled",1985,12362
Export Value,1000 USD,"Meat of turkeys, fresh or chilled",1985,23964
Import Quantity,t,"Meat of turkeys, fresh or chilled",1986,7108
Import Value,1000 USD,"Meat of turkeys, fresh or chilled",1986,17368
Export Quantity,t,"Meat of turkeys, fresh or chilled",1986,15011
Export Value,1000 USD,"Meat of turkeys, fresh or chilled",1986,28848
Import Quantity,t,"Meat of turkeys, fresh or chilled",1987,8075
Import Value,1000 USD,"Meat of turkeys, fresh or chilled",1987,20934
Export Quantity,t,"Meat of turkeys, fresh or chilled",1987,21446
Export Value,1000 USD,"Meat of turkeys, fresh or chilled",1987,45186
Import Quantity,t,"Meat of turkeys, fresh or chilled",1988,8231
Import Value,1000 USD,"Meat of turkeys, fresh or chilled",1988,21930
Export Quantity,t,"Meat of turkeys, fresh or chilled",1988,30208
Export Value,1000 USD,"Meat of turkeys, fresh or chilled",1988,62829
Import Quantity,t,"Meat of turkeys, fresh or chilled",1989,9486
Import Value,1000 USD,"Meat of turkeys, fresh or chilled",1989,22413
Export Quantity,t,"Meat of turkeys, fresh or chilled",1989,32915
Export Value,1000 USD,"Meat of turkeys, fresh or chilled",1989,72924
Import Quantity,t,"Meat of turkeys, fresh or chilled",1990,21045
Import Value,1000 USD,"Meat of turkeys, fresh or chilled",1990,57253
Export Quantity,t,"Meat of turkeys, fresh or chilled",1990,29640
Export Value,1000 USD,"Meat of turkeys, fresh or chilled",1990,66703
Import Quantity,t,"Meat of turkeys, fresh or chilled",1991,22438
Import Value,1000 USD,"Meat of turkeys, fresh or chilled",1991,61216
Export Quantity,t,"Meat of turkeys, fresh or chilled",1991,38560
Export Value,1000 USD,"Meat of turkeys, fresh or chilled",1991,92369
Import Quantity,t,"Meat of turkeys, fresh or chilled",1992,19960
Import Value,1000 USD,"Meat of turkeys, fresh or chilled",1992,53385
Export Quantity,t,"Meat of turkeys, fresh or chilled",1992,38268
Export Value,1000 USD,"Meat of turkeys, fresh or chilled",1992,102477
Import Quantity,t,"Meat of turkeys, fresh or chilled",1993,19331
Import Value,1000 USD,"Meat of turkeys, fresh or chilled",1993,52929
Export Quantity,t,"Meat of turkeys, fresh or chilled",1993,31660
Export Value,1000 USD,"Meat of turkeys, fresh or chilled",1993,56029
Import Quantity,t,"Meat of turkeys, fresh or chilled",1994,28580
Import Value,1000 USD,"Meat of turkeys, fresh or chilled",1994,83827
Export Quantity,t,"Meat of turkeys, fresh or chilled",1994,32862
Export Value,1000 USD,"Meat of turkeys, fresh or chilled",1994,53371
Import Quantity,t,"Meat of turkeys, fresh or chilled",1995,29650
Import Value,1000 USD,"Meat of turkeys, fresh or chilled",1995,84043
Export Quantity,t,"Meat of turkeys, fresh or chilled",1995,47514
Export Value,1000 USD,"Meat of turkeys, fresh or chilled",1995,81388
Import Quantity,t,"Meat of turkeys, fresh or chilled",1996,40363
Import Value,1000 USD,"Meat of turkeys, fresh or chilled",1996,110799
Export Quantity,t,"Meat of turkeys, fresh or chilled",1996,45516
Export Value,1000 USD,"Meat of turkeys, fresh or chilled",1996,84184
Import Quantity,t,"Meat of turkeys, fresh or chilled",1997,34320
Import Value,1000 USD,"Meat of turkeys, fresh or chilled",1997,101033
Export Quantity,t,"Meat of turkeys, fresh or chilled",1997,64674
Export Value,1000 USD,"Meat of turkeys, fresh or chilled",1997,107438
Import Quantity,t,"Meat of turkeys, fresh or chilled",1998,31229
Import Value,1000 USD,"Meat of turkeys, fresh or chilled",1998,98795
Export Quantity,t,"Meat of turkeys, fresh or chilled",1998,55935
Export Value,1000 USD,"Meat of turkeys, fresh or chilled",1998,86706
Import Quantity,t,"Meat of turkeys, fresh or chilled",1999,28481
Import Value,1000 USD,"Meat of turkeys, fresh or chilled",1999,96173
Export Quantity,t,"Meat of turkeys, fresh or chilled",1999,47731
Export Value,1000 USD,"Meat of turkeys, fresh or chilled",1999,52380
Import Quantity,t,"Meat of turkeys, fresh or chilled",2000,17801
Import Value,1000 USD,"Meat of turkeys, fresh or chilled",2000,59404
Export Quantity,t,"Meat of turkeys, fresh or chilled",2000,39430
Export Value,1000 USD,"Meat of turkeys, fresh or chilled",2000,47621
Import Quantity,t,"Meat of turkeys, fresh or chilled",2001,17603
Import Value,1000 USD,"Meat of turkeys, fresh or chilled",2001,53956
Export Quantity,t,"Meat of turkeys, fresh or chilled",2001,34941
Export Value,1000 USD,"Meat of turkeys, fresh or chilled",2001,53857
Import Quantity,t,"Meat of turkeys, fresh or chilled",2002,23812
Import Value,1000 USD,"Meat of turkeys, fresh or chilled",2002,77519
Export Quantity,t,"Meat of turkeys, fresh or chilled",2002,31686
Export Value,1000 USD,"Meat of turkeys, fresh or chilled",2002,35834
Import Quantity,t,"Meat of turkeys, fresh or chilled",2003,28563
Import Value,1000 USD,"Meat of turkeys, fresh or chilled",2003,113310
Export Quantity,t,"Meat of turkeys, fresh or chilled",2003,34668
Export Value,1000 USD,"Meat of turkeys, fresh or chilled",2003,42044
Import Quantity,t,"Meat of turkeys, fresh or chilled",2004,28617
Import Value,1000 USD,"Meat of turkeys, fresh or chilled",2004,113237
Export Quantity,t,"Meat of turkeys, fresh or chilled",2004,41443
Export Value,1000 USD,"Meat of turkeys, fresh or chilled",2004,56260
Import Quantity,t,"Meat of turkeys, fresh or chilled",2005,25926
Import Value,1000 USD,"Meat of turkeys, fresh or chilled",2005,96604
Export Quantity,t,"Meat of turkeys, fresh or chilled",2005,45074
Export Value,1000 USD,"Meat of turkeys, fresh or chilled",2005,62902
Import Quantity,t,"Meat of turkeys, fresh or chilled",2006,44797
Import Value,1000 USD,"Meat of turkeys, fresh or chilled",2006,117481
Export Quantity,t,"Meat of turkeys, fresh or chilled",2006,45752
Export Value,1000 USD,"Meat of turkeys, fresh or chilled",2006,44389
Import Quantity,t,"Meat of turkeys, fresh or chilled",2007,26865
Import Value,1000 USD,"Meat of turkeys, fresh or chilled",2007,139218
Export Quantity,t,"Meat of turkeys, fresh or chilled",2007,42238
Export Value,1000 USD,"Meat of turkeys, fresh or chilled",2007,77360
Import Quantity,t,"Meat of turkeys, fresh or chilled",2008,23160
Import Value,1000 USD,"Meat of turkeys, fresh or chilled",2008,111453
Export Quantity,t,"Meat of turkeys, fresh or chilled",2008,36484
Export Value,1000 USD,"Meat of turkeys, fresh or chilled",2008,67285
Import Quantity,t,"Meat of turkeys, fresh or chilled",2009,23067
Import Value,1000 USD,"Meat of turkeys, fresh or chilled",2009,93508
Export Quantity,t,"Meat of turkeys, fresh or chilled",2009,30177
Export Value,1000 USD,"Meat of turkeys, fresh or chilled",2009,60302
Import Quantity,t,"Meat of turkeys, fresh or chilled",2010,24095
Import Value,1000 USD,"Meat of turkeys, fresh or chilled",2010,104442
Export Quantity,t,"Meat of turkeys, fresh or chilled",2010,27253
Export Value,1000 USD,"Meat of turkeys, fresh or chilled",2010,59768
Import Quantity,t,"Meat of turkeys, fresh or chilled",2011,26207
Import Value,1000 USD,"Meat of turkeys, fresh or chilled",2011,139818
Export Quantity,t,"Meat of turkeys, fresh or chilled",2011,35550
Export Value,1000 USD,"Meat of turkeys, fresh or chilled",2011,85076
Import Quantity,t,"Meat of turkeys, fresh or chilled",2012,29289
Import Value,1000 USD,"Meat of turkeys, fresh or chilled",2012,121222
Export Quantity,t,"Meat of turkeys, fresh or chilled",2012,46554
Export Value,1000 USD,"Meat of turkeys, fresh or chilled",2012,95368
Import Quantity,t,"Meat of turkeys, fresh or chilled",2013,28406
Import Value,1000 USD,"Meat of turkeys, fresh or chilled",2013,130948
Export Quantity,t,"Meat of turkeys, fresh or chilled",2013,54260
Export Value,1000 USD,"Meat of turkeys, fresh or chilled",2013,110111
Import Quantity,t,"Meat of turkeys, fresh or chilled",2014,31832.13
Import Value,1000 USD,"Meat of turkeys, fresh or chilled",2014,152770
Export Quantity,t,"Meat of turkeys, fresh or chilled",2014,41874.3
Export Value,1000 USD,"Meat of turkeys, fresh or chilled",2014,80134
Import Quantity,t,"Meat of turkeys, fresh or chilled",2015,32819.58
Import Value,1000 USD,"Meat of turkeys, fresh or chilled",2015,143680
Export Quantity,t,"Meat of turkeys, fresh or chilled",2015,29775.22
Export Value,1000 USD,"Meat of turkeys, fresh or chilled",2015,56574
Import Quantity,t,"Meat of turkeys, fresh or chilled",2016,35398.78
Import Value,1000 USD,"Meat of turkeys, fresh or chilled",2016,137886
Export Quantity,t,"Meat of turkeys, fresh or chilled",2016,28684.29
Export Value,1000 USD,"Meat of turkeys, fresh or chilled",2016,40488
Import Quantity,t,"Meat of turkeys, fresh or chilled",2017,41091.54
Import Value,1000 USD,"Meat of turkeys, fresh or chilled",2017,155303
Export Quantity,t,"Meat of turkeys, fresh or chilled",2017,26988.24
Export Value,1000 USD,"Meat of turkeys, fresh or chilled",2017,45948
Import Quantity,t,"Meat of turkeys, fresh or chilled",2018,40984.64
Import Value,1000 USD,"Meat of turkeys, fresh or chilled",2018,148027
Export Quantity,t,"Meat of turkeys, fresh or chilled",2018,23709.08
Export Value,1000 USD,"Meat of turkeys, fresh or chilled",2018,39724
Import Quantity,t,"Meat of turkeys, fresh or chilled",2019,33154.21
Import Value,1000 USD,"Meat of turkeys, fresh or chilled",2019,142227
Export Quantity,t,"Meat of turkeys, fresh or chilled",2019,22238.28
Export Value,1000 USD,"Meat of turkeys, fresh or chilled",2019,33677
Import Quantity,t,"Meat of turkeys, fresh or chilled",2020,25316.35
Import Value,1000 USD,"Meat of turkeys, fresh or chilled",2020,81964
Export Quantity,t,"Meat of turkeys, fresh or chilled",2020,15680.97
Export Value,1000 USD,"Meat of turkeys, fresh or chilled",2020,23359
Import Quantity,t,"Meat of turkeys, fresh or chilled",2021,23746.22
Import Value,1000 USD,"Meat of turkeys, fresh or chilled",2021,93867
Export Quantity,t,"Meat of turkeys, fresh or chilled",2021,11468.44
Export Value,1000 USD,"Meat of turkeys, fresh or chilled",2021,15065
Import Quantity,t,"Meat of turkeys, fresh or chilled",2022,24007.08
Import Value,1000 USD,"Meat of turkeys, fresh or chilled",2022,128647
Export Quantity,t,"Meat of turkeys, fresh or chilled",2022,9091
Export Value,1000 USD,"Meat of turkeys, fresh or chilled",2022,15447
Import Quantity,t,Millet,1961,10637
Import Value,1000 USD,Millet,1961,1478
Export Quantity,t,Millet,1961,52
Export Value,1000 USD,Millet,1961,6
Import Quantity,t,Millet,1962,26404
Import Value,1000 USD,Millet,1962,2166
Export Quantity,t,Millet,1962,6
Export Value,1000 USD,Millet,1962,1
Import Quantity,t,Millet,1963,12398
Import Value,1000 USD,Millet,1963,1206
Export Quantity,t,Millet,1963,16
Export Value,1000 USD,Millet,1963,2
Import Quantity,t,Millet,1964,24771
Import Value,1000 USD,Millet,1964,1863
Export Quantity,t,Millet,1964,22
Export Value,1000 USD,Millet,1964,3
Import Quantity,t,Millet,1965,20659
Import Value,1000 USD,Millet,1965,1765
Export Quantity,t,Millet,1965,3
Export Value,1000 USD,Millet,1965,0
Import Quantity,t,Millet,1966,7981
Import Value,1000 USD,Millet,1966,1085
Export Quantity,t,Millet,1966,4
Export Value,1000 USD,Millet,1966,1
Import Quantity,t,Millet,1967,8490
Import Value,1000 USD,Millet,1967,1075
Export Quantity,t,Millet,1967,2
Export Value,1000 USD,Millet,1967,0
Import Quantity,t,Millet,1968,12962
Import Value,1000 USD,Millet,1968,1413
Export Quantity,t,Millet,1968,0
Export Value,1000 USD,Millet,1968,0
Import Quantity,t,Millet,1969,13541
Import Value,1000 USD,Millet,1969,1276
Export Quantity,t,Millet,1969,0
Export Value,1000 USD,Millet,1969,0
Import Quantity,t,Millet,1970,8145
Import Value,1000 USD,Millet,1970,1099
Export Quantity,t,Millet,1970,10
Export Value,1000 USD,Millet,1970,4
Import Quantity,t,Millet,1971,9057
Import Value,1000 USD,Millet,1971,1134
Export Quantity,t,Millet,1971,59
Export Value,1000 USD,Millet,1971,22
Import Quantity,t,Millet,1972,11989
Import Value,1000 USD,Millet,1972,1784
Export Quantity,t,Millet,1972,6
Export Value,1000 USD,Millet,1972,2
Import Quantity,t,Millet,1973,14689
Import Value,1000 USD,Millet,1973,3293
Export Quantity,t,Millet,1973,25
Export Value,1000 USD,Millet,1973,8
Import Quantity,t,Millet,1974,10476
Import Value,1000 USD,Millet,1974,3010
Export Quantity,t,Millet,1974,30
Export Value,1000 USD,Millet,1974,16
Import Quantity,t,Millet,1975,11993
Import Value,1000 USD,Millet,1975,2680
Export Quantity,t,Millet,1975,3
Export Value,1000 USD,Millet,1975,1
Import Quantity,t,Millet,1976,11450
Import Value,1000 USD,Millet,1976,2393
Export Quantity,t,Millet,1976,30
Export Value,1000 USD,Millet,1976,14
Import Quantity,t,Millet,1977,12363
Import Value,1000 USD,Millet,1977,2835
Export Quantity,t,Millet,1977,94
Export Value,1000 USD,Millet,1977,110
Import Quantity,t,Millet,1978,13014
Import Value,1000 USD,Millet,1978,3224
Export Quantity,t,Millet,1978,102
Export Value,1000 USD,Millet,1978,223
Import Quantity,t,Millet,1979,13878
Import Value,1000 USD,Millet,1979,4093
Export Quantity,t,Millet,1979,204
Export Value,1000 USD,Millet,1979,647
Import Quantity,t,Millet,1980,11987
Import Value,1000 USD,Millet,1980,4642
Export Quantity,t,Millet,1980,276
Export Value,1000 USD,Millet,1980,932
Import Quantity,t,Millet,1981,12504
Import Value,1000 USD,Millet,1981,4758
Export Quantity,t,Millet,1981,180
Export Value,1000 USD,Millet,1981,454
Import Quantity,t,Millet,1982,11240
Import Value,1000 USD,Millet,1982,3570
Export Quantity,t,Millet,1982,100
Export Value,1000 USD,Millet,1982,361
Import Quantity,t,Millet,1983,12170
Import Value,1000 USD,Millet,1983,3590
Export Quantity,t,Millet,1983,138
Export Value,1000 USD,Millet,1983,423
Import Quantity,t,Millet,1984,13646
Import Value,1000 USD,Millet,1984,4358
Export Quantity,t,Millet,1984,155
Export Value,1000 USD,Millet,1984,327
Import Quantity,t,Millet,1985,12873
Import Value,1000 USD,Millet,1985,3712
Export Quantity,t,Millet,1985,99
Export Value,1000 USD,Millet,1985,354
Import Quantity,t,Millet,1986,14229
Import Value,1000 USD,Millet,1986,3171
Export Quantity,t,Millet,1986,101
Export Value,1000 USD,Millet,1986,209
Import Quantity,t,Millet,1987,14215
Import Value,1000 USD,Millet,1987,3177
Export Quantity,t,Millet,1987,15
Export Value,1000 USD,Millet,1987,14
Import Quantity,t,Millet,1988,16968
Import Value,1000 USD,Millet,1988,4835
Export Quantity,t,Millet,1988,64
Export Value,1000 USD,Millet,1988,36
Import Quantity,t,Millet,1989,14073
Import Value,1000 USD,Millet,1989,4658
Export Quantity,t,Millet,1989,37
Export Value,1000 USD,Millet,1989,32
Import Quantity,t,Millet,1990,14852
Import Value,1000 USD,Millet,1990,4399
Export Quantity,t,Millet,1990,33
Export Value,1000 USD,Millet,1990,13
Import Quantity,t,Millet,1991,13505
Import Value,1000 USD,Millet,1991,3742
Export Quantity,t,Millet,1991,11
Export Value,1000 USD,Millet,1991,26
Import Quantity,t,Millet,1992,8928
Import Value,1000 USD,Millet,1992,3411
Export Quantity,t,Millet,1992,0
Export Value,1000 USD,Millet,1992,0
Import Quantity,t,Millet,1993,9557
Import Value,1000 USD,Millet,1993,3423
Export Quantity,t,Millet,1993,109
Export Value,1000 USD,Millet,1993,56
Import Quantity,t,Millet,1994,10675
Import Value,1000 USD,Millet,1994,3601
Export Quantity,t,Millet,1994,314
Export Value,1000 USD,Millet,1994,143
Import Quantity,t,Millet,1995,12145
Import Value,1000 USD,Millet,1995,3860
Export Quantity,t,Millet,1995,55
Export Value,1000 USD,Millet,1995,46
Import Quantity,t,Millet,1996,15037
Import Value,1000 USD,Millet,1996,4680
Export Quantity,t,Millet,1996,46
Export Value,1000 USD,Millet,1996,46
Import Quantity,t,Millet,1997,16270
Import Value,1000 USD,Millet,1997,4661
Export Quantity,t,Millet,1997,96
Export Value,1000 USD,Millet,1997,128
Import Quantity,t,Millet,1998,15357
Import Value,1000 USD,Millet,1998,4102
Export Quantity,t,Millet,1998,40
Export Value,1000 USD,Millet,1998,48
Import Quantity,t,Millet,1999,13399
Import Value,1000 USD,Millet,1999,3301
Export Quantity,t,Millet,1999,73
Export Value,1000 USD,Millet,1999,128
Import Quantity,t,Millet,2000,16204
Import Value,1000 USD,Millet,2000,3556
Export Quantity,t,Millet,2000,49
Export Value,1000 USD,Millet,2000,47
Import Quantity,t,Millet,2001,14112
Import Value,1000 USD,Millet,2001,3137
Export Quantity,t,Millet,2001,107
Export Value,1000 USD,Millet,2001,125
Import Quantity,t,Millet,2002,15803
Import Value,1000 USD,Millet,2002,3729
Export Quantity,t,Millet,2002,52
Export Value,1000 USD,Millet,2002,190
Import Quantity,t,Millet,2003,17156
Import Value,1000 USD,Millet,2003,5473
Export Quantity,t,Millet,2003,252
Export Value,1000 USD,Millet,2003,340
Import Quantity,t,Millet,2004,20183
Import Value,1000 USD,Millet,2004,5499
Export Quantity,t,Millet,2004,24
Export Value,1000 USD,Millet,2004,39
Import Quantity,t,Millet,2005,16980
Import Value,1000 USD,Millet,2005,4770
Export Quantity,t,Millet,2005,92
Export Value,1000 USD,Millet,2005,91
Import Quantity,t,Millet,2006,15421
Import Value,1000 USD,Millet,2006,5460
Export Quantity,t,Millet,2006,28
Export Value,1000 USD,Millet,2006,36
Import Quantity,t,Millet,2007,16523
Import Value,1000 USD,Millet,2007,6307
Export Quantity,t,Millet,2007,210
Export Value,1000 USD,Millet,2007,174
Import Quantity,t,Millet,2008,17764
Import Value,1000 USD,Millet,2008,8639
Export Quantity,t,Millet,2008,56
Export Value,1000 USD,Millet,2008,55
Import Quantity,t,Millet,2009,13275
Import Value,1000 USD,Millet,2009,6528
Export Quantity,t,Millet,2009,77
Export Value,1000 USD,Millet,2009,92
Import Quantity,t,Millet,2010,11972
Import Value,1000 USD,Millet,2010,5681
Export Quantity,t,Millet,2010,213
Export Value,1000 USD,Millet,2010,156
Import Quantity,t,Millet,2011,15380
Import Value,1000 USD,Millet,2011,8263
Export Quantity,t,Millet,2011,58
Export Value,1000 USD,Millet,2011,106
Import Quantity,t,Millet,2012,14068
Import Value,1000 USD,Millet,2012,7344
Export Quantity,t,Millet,2012,38
Export Value,1000 USD,Millet,2012,73
Import Quantity,t,Millet,2013,16022
Import Value,1000 USD,Millet,2013,8031
Export Quantity,t,Millet,2013,61
Export Value,1000 USD,Millet,2013,94
Import Quantity,t,Millet,2014,16489.28
Import Value,1000 USD,Millet,2014,8968
Export Quantity,t,Millet,2014,32.01
Export Value,1000 USD,Millet,2014,111
Import Quantity,t,Millet,2015,15533.27
Import Value,1000 USD,Millet,2015,8181
Export Quantity,t,Millet,2015,65.2
Export Value,1000 USD,Millet,2015,129
Import Quantity,t,Millet,2016,15345.57
Import Value,1000 USD,Millet,2016,6655
Export Quantity,t,Millet,2016,44.87
Export Value,1000 USD,Millet,2016,89
Import Quantity,t,Millet,2017,13761.57
Import Value,1000 USD,Millet,2017,5700
Export Quantity,t,Millet,2017,27.79
Export Value,1000 USD,Millet,2017,106
Import Quantity,t,Millet,2018,15630.18
Import Value,1000 USD,Millet,2018,6785
Export Quantity,t,Millet,2018,45.93
Export Value,1000 USD,Millet,2018,56
Import Quantity,t,Millet,2019,14370.94
Import Value,1000 USD,Millet,2019,7841
Export Quantity,t,Millet,2019,57.87
Export Value,1000 USD,Millet,2019,112
Import Quantity,t,Millet,2020,25536.48
Import Value,1000 USD,Millet,2020,11470
Export Quantity,t,Millet,2020,241.58
Export Value,1000 USD,Millet,2020,232
Import Quantity,t,Millet,2021,9436.43
Import Value,1000 USD,Millet,2021,5696
Export Quantity,t,Millet,2021,67.68
Export Value,1000 USD,Millet,2021,179
Import Quantity,t,Millet,2022,13662.6
Import Value,1000 USD,Millet,2022,9129
Export Quantity,t,Millet,2022,85.79
Export Value,1000 USD,Millet,2022,182
Import Quantity,t,Mustard seed,1961,0
Import Value,1000 USD,Mustard seed,1961,0
Export Quantity,t,Mustard seed,1961,0
Export Value,1000 USD,Mustard seed,1961,0
Import Quantity,t,Mustard seed,1962,0
Import Value,1000 USD,Mustard seed,1962,0
Export Quantity,t,Mustard seed,1962,0
Export Value,1000 USD,Mustard seed,1962,0
Import Quantity,t,Mustard seed,1963,0
Import Value,1000 USD,Mustard seed,1963,0
Export Quantity,t,Mustard seed,1963,0
Export Value,1000 USD,Mustard seed,1963,0
Import Quantity,t,Mustard seed,1964,0
Import Value,1000 USD,Mustard seed,1964,0
Export Quantity,t,Mustard seed,1964,0
Export Value,1000 USD,Mustard seed,1964,0
Import Quantity,t,Mustard seed,1965,0
Import Value,1000 USD,Mustard seed,1965,0
Export Quantity,t,Mustard seed,1965,0
Export Value,1000 USD,Mustard seed,1965,0
Import Quantity,t,Mustard seed,1966,0
Import Value,1000 USD,Mustard seed,1966,0
Export Quantity,t,Mustard seed,1966,0
Export Value,1000 USD,Mustard seed,1966,0
Import Quantity,t,Mustard seed,1967,0
Import Value,1000 USD,Mustard seed,1967,0
Export Quantity,t,Mustard seed,1967,0
Export Value,1000 USD,Mustard seed,1967,0
Import Quantity,t,Mustard seed,1968,0
Import Value,1000 USD,Mustard seed,1968,0
Export Quantity,t,Mustard seed,1968,0
Export Value,1000 USD,Mustard seed,1968,0
Import Quantity,t,Mustard seed,1969,0
Import Value,1000 USD,Mustard seed,1969,0
Export Quantity,t,Mustard seed,1969,0
Export Value,1000 USD,Mustard seed,1969,0
Import Quantity,t,Mustard seed,1970,1389
Import Value,1000 USD,Mustard seed,1970,163
Export Quantity,t,Mustard seed,1970,0
Export Value,1000 USD,Mustard seed,1970,0
Import Quantity,t,Mustard seed,1971,42
Import Value,1000 USD,Mustard seed,1971,10
Export Quantity,t,Mustard seed,1971,0
Export Value,1000 USD,Mustard seed,1971,0
Import Quantity,t,Mustard seed,1972,1893
Import Value,1000 USD,Mustard seed,1972,280
Export Quantity,t,Mustard seed,1972,0
Export Value,1000 USD,Mustard seed,1972,0
Import Quantity,t,Mustard seed,1973,165
Import Value,1000 USD,Mustard seed,1973,47
Export Quantity,t,Mustard seed,1973,2140
Export Value,1000 USD,Mustard seed,1973,655
Import Quantity,t,Mustard seed,1974,1467
Import Value,1000 USD,Mustard seed,1974,599
Export Quantity,t,Mustard seed,1974,3224
Export Value,1000 USD,Mustard seed,1974,1111
Import Quantity,t,Mustard seed,1975,2514
Import Value,1000 USD,Mustard seed,1975,1062
Export Quantity,t,Mustard seed,1975,1550
Export Value,1000 USD,Mustard seed,1975,507
Import Quantity,t,Mustard seed,1976,1175
Import Value,1000 USD,Mustard seed,1976,307
Export Quantity,t,Mustard seed,1976,1082
Export Value,1000 USD,Mustard seed,1976,340
Import Quantity,t,Mustard seed,1977,2710
Import Value,1000 USD,Mustard seed,1977,1117
Export Quantity,t,Mustard seed,1977,348
Export Value,1000 USD,Mustard seed,1977,129
Import Quantity,t,Mustard seed,1978,972
Import Value,1000 USD,Mustard seed,1978,442
Export Quantity,t,Mustard seed,1978,567
Export Value,1000 USD,Mustard seed,1978,276
Import Quantity,t,Mustard seed,1979,465
Import Value,1000 USD,Mustard seed,1979,225
Export Quantity,t,Mustard seed,1979,427
Export Value,1000 USD,Mustard seed,1979,223
Import Quantity,t,Mustard seed,1980,189
Import Value,1000 USD,Mustard seed,1980,93
Export Quantity,t,Mustard seed,1980,1111
Export Value,1000 USD,Mustard seed,1980,598
Import Quantity,t,Mustard seed,1981,93
Import Value,1000 USD,Mustard seed,1981,47
Export Quantity,t,Mustard seed,1981,671
Export Value,1000 USD,Mustard seed,1981,282
Import Quantity,t,Mustard seed,1982,1238
Import Value,1000 USD,Mustard seed,1982,545
Export Quantity,t,Mustard seed,1982,99
Export Value,1000 USD,Mustard seed,1982,61
Import Quantity,t,Mustard seed,1983,844
Import Value,1000 USD,Mustard seed,1983,332
Export Quantity,t,Mustard seed,1983,228
Export Value,1000 USD,Mustard seed,1983,95
Import Quantity,t,Mustard seed,1984,1102
Import Value,1000 USD,Mustard seed,1984,511
Export Quantity,t,Mustard seed,1984,523
Export Value,1000 USD,Mustard seed,1984,214
Import Quantity,t,Mustard seed,1985,1216
Import Value,1000 USD,Mustard seed,1985,529
Export Quantity,t,Mustard seed,1985,330
Export Value,1000 USD,Mustard seed,1985,128
Import Quantity,t,Mustard seed,1986,348
Import Value,1000 USD,Mustard seed,1986,171
Export Quantity,t,Mustard seed,1986,426
Export Value,1000 USD,Mustard seed,1986,116
Import Quantity,t,Mustard seed,1987,724
Import Value,1000 USD,Mustard seed,1987,226
Export Quantity,t,Mustard seed,1987,346
Export Value,1000 USD,Mustard seed,1987,141
Import Quantity,t,Mustard seed,1988,971
Import Value,1000 USD,Mustard seed,1988,353
Export Quantity,t,Mustard seed,1988,308
Export Value,1000 USD,Mustard seed,1988,138
Import Quantity,t,Mustard seed,1989,1290
Import Value,1000 USD,Mustard seed,1989,573
Export Quantity,t,Mustard seed,1989,229
Export Value,1000 USD,Mustard seed,1989,140
Import Quantity,t,Mustard seed,1990,999
Import Value,1000 USD,Mustard seed,1990,476
Export Quantity,t,Mustard seed,1990,217
Export Value,1000 USD,Mustard seed,1990,211
Import Quantity,t,Mustard seed,1991,1030
Import Value,1000 USD,Mustard seed,1991,424
Export Quantity,t,Mustard seed,1991,157
Export Value,1000 USD,Mustard seed,1991,112
Import Quantity,t,Mustard seed,1992,1968
Import Value,1000 USD,Mustard seed,1992,974
Export Quantity,t,Mustard seed,1992,164
Export Value,1000 USD,Mustard seed,1992,130
Import Quantity,t,Mustard seed,1993,1090
Import Value,1000 USD,Mustard seed,1993,505
Export Quantity,t,Mustard seed,1993,43
Export Value,1000 USD,Mustard seed,1993,42
Import Quantity,t,Mustard seed,1994,864
Import Value,1000 USD,Mustard seed,1994,474
Export Quantity,t,Mustard seed,1994,53
Export Value,1000 USD,Mustard seed,1994,51
Import Quantity,t,Mustard seed,1995,2004
Import Value,1000 USD,Mustard seed,1995,929
Export Quantity,t,Mustard seed,1995,15
Export Value,1000 USD,Mustard seed,1995,29
Import Quantity,t,Mustard seed,1996,2479
Import Value,1000 USD,Mustard seed,1996,1394
Export Quantity,t,Mustard seed,1996,32
Export Value,1000 USD,Mustard seed,1996,77
Import Quantity,t,Mustard seed,1997,1812
Import Value,1000 USD,Mustard seed,1997,1234
Export Quantity,t,Mustard seed,1997,193
Export Value,1000 USD,Mustard seed,1997,194
Import Quantity,t,Mustard seed,1998,2416
Import Value,1000 USD,Mustard seed,1998,1808
Export Quantity,t,Mustard seed,1998,122
Export Value,1000 USD,Mustard seed,1998,304
Import Quantity,t,Mustard seed,1999,2092
Import Value,1000 USD,Mustard seed,1999,1528
Export Quantity,t,Mustard seed,1999,67
Export Value,1000 USD,Mustard seed,1999,228
Import Quantity,t,Mustard seed,2000,1618
Import Value,1000 USD,Mustard seed,2000,1307
Export Quantity,t,Mustard seed,2000,50
Export Value,1000 USD,Mustard seed,2000,156
Import Quantity,t,Mustard seed,2001,2022
Import Value,1000 USD,Mustard seed,2001,1339
Export Quantity,t,Mustard seed,2001,75
Export Value,1000 USD,Mustard seed,2001,156
Import Quantity,t,Mustard seed,2002,2288
Import Value,1000 USD,Mustard seed,2002,1613
Export Quantity,t,Mustard seed,2002,110
Export Value,1000 USD,Mustard seed,2002,239
Import Quantity,t,Mustard seed,2003,2333
Import Value,1000 USD,Mustard seed,2003,1520
Export Quantity,t,Mustard seed,2003,81
Export Value,1000 USD,Mustard seed,2003,197
Import Quantity,t,Mustard seed,2004,3093
Import Value,1000 USD,Mustard seed,2004,2119
Export Quantity,t,Mustard seed,2004,67
Export Value,1000 USD,Mustard seed,2004,194
Import Quantity,t,Mustard seed,2005,4102
Import Value,1000 USD,Mustard seed,2005,2671
Export Quantity,t,Mustard seed,2005,53
Export Value,1000 USD,Mustard seed,2005,197
Import Quantity,t,Mustard seed,2006,4658
Import Value,1000 USD,Mustard seed,2006,3166
Export Quantity,t,Mustard seed,2006,50
Export Value,1000 USD,Mustard seed,2006,169
Import Quantity,t,Mustard seed,2007,3751
Import Value,1000 USD,Mustard seed,2007,2933
Export Quantity,t,Mustard seed,2007,42
Export Value,1000 USD,Mustard seed,2007,168
Import Quantity,t,Mustard seed,2008,3335
Import Value,1000 USD,Mustard seed,2008,4426
Export Quantity,t,Mustard seed,2008,49
Export Value,1000 USD,Mustard seed,2008,253
Import Quantity,t,Mustard seed,2009,3807
Import Value,1000 USD,Mustard seed,2009,5918
Export Quantity,t,Mustard seed,2009,35
Export Value,1000 USD,Mustard seed,2009,145
Import Quantity,t,Mustard seed,2010,2688
Import Value,1000 USD,Mustard seed,2010,4080
Export Quantity,t,Mustard seed,2010,60
Export Value,1000 USD,Mustard seed,2010,170
Import Quantity,t,Mustard seed,2011,3305
Import Value,1000 USD,Mustard seed,2011,4120
Export Quantity,t,Mustard seed,2011,72
Export Value,1000 USD,Mustard seed,2011,200
Import Quantity,t,Mustard seed,2012,2911
Import Value,1000 USD,Mustard seed,2012,3771
Export Quantity,t,Mustard seed,2012,114
Export Value,1000 USD,Mustard seed,2012,292
Import Quantity,t,Mustard seed,2013,2835
Import Value,1000 USD,Mustard seed,2013,3721
Export Quantity,t,Mustard seed,2013,124
Export Value,1000 USD,Mustard seed,2013,301
Import Quantity,t,Mustard seed,2014,2593.23
Import Value,1000 USD,Mustard seed,2014,3436
Export Quantity,t,Mustard seed,2014,129.73
Export Value,1000 USD,Mustard seed,2014,358
Import Quantity,t,Mustard seed,2015,2617.58
Import Value,1000 USD,Mustard seed,2015,2949
Export Quantity,t,Mustard seed,2015,142.46
Export Value,1000 USD,Mustard seed,2015,382
Import Quantity,t,Mustard seed,2016,2807.9
Import Value,1000 USD,Mustard seed,2016,3538
Export Quantity,t,Mustard seed,2016,152.38
Export Value,1000 USD,Mustard seed,2016,391
Import Quantity,t,Mustard seed,2017,3328.48
Import Value,1000 USD,Mustard seed,2017,3882
Export Quantity,t,Mustard seed,2017,281.79
Export Value,1000 USD,Mustard seed,2017,622
Import Quantity,t,Mustard seed,2018,2765.18
Import Value,1000 USD,Mustard seed,2018,3596
Export Quantity,t,Mustard seed,2018,336.6
Export Value,1000 USD,Mustard seed,2018,994
Import Quantity,t,Mustard seed,2019,3065.66
Import Value,1000 USD,Mustard seed,2019,3507
Export Quantity,t,Mustard seed,2019,323.83
Export Value,1000 USD,Mustard seed,2019,988
Import Quantity,t,Mustard seed,2020,2402.68
Import Value,1000 USD,Mustard seed,2020,3080
Export Quantity,t,Mustard seed,2020,272.93
Export Value,1000 USD,Mustard seed,2020,758
Import Quantity,t,Mustard seed,2021,1875.63
Import Value,1000 USD,Mustard seed,2021,2993
Export Quantity,t,Mustard seed,2021,177
Export Value,1000 USD,Mustard seed,2021,450
Import Quantity,t,Mustard seed,2022,2926.13
Import Value,1000 USD,Mustard seed,2022,5172
Export Quantity,t,Mustard seed,2022,265.64
Export Value,1000 USD,Mustard seed,2022,648
Import Quantity,t,Natural honey,1961,10663
Import Value,1000 USD,Natural honey,1961,3094
Export Quantity,t,Natural honey,1961,306
Export Value,1000 USD,Natural honey,1961,171
Import Quantity,t,Natural honey,1962,9957
Import Value,1000 USD,Natural honey,1962,2978
Export Quantity,t,Natural honey,1962,628
Export Value,1000 USD,Natural honey,1962,301
Import Quantity,t,Natural honey,1963,12163
Import Value,1000 USD,Natural honey,1963,4474
Export Quantity,t,Natural honey,1963,377
Export Value,1000 USD,Natural honey,1963,213
Import Quantity,t,Natural honey,1964,12993
Import Value,1000 USD,Natural honey,1964,5388
Export Quantity,t,Natural honey,1964,477
Export Value,1000 USD,Natural honey,1964,269
Import Quantity,t,Natural honey,1965,13042
Import Value,1000 USD,Natural honey,1965,4662
Export Quantity,t,Natural honey,1965,261
Export Value,1000 USD,Natural honey,1965,172
Import Quantity,t,Natural honey,1966,14844
Import Value,1000 USD,Natural honey,1966,5488
Export Quantity,t,Natural honey,1966,552
Export Value,1000 USD,Natural honey,1966,316
Import Quantity,t,Natural honey,1967,13141
Import Value,1000 USD,Natural honey,1967,4225
Export Quantity,t,Natural honey,1967,805
Export Value,1000 USD,Natural honey,1967,422
Import Quantity,t,Natural honey,1968,14780
Import Value,1000 USD,Natural honey,1968,4910
Export Quantity,t,Natural honey,1968,624
Export Value,1000 USD,Natural honey,1968,310
Import Quantity,t,Natural honey,1969,15281
Import Value,1000 USD,Natural honey,1969,4833
Export Quantity,t,Natural honey,1969,665
Export Value,1000 USD,Natural honey,1969,341
Import Quantity,t,Natural honey,1970,17130
Import Value,1000 USD,Natural honey,1970,5995
Export Quantity,t,Natural honey,1970,526
Export Value,1000 USD,Natural honey,1970,290
Import Quantity,t,Natural honey,1971,20142
Import Value,1000 USD,Natural honey,1971,8801
Export Quantity,t,Natural honey,1971,558
Export Value,1000 USD,Natural honey,1971,344
Import Quantity,t,Natural honey,1972,16419
Import Value,1000 USD,Natural honey,1972,9640
Export Quantity,t,Natural honey,1972,868
Export Value,1000 USD,Natural honey,1972,580
Import Quantity,t,Natural honey,1973,17452
Import Value,1000 USD,Natural honey,1973,16903
Export Quantity,t,Natural honey,1973,676
Export Value,1000 USD,Natural honey,1973,694
Import Quantity,t,Natural honey,1974,10271
Import Value,1000 USD,Natural honey,1974,10207
Export Quantity,t,Natural honey,1974,977
Export Value,1000 USD,Natural honey,1974,1174
Import Quantity,t,Natural honey,1975,17479
Import Value,1000 USD,Natural honey,1975,14187
Export Quantity,t,Natural honey,1975,953
Export Value,1000 USD,Natural honey,1975,1124
Import Quantity,t,Natural honey,1976,13693
Import Value,1000 USD,Natural honey,1976,10495
Export Quantity,t,Natural honey,1976,2196
Export Value,1000 USD,Natural honey,1976,1678
Import Quantity,t,Natural honey,1977,17216
Import Value,1000 USD,Natural honey,1977,14654
Export Quantity,t,Natural honey,1977,1107
Export Value,1000 USD,Natural honey,1977,1890
Import Quantity,t,Natural honey,1978,16962
Import Value,1000 USD,Natural honey,1978,16378
Export Quantity,t,Natural honey,1978,1406
Export Value,1000 USD,Natural honey,1978,2083
Import Quantity,t,Natural honey,1979,17973
Import Value,1000 USD,Natural honey,1979,20496
Export Quantity,t,Natural honey,1979,1542
Export Value,1000 USD,Natural honey,1979,3185
Import Quantity,t,Natural honey,1980,17222
Import Value,1000 USD,Natural honey,1980,19948
Export Quantity,t,Natural honey,1980,1186
Export Value,1000 USD,Natural honey,1980,2974
Import Quantity,t,Natural honey,1981,17120
Import Value,1000 USD,Natural honey,1981,18562
Export Quantity,t,Natural honey,1981,854
Export Value,1000 USD,Natural honey,1981,1898
Import Quantity,t,Natural honey,1982,20764
Import Value,1000 USD,Natural honey,1982,20224
Export Quantity,t,Natural honey,1982,1184
Export Value,1000 USD,Natural honey,1982,2525
Import Quantity,t,Natural honey,1983,21579
Import Value,1000 USD,Natural honey,1983,19709
Export Quantity,t,Natural honey,1983,1118
Export Value,1000 USD,Natural honey,1983,2091
Import Quantity,t,Natural honey,1984,19324
Import Value,1000 USD,Natural honey,1984,16233
Export Quantity,t,Natural honey,1984,1376
Export Value,1000 USD,Natural honey,1984,2299
Import Quantity,t,Natural honey,1985,21175
Import Value,1000 USD,Natural honey,1985,16303
Export Quantity,t,Natural honey,1985,1438
Export Value,1000 USD,Natural honey,1985,2701
Import Quantity,t,Natural honey,1986,21377
Import Value,1000 USD,Natural honey,1986,17638
Export Quantity,t,Natural honey,1986,1111
Export Value,1000 USD,Natural honey,1986,2230
Import Quantity,t,Natural honey,1987,23702
Import Value,1000 USD,Natural honey,1987,21574
Export Quantity,t,Natural honey,1987,1159
Export Value,1000 USD,Natural honey,1987,2677
Import Quantity,t,Natural honey,1988,22975
Import Value,1000 USD,Natural honey,1988,20812
Export Quantity,t,Natural honey,1988,969
Export Value,1000 USD,Natural honey,1988,2244
Import Quantity,t,Natural honey,1989,21598
Import Value,1000 USD,Natural honey,1989,18321
Export Quantity,t,Natural honey,1989,809
Export Value,1000 USD,Natural honey,1989,1754
Import Quantity,t,Natural honey,1990,26464
Import Value,1000 USD,Natural honey,1990,25773
Export Quantity,t,Natural honey,1990,1101
Export Value,1000 USD,Natural honey,1990,2630
Import Quantity,t,Natural honey,1991,22272
Import Value,1000 USD,Natural honey,1991,23083
Export Quantity,t,Natural honey,1991,673
Export Value,1000 USD,Natural honey,1991,2073
Import Quantity,t,Natural honey,1992,22746
Import Value,1000 USD,Natural honey,1992,24638
Export Quantity,t,Natural honey,1992,1161
Export Value,1000 USD,Natural honey,1992,2706
Import Quantity,t,Natural honey,1993,18031
Import Value,1000 USD,Natural honey,1993,17631
Export Quantity,t,Natural honey,1993,2067
Export Value,1000 USD,Natural honey,1993,2777
Import Quantity,t,Natural honey,1994,12628
Import Value,1000 USD,Natural honey,1994,12285
Export Quantity,t,Natural honey,1994,1780
Export Value,1000 USD,Natural honey,1994,3050
Import Quantity,t,Natural honey,1995,14388
Import Value,1000 USD,Natural honey,1995,17081
Export Quantity,t,Natural honey,1995,1551
Export Value,1000 USD,Natural honey,1995,2739
Import Quantity,t,Natural honey,1996,21069
Import Value,1000 USD,Natural honey,1996,31884
Export Quantity,t,Natural honey,1996,1063
Export Value,1000 USD,Natural honey,1996,2623
Import Quantity,t,Natural honey,1997,21223
Import Value,1000 USD,Natural honey,1997,37282
Export Quantity,t,Natural honey,1997,904
Export Value,1000 USD,Natural honey,1997,2430
Import Quantity,t,Natural honey,1998,24699
Import Value,1000 USD,Natural honey,1998,35682
Export Quantity,t,Natural honey,1998,1082
Export Value,1000 USD,Natural honey,1998,2443
Import Quantity,t,Natural honey,1999,22902
Import Value,1000 USD,Natural honey,1999,26634
Export Quantity,t,Natural honey,1999,935
Export Value,1000 USD,Natural honey,1999,2253
Import Quantity,t,Natural honey,2000,22748
Import Value,1000 USD,Natural honey,2000,23790
Export Quantity,t,Natural honey,2000,1385
Export Value,1000 USD,Natural honey,2000,2424
Import Quantity,t,Natural honey,2001,26151
Import Value,1000 USD,Natural honey,2001,29270
Export Quantity,t,Natural honey,2001,547
Export Value,1000 USD,Natural honey,2001,1727
Import Quantity,t,Natural honey,2002,29901
Import Value,1000 USD,Natural honey,2002,51695
Export Quantity,t,Natural honey,2002,2170
Export Value,1000 USD,Natural honey,2002,4051
Import Quantity,t,Natural honey,2003,21867
Import Value,1000 USD,Natural honey,2003,64229
Export Quantity,t,Natural honey,2003,954
Export Value,1000 USD,Natural honey,2003,4176
Import Quantity,t,Natural honey,2004,25893
Import Value,1000 USD,Natural honey,2004,75117
Export Quantity,t,Natural honey,2004,1447
Export Value,1000 USD,Natural honey,2004,7158
Import Quantity,t,Natural honey,2005,27980
Import Value,1000 USD,Natural honey,2005,61836
Export Quantity,t,Natural honey,2005,1105
Export Value,1000 USD,Natural honey,2005,5061
Import Quantity,t,Natural honey,2006,29180
Import Value,1000 USD,Natural honey,2006,69581
Export Quantity,t,Natural honey,2006,1156
Export Value,1000 USD,Natural honey,2006,5298
Import Quantity,t,Natural honey,2007,30109
Import Value,1000 USD,Natural honey,2007,84661
Export Quantity,t,Natural honey,2007,1238
Export Value,1000 USD,Natural honey,2007,7171
Import Quantity,t,Natural honey,2008,30297
Import Value,1000 USD,Natural honey,2008,104683
Export Quantity,t,Natural honey,2008,1416
Export Value,1000 USD,Natural honey,2008,10403
Import Quantity,t,Natural honey,2009,30411
Import Value,1000 USD,Natural honey,2009,102937
Export Quantity,t,Natural honey,2009,1916
Export Value,1000 USD,Natural honey,2009,14853
Import Quantity,t,Natural honey,2010,31515
Import Value,1000 USD,Natural honey,2010,105846
Export Quantity,t,Natural honey,2010,2082
Export Value,1000 USD,Natural honey,2010,13285
Import Quantity,t,Natural honey,2011,35644
Import Value,1000 USD,Natural honey,2011,126380
Export Quantity,t,Natural honey,2011,2633
Export Value,1000 USD,Natural honey,2011,17478
Import Quantity,t,Natural honey,2012,34816
Import Value,1000 USD,Natural honey,2012,113805
Export Quantity,t,Natural honey,2012,2726
Export Value,1000 USD,Natural honey,2012,20907
Import Quantity,t,Natural honey,2013,38140
Import Value,1000 USD,Natural honey,2013,125974
Export Quantity,t,Natural honey,2013,2367
Export Value,1000 USD,Natural honey,2013,20614
Import Quantity,t,Natural honey,2014,38435.23
Import Value,1000 USD,Natural honey,2014,129580
Export Quantity,t,Natural honey,2014,2251.84
Export Value,1000 USD,Natural honey,2014,21442
Import Quantity,t,Natural honey,2015,41031
Import Value,1000 USD,Natural honey,2015,126997
Export Quantity,t,Natural honey,2015,1722.04
Export Value,1000 USD,Natural honey,2015,18981
Import Quantity,t,Natural honey,2016,39950.15
Import Value,1000 USD,Natural honey,2016,114098
Export Quantity,t,Natural honey,2016,2647.02
Export Value,1000 USD,Natural honey,2016,22059
Import Quantity,t,Natural honey,2017,44985.06
Import Value,1000 USD,Natural honey,2017,125897
Export Quantity,t,Natural honey,2017,2551.41
Export Value,1000 USD,Natural honey,2017,28369
Import Quantity,t,Natural honey,2018,50305.77
Import Value,1000 USD,Natural honey,2018,127014
Export Quantity,t,Natural honey,2018,3089.96
Export Value,1000 USD,Natural honey,2018,31608
Import Quantity,t,Natural honey,2019,48537.1
Import Value,1000 USD,Natural honey,2019,108409
Export Quantity,t,Natural honey,2019,3629.97
Export Value,1000 USD,Natural honey,2019,28451
Import Quantity,t,Natural honey,2020,52759.69
Import Value,1000 USD,Natural honey,2020,121313
Export Quantity,t,Natural honey,2020,4457.22
Export Value,1000 USD,Natural honey,2020,25777
Import Quantity,t,Natural honey,2021,46862.64
Import Value,1000 USD,Natural honey,2021,134514
Export Quantity,t,Natural honey,2021,2821.22
Export Value,1000 USD,Natural honey,2021,17011
Import Quantity,t,Natural honey,2022,51435.53
Import Value,1000 USD,Natural honey,2022,126588
Export Quantity,t,Natural honey,2022,2806.25
Export Value,1000 USD,Natural honey,2022,15667
Import Quantity,t,Oats,1961,39400
Import Value,1000 USD,Oats,1961,2370
Export Quantity,t,Oats,1961,7479
Export Value,1000 USD,Oats,1961,543
Import Quantity,t,Oats,1962,66000
Import Value,1000 USD,Oats,1962,4060
Export Quantity,t,Oats,1962,6059
Export Value,1000 USD,Oats,1962,453
Import Quantity,t,Oats,1963,34500
Import Value,1000 USD,Oats,1963,2230
Export Quantity,t,Oats,1963,20091
Export Value,1000 USD,Oats,1963,1518
Import Quantity,t,Oats,1964,25000
Import Value,1000 USD,Oats,1964,1640
Export Quantity,t,Oats,1964,2525
Export Value,1000 USD,Oats,1964,210
Import Quantity,t,Oats,1965,20887
Import Value,1000 USD,Oats,1965,1428
Export Quantity,t,Oats,1965,1276
Export Value,1000 USD,Oats,1965,118
Import Quantity,t,Oats,1966,29946
Import Value,1000 USD,Oats,1966,2106
Export Quantity,t,Oats,1966,420
Export Value,1000 USD,Oats,1966,28
Import Quantity,t,Oats,1967,21121
Import Value,1000 USD,Oats,1967,1520
Export Quantity,t,Oats,1967,16588
Export Value,1000 USD,Oats,1967,935
Import Quantity,t,Oats,1968,2131
Import Value,1000 USD,Oats,1968,190
Export Quantity,t,Oats,1968,79280
Export Value,1000 USD,Oats,1968,4164
Import Quantity,t,Oats,1969,30612
Import Value,1000 USD,Oats,1969,1858
Export Quantity,t,Oats,1969,2740
Export Value,1000 USD,Oats,1969,211
Import Quantity,t,Oats,1970,8651
Import Value,1000 USD,Oats,1970,602
Export Quantity,t,Oats,1970,116094
Export Value,1000 USD,Oats,1970,7159
Import Quantity,t,Oats,1971,19337
Import Value,1000 USD,Oats,1971,1480
Export Quantity,t,Oats,1971,12120
Export Value,1000 USD,Oats,1971,725
Import Quantity,t,Oats,1972,25387
Import Value,1000 USD,Oats,1972,1316
Export Quantity,t,Oats,1972,6249
Export Value,1000 USD,Oats,1972,433
Import Quantity,t,Oats,1973,7982
Import Value,1000 USD,Oats,1973,991
Export Quantity,t,Oats,1973,39109
Export Value,1000 USD,Oats,1973,4115
Import Quantity,t,Oats,1974,25494
Import Value,1000 USD,Oats,1974,4149
Export Quantity,t,Oats,1974,12728
Export Value,1000 USD,Oats,1974,1916
Import Quantity,t,Oats,1975,28830
Import Value,1000 USD,Oats,1975,3711
Export Quantity,t,Oats,1975,4326
Export Value,1000 USD,Oats,1975,722
Import Quantity,t,Oats,1976,53475
Import Value,1000 USD,Oats,1976,7578
Export Quantity,t,Oats,1976,2738
Export Value,1000 USD,Oats,1976,578
Import Quantity,t,Oats,1977,43689
Import Value,1000 USD,Oats,1977,6090
Export Quantity,t,Oats,1977,3930
Export Value,1000 USD,Oats,1977,786
Import Quantity,t,Oats,1978,20721
Import Value,1000 USD,Oats,1978,3562
Export Quantity,t,Oats,1978,10456
Export Value,1000 USD,Oats,1978,2250
Import Quantity,t,Oats,1979,67665
Import Value,1000 USD,Oats,1979,14109
Export Quantity,t,Oats,1979,6467
Export Value,1000 USD,Oats,1979,1729
Import Quantity,t,Oats,1980,24674
Import Value,1000 USD,Oats,1980,6411
Export Quantity,t,Oats,1980,2469
Export Value,1000 USD,Oats,1980,861
Import Quantity,t,Oats,1981,5974
Import Value,1000 USD,Oats,1981,1979
Export Quantity,t,Oats,1981,1667
Export Value,1000 USD,Oats,1981,692
Import Quantity,t,Oats,1982,1822
Import Value,1000 USD,Oats,1982,438
Export Quantity,t,Oats,1982,5078
Export Value,1000 USD,Oats,1982,1177
Import Quantity,t,Oats,1983,28025
Import Value,1000 USD,Oats,1983,5443
Export Quantity,t,Oats,1983,2282
Export Value,1000 USD,Oats,1983,402
Import Quantity,t,Oats,1984,40725
Import Value,1000 USD,Oats,1984,7766
Export Quantity,t,Oats,1984,528
Export Value,1000 USD,Oats,1984,147
Import Quantity,t,Oats,1985,9342
Import Value,1000 USD,Oats,1985,1643
Export Quantity,t,Oats,1985,266
Export Value,1000 USD,Oats,1985,91
Import Quantity,t,Oats,1986,16857
Import Value,1000 USD,Oats,1986,3194
Export Quantity,t,Oats,1986,1271
Export Value,1000 USD,Oats,1986,253
Import Quantity,t,Oats,1987,7454
Import Value,1000 USD,Oats,1987,1880
Export Quantity,t,Oats,1987,8965
Export Value,1000 USD,Oats,1987,2301
Import Quantity,t,Oats,1988,8356
Import Value,1000 USD,Oats,1988,2409
Export Quantity,t,Oats,1988,4585
Export Value,1000 USD,Oats,1988,1021
Import Quantity,t,Oats,1989,6936
Import Value,1000 USD,Oats,1989,1747
Export Quantity,t,Oats,1989,13588
Export Value,1000 USD,Oats,1989,2596
Import Quantity,t,Oats,1990,10847
Import Value,1000 USD,Oats,1990,2810
Export Quantity,t,Oats,1990,8250
Export Value,1000 USD,Oats,1990,1875
Import Quantity,t,Oats,1991,7359
Import Value,1000 USD,Oats,1991,2153
Export Quantity,t,Oats,1991,16616
Export Value,1000 USD,Oats,1991,4147
Import Quantity,t,Oats,1992,4498
Import Value,1000 USD,Oats,1992,1400
Export Quantity,t,Oats,1992,79241
Export Value,1000 USD,Oats,1992,18209
Import Quantity,t,Oats,1993,5437
Import Value,1000 USD,Oats,1993,2356
Export Quantity,t,Oats,1993,41085
Export Value,1000 USD,Oats,1993,11230
Import Quantity,t,Oats,1994,3668
Import Value,1000 USD,Oats,1994,1922
Export Quantity,t,Oats,1994,17597
Export Value,1000 USD,Oats,1994,3452
Import Quantity,t,Oats,1995,1774
Import Value,1000 USD,Oats,1995,985
Export Quantity,t,Oats,1995,185539
Export Value,1000 USD,Oats,1995,35461
Import Quantity,t,Oats,1996,1995
Import Value,1000 USD,Oats,1996,520
Export Quantity,t,Oats,1996,124377
Export Value,1000 USD,Oats,1996,22092
Import Quantity,t,Oats,1997,15735
Import Value,1000 USD,Oats,1997,3344
Export Quantity,t,Oats,1997,75523
Export Value,1000 USD,Oats,1997,12262
Import Quantity,t,Oats,1998,10683
Import Value,1000 USD,Oats,1998,2268
Export Quantity,t,Oats,1998,51600
Export Value,1000 USD,Oats,1998,8865
Import Quantity,t,Oats,1999,12338
Import Value,1000 USD,Oats,1999,2688
Export Quantity,t,Oats,1999,34322
Export Value,1000 USD,Oats,1999,5152
Import Quantity,t,Oats,2000,6726
Import Value,1000 USD,Oats,2000,1465
Export Quantity,t,Oats,2000,96140
Export Value,1000 USD,Oats,2000,12368
Import Quantity,t,Oats,2001,10220
Import Value,1000 USD,Oats,2001,1722
Export Quantity,t,Oats,2001,108045
Export Value,1000 USD,Oats,2001,12965
Import Quantity,t,Oats,2002,17486
Import Value,1000 USD,Oats,2002,2897
Export Quantity,t,Oats,2002,143929
Export Value,1000 USD,Oats,2002,15620
Import Quantity,t,Oats,2003,11067
Import Value,1000 USD,Oats,2003,1704
Export Quantity,t,Oats,2003,156807
Export Value,1000 USD,Oats,2003,18611
Import Quantity,t,Oats,2004,31028
Import Value,1000 USD,Oats,2004,5692
Export Quantity,t,Oats,2004,87936
Export Value,1000 USD,Oats,2004,12564
Import Quantity,t,Oats,2005,30837
Import Value,1000 USD,Oats,2005,5428
Export Quantity,t,Oats,2005,36933
Export Value,1000 USD,Oats,2005,5713
Import Quantity,t,Oats,2006,34100
Import Value,1000 USD,Oats,2006,6186
Export Quantity,t,Oats,2006,37616
Export Value,1000 USD,Oats,2006,7111
Import Quantity,t,Oats,2007,54307
Import Value,1000 USD,Oats,2007,13669
Export Quantity,t,Oats,2007,38163
Export Value,1000 USD,Oats,2007,9619
Import Quantity,t,Oats,2008,45714
Import Value,1000 USD,Oats,2008,13818
Export Quantity,t,Oats,2008,118910
Export Value,1000 USD,Oats,2008,32143
Import Quantity,t,Oats,2009,18936
Import Value,1000 USD,Oats,2009,3925
Export Quantity,t,Oats,2009,33211
Export Value,1000 USD,Oats,2009,7571
Import Quantity,t,Oats,2010,19435
Import Value,1000 USD,Oats,2010,4464
Export Quantity,t,Oats,2010,73156
Export Value,1000 USD,Oats,2010,14275
Import Quantity,t,Oats,2011,33720
Import Value,1000 USD,Oats,2011,10816
Export Quantity,t,Oats,2011,23313
Export Value,1000 USD,Oats,2011,9016
Import Quantity,t,Oats,2012,63915
Import Value,1000 USD,Oats,2012,21444
Export Quantity,t,Oats,2012,11451
Export Value,1000 USD,Oats,2012,6981
Import Quantity,t,Oats,2013,66100
Import Value,1000 USD,Oats,2013,24293
Export Quantity,t,Oats,2013,16956
Export Value,1000 USD,Oats,2013,9976
Import Quantity,t,Oats,2014,29340.96
Import Value,1000 USD,Oats,2014,10748
Export Quantity,t,Oats,2014,65825.79
Export Value,1000 USD,Oats,2014,23363
Import Quantity,t,Oats,2015,37520.84
Import Value,1000 USD,Oats,2015,10812
Export Quantity,t,Oats,2015,79731.7
Export Value,1000 USD,Oats,2015,23723
Import Quantity,t,Oats,2016,21726.65
Import Value,1000 USD,Oats,2016,7384
Export Quantity,t,Oats,2016,35132.47
Export Value,1000 USD,Oats,2016,9652
Import Quantity,t,Oats,2017,34770.26
Import Value,1000 USD,Oats,2017,11987
Export Quantity,t,Oats,2017,25516.08
Export Value,1000 USD,Oats,2017,7613
Import Quantity,t,Oats,2018,29558.22
Import Value,1000 USD,Oats,2018,11605
Export Quantity,t,Oats,2018,31329.62
Export Value,1000 USD,Oats,2018,10536
Import Quantity,t,Oats,2019,16658.67
Import Value,1000 USD,Oats,2019,6596
Export Quantity,t,Oats,2019,94439.58
Export Value,1000 USD,Oats,2019,21985
Import Quantity,t,Oats,2020,25155.98
Import Value,1000 USD,Oats,2020,9959
Export Quantity,t,Oats,2020,65848.95
Export Value,1000 USD,Oats,2020,19871
Import Quantity,t,Oats,2021,27810.1
Import Value,1000 USD,Oats,2021,12127
Export Quantity,t,Oats,2021,36761.6
Export Value,1000 USD,Oats,2021,15704
Import Quantity,t,Oats,2022,22048.56
Import Value,1000 USD,Oats,2022,7757
Export Quantity,t,Oats,2022,193553.8
Export Value,1000 USD,Oats,2022,81167
Import Quantity,t,Olive oil,1961,2781
Import Value,1000 USD,Olive oil,1961,1647
Export Quantity,t,Olive oil,1961,17
Export Value,1000 USD,Olive oil,1961,16
Import Quantity,t,Olive oil,1962,3023
Import Value,1000 USD,Olive oil,1962,1981
Export Quantity,t,Olive oil,1962,6
Export Value,1000 USD,Olive oil,1962,8
Import Quantity,t,Olive oil,1963,2157
Import Value,1000 USD,Olive oil,1963,1987
Export Quantity,t,Olive oil,1963,96
Export Value,1000 USD,Olive oil,1963,95
Import Quantity,t,Olive oil,1964,3154
Import Value,1000 USD,Olive oil,1964,2002
Export Quantity,t,Olive oil,1964,116
Export Value,1000 USD,Olive oil,1964,103
Import Quantity,t,Olive oil,1965,2763
Import Value,1000 USD,Olive oil,1965,1982
Export Quantity,t,Olive oil,1965,112
Export Value,1000 USD,Olive oil,1965,100
Import Quantity,t,Olive oil,1966,2561
Import Value,1000 USD,Olive oil,1966,1887
Export Quantity,t,Olive oil,1966,117
Export Value,1000 USD,Olive oil,1966,112
Import Quantity,t,Olive oil,1967,2705
Import Value,1000 USD,Olive oil,1967,2008
Export Quantity,t,Olive oil,1967,119
Export Value,1000 USD,Olive oil,1967,113
Import Quantity,t,Olive oil,1968,3109
Import Value,1000 USD,Olive oil,1968,2246
Export Quantity,t,Olive oil,1968,7
Export Value,1000 USD,Olive oil,1968,8
Import Quantity,t,Olive oil,1969,2827
Import Value,1000 USD,Olive oil,1969,2018
Export Quantity,t,Olive oil,1969,5
Export Value,1000 USD,Olive oil,1969,6
Import Quantity,t,Olive oil,1970,2989
Import Value,1000 USD,Olive oil,1970,2185
Export Quantity,t,Olive oil,1970,112
Export Value,1000 USD,Olive oil,1970,94
Import Quantity,t,Olive oil,1971,3181
Import Value,1000 USD,Olive oil,1971,2468
Export Quantity,t,Olive oil,1971,177
Export Value,1000 USD,Olive oil,1971,169
Import Quantity,t,Olive oil,1972,3044
Import Value,1000 USD,Olive oil,1972,2782
Export Quantity,t,Olive oil,1972,165
Export Value,1000 USD,Olive oil,1972,165
Import Quantity,t,Olive oil,1973,3343
Import Value,1000 USD,Olive oil,1973,4300
Export Quantity,t,Olive oil,1973,177
Export Value,1000 USD,Olive oil,1973,223
Import Quantity,t,Olive oil,1974,2401
Import Value,1000 USD,Olive oil,1974,4540
Export Quantity,t,Olive oil,1974,299
Export Value,1000 USD,Olive oil,1974,416
Import Quantity,t,Olive oil,1975,1770
Import Value,1000 USD,Olive oil,1975,3766
Export Quantity,t,Olive oil,1975,165
Export Value,1000 USD,Olive oil,1975,382
Import Quantity,t,Olive oil,1976,2224
Import Value,1000 USD,Olive oil,1976,3806
Export Quantity,t,Olive oil,1976,210
Export Value,1000 USD,Olive oil,1976,370
Import Quantity,t,Olive oil,1977,2250
Import Value,1000 USD,Olive oil,1977,3516
Export Quantity,t,Olive oil,1977,432
Export Value,1000 USD,Olive oil,1977,715
Import Quantity,t,Olive oil,1978,2818
Import Value,1000 USD,Olive oil,1978,5158
Export Quantity,t,Olive oil,1978,666
Export Value,1000 USD,Olive oil,1978,1484
Import Quantity,t,Olive oil,1979,2972
Import Value,1000 USD,Olive oil,1979,6580
Export Quantity,t,Olive oil,1979,791
Export Value,1000 USD,Olive oil,1979,1946
Import Quantity,t,Olive oil,1980,2596
Import Value,1000 USD,Olive oil,1980,6771
Export Quantity,t,Olive oil,1980,742
Export Value,1000 USD,Olive oil,1980,1624
Import Quantity,t,Olive oil,1981,2567
Import Value,1000 USD,Olive oil,1981,5788
Export Quantity,t,Olive oil,1981,682
Export Value,1000 USD,Olive oil,1981,1121
Import Quantity,t,Olive oil,1982,2719
Import Value,1000 USD,Olive oil,1982,5692
Export Quantity,t,Olive oil,1982,481
Export Value,1000 USD,Olive oil,1982,1129
Import Quantity,t,Olive oil,1983,3511
Import Value,1000 USD,Olive oil,1983,7148
Export Quantity,t,Olive oil,1983,682
Export Value,1000 USD,Olive oil,1983,970
Import Quantity,t,Olive oil,1984,3519
Import Value,1000 USD,Olive oil,1984,6736
Export Quantity,t,Olive oil,1984,701
Export Value,1000 USD,Olive oil,1984,1073
Import Quantity,t,Olive oil,1985,3753
Import Value,1000 USD,Olive oil,1985,7432
Export Quantity,t,Olive oil,1985,587
Export Value,1000 USD,Olive oil,1985,982
Import Quantity,t,Olive oil,1986,39798
Import Value,1000 USD,Olive oil,1986,67033
Export Quantity,t,Olive oil,1986,20652
Export Value,1000 USD,Olive oil,1986,41733
Import Quantity,t,Olive oil,1987,105729
Import Value,1000 USD,Olive oil,1987,192981
Export Quantity,t,Olive oil,1987,115729
Export Value,1000 USD,Olive oil,1987,303757
Import Quantity,t,Olive oil,1988,5511
Import Value,1000 USD,Olive oil,1988,14769
Export Quantity,t,Olive oil,1988,467
Export Value,1000 USD,Olive oil,1988,1218
Import Quantity,t,Olive oil,1989,6348
Import Value,1000 USD,Olive oil,1989,18586
Export Quantity,t,Olive oil,1989,226
Export Value,1000 USD,Olive oil,1989,524
Import Quantity,t,Olive oil,1990,7113
Import Value,1000 USD,Olive oil,1990,25301
Export Quantity,t,Olive oil,1990,309
Export Value,1000 USD,Olive oil,1990,817
Import Quantity,t,Olive oil,1991,7338
Import Value,1000 USD,Olive oil,1991,30261
Export Quantity,t,Olive oil,1991,474
Export Value,1000 USD,Olive oil,1991,1244
Import Quantity,t,Olive oil,1992,10756
Import Value,1000 USD,Olive oil,1992,40320
Export Quantity,t,Olive oil,1992,630
Export Value,1000 USD,Olive oil,1992,1579
Import Quantity,t,Olive oil,1993,13278
Import Value,1000 USD,Olive oil,1993,38788
Export Quantity,t,Olive oil,1993,1113
Export Value,1000 USD,Olive oil,1993,3426
Import Quantity,t,Olive oil,1994,18480
Import Value,1000 USD,Olive oil,1994,51073
Export Quantity,t,Olive oil,1994,1148
Export Value,1000 USD,Olive oil,1994,3995
Import Quantity,t,Olive oil,1995,16997
Import Value,1000 USD,Olive oil,1995,67494
Export Quantity,t,Olive oil,1995,1686
Export Value,1000 USD,Olive oil,1995,5538
Import Quantity,t,Olive oil,1996,16250
Import Value,1000 USD,Olive oil,1996,86641
Export Quantity,t,Olive oil,1996,1280
Export Value,1000 USD,Olive oil,1996,5042
Import Quantity,t,Olive oil,1997,28849
Import Value,1000 USD,Olive oil,1997,81356
Export Quantity,t,Olive oil,1997,2985
Export Value,1000 USD,Olive oil,1997,9340
Import Quantity,t,Olive oil,1998,29085
Import Value,1000 USD,Olive oil,1998,84850
Export Quantity,t,Olive oil,1998,3029
Export Value,1000 USD,Olive oil,1998,8801
Import Quantity,t,Olive oil,1999,31871
Import Value,1000 USD,Olive oil,1999,95393
Export Quantity,t,Olive oil,1999,1606
Export Value,1000 USD,Olive oil,1999,6824
Import Quantity,t,Olive oil,2000,43809
Import Value,1000 USD,Olive oil,2000,84340
Export Quantity,t,Olive oil,2000,2346
Export Value,1000 USD,Olive oil,2000,10865
Import Quantity,t,Olive oil,2001,35811
Import Value,1000 USD,Olive oil,2001,79664
Export Quantity,t,Olive oil,2001,3566
Export Value,1000 USD,Olive oil,2001,12685
Import Quantity,t,Olive oil,2002,34004
Import Value,1000 USD,Olive oil,2002,86610
Export Quantity,t,Olive oil,2002,7202
Export Value,1000 USD,Olive oil,2002,18681
Import Quantity,t,Olive oil,2003,51348
Import Value,1000 USD,Olive oil,2003,129125
Export Quantity,t,Olive oil,2003,4690
Export Value,1000 USD,Olive oil,2003,16629
Import Quantity,t,Olive oil,2004,91442
Import Value,1000 USD,Olive oil,2004,185302
Export Quantity,t,Olive oil,2004,4082
Export Value,1000 USD,Olive oil,2004,16012
Import Quantity,t,Olive oil,2005,53490
Import Value,1000 USD,Olive oil,2005,205511
Export Quantity,t,Olive oil,2005,3398
Export Value,1000 USD,Olive oil,2005,14405
Import Quantity,t,Olive oil,2006,52582
Import Value,1000 USD,Olive oil,2006,268319
Export Quantity,t,Olive oil,2006,2789
Export Value,1000 USD,Olive oil,2006,14931
Import Quantity,t,Olive oil,2007,54888
Import Value,1000 USD,Olive oil,2007,234383
Export Quantity,t,Olive oil,2007,2119
Export Value,1000 USD,Olive oil,2007,11618
Import Quantity,t,Olive oil,2008,60990
Import Value,1000 USD,Olive oil,2008,267433
Export Quantity,t,Olive oil,2008,1687
Export Value,1000 USD,Olive oil,2008,8320
Import Quantity,t,Olive oil,2009,57986
Import Value,1000 USD,Olive oil,2009,213055
Export Quantity,t,Olive oil,2009,1807
Export Value,1000 USD,Olive oil,2009,7800
Import Quantity,t,Olive oil,2010,62507
Import Value,1000 USD,Olive oil,2010,208940
Export Quantity,t,Olive oil,2010,2002
Export Value,1000 USD,Olive oil,2010,8719
Import Quantity,t,Olive oil,2011,64653
Import Value,1000 USD,Olive oil,2011,216167
Export Quantity,t,Olive oil,2011,5580
Export Value,1000 USD,Olive oil,2011,17765
Import Quantity,t,Olive oil,2012,66069
Import Value,1000 USD,Olive oil,2012,201247
Export Quantity,t,Olive oil,2012,4005
Export Value,1000 USD,Olive oil,2012,14613
Import Quantity,t,Olive oil,2013,63233
Import Value,1000 USD,Olive oil,2013,238370
Export Quantity,t,Olive oil,2013,2547
Export Value,1000 USD,Olive oil,2013,12966
Import Quantity,t,Olive oil,2014,63222.33
Import Value,1000 USD,Olive oil,2014,224953
Export Quantity,t,Olive oil,2014,2271.63
Export Value,1000 USD,Olive oil,2014,11278
Import Quantity,t,Olive oil,2015,66240.04
Import Value,1000 USD,Olive oil,2015,258770
Export Quantity,t,Olive oil,2015,2177.74
Export Value,1000 USD,Olive oil,2015,10836
Import Quantity,t,Olive oil,2016,66589.42
Import Value,1000 USD,Olive oil,2016,251300
Export Quantity,t,Olive oil,2016,1968.1
Export Value,1000 USD,Olive oil,2016,10412
Import Quantity,t,Olive oil,2017,71425.11
Import Value,1000 USD,Olive oil,2017,283072
Export Quantity,t,Olive oil,2017,1907.36
Export Value,1000 USD,Olive oil,2017,10552
Import Quantity,t,Olive oil,2018,63406.35
Import Value,1000 USD,Olive oil,2018,276413
Export Quantity,t,Olive oil,2018,1993.86
Export Value,1000 USD,Olive oil,2018,10753
Import Quantity,t,Olive oil,2019,68863.77
Import Value,1000 USD,Olive oil,2019,229720
Export Quantity,t,Olive oil,2019,2091.09
Export Value,1000 USD,Olive oil,2019,9406
Import Quantity,t,Olive oil,2020,82838.44
Import Value,1000 USD,Olive oil,2020,247128
Export Quantity,t,Olive oil,2020,2472.59
Export Value,1000 USD,Olive oil,2020,10578
Import Quantity,t,Olive oil,2021,61959.47
Import Value,1000 USD,Olive oil,2021,234184
Export Quantity,t,Olive oil,2021,1892.52
Export Value,1000 USD,Olive oil,2021,8289
Import Quantity,t,Olive oil,2022,67877.4
Import Value,1000 USD,Olive oil,2022,316234
Export Quantity,t,Olive oil,2022,2070.66
Export Value,1000 USD,Olive oil,2022,9254
Import Quantity,t,Olives,1961,0
Import Value,1000 USD,Olives,1961,0
Export Quantity,t,Olives,1961,0
Export Value,1000 USD,Olives,1961,0
Import Quantity,t,Olives,1962,0
Import Value,1000 USD,Olives,1962,0
Export Quantity,t,Olives,1962,0
Export Value,1000 USD,Olives,1962,0
Import Quantity,t,Olives,1963,0
Import Value,1000 USD,Olives,1963,0
Export Quantity,t,Olives,1963,0
Export Value,1000 USD,Olives,1963,0
Import Quantity,t,Olives,1964,0
Import Value,1000 USD,Olives,1964,0
Export Quantity,t,Olives,1964,0
Export Value,1000 USD,Olives,1964,0
Import Quantity,t,Olives,1965,0
Import Value,1000 USD,Olives,1965,0
Export Quantity,t,Olives,1965,0
Export Value,1000 USD,Olives,1965,0
Import Quantity,t,Olives,1966,0
Import Value,1000 USD,Olives,1966,0
Export Quantity,t,Olives,1966,0
Export Value,1000 USD,Olives,1966,0
Import Quantity,t,Olives,1967,0
Import Value,1000 USD,Olives,1967,0
Export Quantity,t,Olives,1967,0
Export Value,1000 USD,Olives,1967,0
Import Quantity,t,Olives,1968,0
Import Value,1000 USD,Olives,1968,0
Export Quantity,t,Olives,1968,0
Export Value,1000 USD,Olives,1968,0
Import Quantity,t,Olives,1969,0
Import Value,1000 USD,Olives,1969,0
Export Quantity,t,Olives,1969,0
Export Value,1000 USD,Olives,1969,0
Import Quantity,t,Olives,1970,0
Import Value,1000 USD,Olives,1970,0
Export Quantity,t,Olives,1970,0
Export Value,1000 USD,Olives,1970,0
Import Quantity,t,Olives,1971,0
Import Value,1000 USD,Olives,1971,0
Export Quantity,t,Olives,1971,0
Export Value,1000 USD,Olives,1971,0
Import Quantity,t,Olives,1972,0
Import Value,1000 USD,Olives,1972,0
Export Quantity,t,Olives,1972,0
Export Value,1000 USD,Olives,1972,0
Import Quantity,t,Olives,1973,0
Import Value,1000 USD,Olives,1973,0
Export Quantity,t,Olives,1973,0
Export Value,1000 USD,Olives,1973,0
Import Quantity,t,Olives,1974,7
Import Value,1000 USD,Olives,1974,12
Export Quantity,t,Olives,1974,0
Export Value,1000 USD,Olives,1974,0
Import Quantity,t,Olives,1975,4
Import Value,1000 USD,Olives,1975,2
Export Quantity,t,Olives,1975,0
Export Value,1000 USD,Olives,1975,0
Import Quantity,t,Olives,1976,5
Import Value,1000 USD,Olives,1976,7
Export Quantity,t,Olives,1976,8
Export Value,1000 USD,Olives,1976,2
Import Quantity,t,Olives,1977,11
Import Value,1000 USD,Olives,1977,9
Export Quantity,t,Olives,1977,28
Export Value,1000 USD,Olives,1977,7
Import Quantity,t,Olives,1978,64
Import Value,1000 USD,Olives,1978,54
Export Quantity,t,Olives,1978,3
Export Value,1000 USD,Olives,1978,6
Import Quantity,t,Olives,1979,9
Import Value,1000 USD,Olives,1979,15
Export Quantity,t,Olives,1979,7
Export Value,1000 USD,Olives,1979,13
Import Quantity,t,Olives,1980,54
Import Value,1000 USD,Olives,1980,79
Export Quantity,t,Olives,1980,1
Export Value,1000 USD,Olives,1980,2
Import Quantity,t,Olives,1981,25
Import Value,1000 USD,Olives,1981,30
Export Quantity,t,Olives,1981,1
Export Value,1000 USD,Olives,1981,2
Import Quantity,t,Olives,1982,3
Import Value,1000 USD,Olives,1982,4
Export Quantity,t,Olives,1982,7
Export Value,1000 USD,Olives,1982,5
Import Quantity,t,Olives,1983,46
Import Value,1000 USD,Olives,1983,33
Export Quantity,t,Olives,1983,17
Export Value,1000 USD,Olives,1983,18
Import Quantity,t,Olives,1984,33
Import Value,1000 USD,Olives,1984,24
Export Quantity,t,Olives,1984,0
Export Value,1000 USD,Olives,1984,2
Import Quantity,t,Olives,1985,83
Import Value,1000 USD,Olives,1985,115
Export Quantity,t,Olives,1985,18
Export Value,1000 USD,Olives,1985,18
Import Quantity,t,Olives,1986,18
Import Value,1000 USD,Olives,1986,35
Export Quantity,t,Olives,1986,18
Export Value,1000 USD,Olives,1986,21
Import Quantity,t,Olives,1987,67
Import Value,1000 USD,Olives,1987,72
Export Quantity,t,Olives,1987,46
Export Value,1000 USD,Olives,1987,44
Import Quantity,t,Olives,1988,35
Import Value,1000 USD,Olives,1988,63
Export Quantity,t,Olives,1988,10
Export Value,1000 USD,Olives,1988,13
Import Quantity,t,Olives,1989,22
Import Value,1000 USD,Olives,1989,42
Export Quantity,t,Olives,1989,0
Export Value,1000 USD,Olives,1989,0
Import Quantity,t,Olives,1990,19
Import Value,1000 USD,Olives,1990,37
Export Quantity,t,Olives,1990,3
Export Value,1000 USD,Olives,1990,4
Import Quantity,t,Olives,1991,30
Import Value,1000 USD,Olives,1991,68
Export Quantity,t,Olives,1991,7
Export Value,1000 USD,Olives,1991,10
Import Quantity,t,Olives,1992,31
Import Value,1000 USD,Olives,1992,46
Export Quantity,t,Olives,1992,0
Export Value,1000 USD,Olives,1992,0
Import Quantity,t,Olives,1993,14
Import Value,1000 USD,Olives,1993,63
Export Quantity,t,Olives,1993,0
Export Value,1000 USD,Olives,1993,0
Import Quantity,t,Olives,1994,21
Import Value,1000 USD,Olives,1994,79
Export Quantity,t,Olives,1994,0
Export Value,1000 USD,Olives,1994,1
Import Quantity,t,Olives,1995,25
Import Value,1000 USD,Olives,1995,63
Export Quantity,t,Olives,1995,4
Export Value,1000 USD,Olives,1995,7
Import Quantity,t,Olives,1996,11
Import Value,1000 USD,Olives,1996,45
Export Quantity,t,Olives,1996,1
Export Value,1000 USD,Olives,1996,3
Import Quantity,t,Olives,1997,137
Import Value,1000 USD,Olives,1997,135
Export Quantity,t,Olives,1997,3
Export Value,1000 USD,Olives,1997,10
Import Quantity,t,Olives,1998,37
Import Value,1000 USD,Olives,1998,80
Export Quantity,t,Olives,1998,8
Export Value,1000 USD,Olives,1998,27
Import Quantity,t,Olives,1999,19
Import Value,1000 USD,Olives,1999,68
Export Quantity,t,Olives,1999,12
Export Value,1000 USD,Olives,1999,31
Import Quantity,t,Olives,2000,149
Import Value,1000 USD,Olives,2000,155
Export Quantity,t,Olives,2000,11
Export Value,1000 USD,Olives,2000,26
Import Quantity,t,Olives,2001,270
Import Value,1000 USD,Olives,2001,241
Export Quantity,t,Olives,2001,15
Export Value,1000 USD,Olives,2001,27
Import Quantity,t,Olives,2002,246
Import Value,1000 USD,Olives,2002,384
Export Quantity,t,Olives,2002,12
Export Value,1000 USD,Olives,2002,35
Import Quantity,t,Olives,2003,231
Import Value,1000 USD,Olives,2003,510
Export Quantity,t,Olives,2003,49
Export Value,1000 USD,Olives,2003,212
Import Quantity,t,Olives,2004,480
Import Value,1000 USD,Olives,2004,1013
Export Quantity,t,Olives,2004,56
Export Value,1000 USD,Olives,2004,201
Import Quantity,t,Olives,2005,791
Import Value,1000 USD,Olives,2005,2975
Export Quantity,t,Olives,2005,33
Export Value,1000 USD,Olives,2005,87
Import Quantity,t,Olives,2006,1165
Import Value,1000 USD,Olives,2006,3741
Export Quantity,t,Olives,2006,20
Export Value,1000 USD,Olives,2006,51
Import Quantity,t,Olives,2007,1559
Import Value,1000 USD,Olives,2007,5385
Export Quantity,t,Olives,2007,16
Export Value,1000 USD,Olives,2007,67
Import Quantity,t,Olives,2008,1730
Import Value,1000 USD,Olives,2008,7098
Export Quantity,t,Olives,2008,28
Export Value,1000 USD,Olives,2008,243
Import Quantity,t,Olives,2009,1491
Import Value,1000 USD,Olives,2009,5675
Export Quantity,t,Olives,2009,14
Export Value,1000 USD,Olives,2009,92
Import Quantity,t,Olives,2010,1267
Import Value,1000 USD,Olives,2010,5235
Export Quantity,t,Olives,2010,56
Export Value,1000 USD,Olives,2010,246
Import Quantity,t,Olives,2011,2072
Import Value,1000 USD,Olives,2011,6039
Export Quantity,t,Olives,2011,26
Export Value,1000 USD,Olives,2011,140
Import Quantity,t,Olives,2012,1479
Import Value,1000 USD,Olives,2012,5328
Export Quantity,t,Olives,2012,27
Export Value,1000 USD,Olives,2012,96
Import Quantity,t,Olives,2013,825
Import Value,1000 USD,Olives,2013,2769
Export Quantity,t,Olives,2013,33
Export Value,1000 USD,Olives,2013,200
Import Quantity,t,Olives,2014,639.04
Import Value,1000 USD,Olives,2014,1569
Export Quantity,t,Olives,2014,79.07
Export Value,1000 USD,Olives,2014,323
Import Quantity,t,Olives,2015,521.6
Import Value,1000 USD,Olives,2015,1294
Export Quantity,t,Olives,2015,112.5
Export Value,1000 USD,Olives,2015,341
Import Quantity,t,Olives,2016,572.2
Import Value,1000 USD,Olives,2016,1242
Export Quantity,t,Olives,2016,222.71
Export Value,1000 USD,Olives,2016,428
Import Quantity,t,Olives,2017,1049.72
Import Value,1000 USD,Olives,2017,2294
Export Quantity,t,Olives,2017,56.89
Export Value,1000 USD,Olives,2017,421
Import Quantity,t,Olives,2018,907
Import Value,1000 USD,Olives,2018,2186
Export Quantity,t,Olives,2018,244.18
Export Value,1000 USD,Olives,2018,1654
Import Quantity,t,Olives,2019,702.81
Import Value,1000 USD,Olives,2019,976
Export Quantity,t,Olives,2019,22.61
Export Value,1000 USD,Olives,2019,316
Import Quantity,t,Olives,2020,735.38
Import Value,1000 USD,Olives,2020,1011
Export Quantity,t,Olives,2020,10.26
Export Value,1000 USD,Olives,2020,234
Import Quantity,t,Olives,2021,633.95
Import Value,1000 USD,Olives,2021,1441
Export Quantity,t,Olives,2021,10.07
Export Value,1000 USD,Olives,2021,83
Import Quantity,t,Olives,2022,231.76
Import Value,1000 USD,Olives,2022,1016
Export Quantity,t,Olives,2022,8.96
Export Value,1000 USD,Olives,2022,82
Import Quantity,t,Orange juice,1961,15400
Import Value,1000 USD,Orange juice,1961,3287
Export Quantity,t,Orange juice,1961,471
Export Value,1000 USD,Orange juice,1961,151
Import Quantity,t,Orange juice,1962,16448
Import Value,1000 USD,Orange juice,1962,3746
Export Quantity,t,Orange juice,1962,76
Export Value,1000 USD,Orange juice,1962,20
Import Quantity,t,Orange juice,1963,18362
Import Value,1000 USD,Orange juice,1963,3996
Export Quantity,t,Orange juice,1963,159
Export Value,1000 USD,Orange juice,1963,38
Import Quantity,t,Orange juice,1964,24902
Import Value,1000 USD,Orange juice,1964,5482
Export Quantity,t,Orange juice,1964,163
Export Value,1000 USD,Orange juice,1964,49
Import Quantity,t,Orange juice,1965,23124
Import Value,1000 USD,Orange juice,1965,4995
Export Quantity,t,Orange juice,1965,152
Export Value,1000 USD,Orange juice,1965,39
Import Quantity,t,Orange juice,1966,22223
Import Value,1000 USD,Orange juice,1966,4690
Export Quantity,t,Orange juice,1966,152
Export Value,1000 USD,Orange juice,1966,40
Import Quantity,t,Orange juice,1967,25613
Import Value,1000 USD,Orange juice,1967,5343
Export Quantity,t,Orange juice,1967,98
Export Value,1000 USD,Orange juice,1967,30
Import Quantity,t,Orange juice,1968,27309
Import Value,1000 USD,Orange juice,1968,5140
Export Quantity,t,Orange juice,1968,118
Export Value,1000 USD,Orange juice,1968,34
Import Quantity,t,Orange juice,1969,25633
Import Value,1000 USD,Orange juice,1969,4807
Export Quantity,t,Orange juice,1969,475
Export Value,1000 USD,Orange juice,1969,161
Import Quantity,t,Orange juice,1970,27255
Import Value,1000 USD,Orange juice,1970,5940
Export Quantity,t,Orange juice,1970,0
Export Value,1000 USD,Orange juice,1970,0
Import Quantity,t,Orange juice,1971,43369
Import Value,1000 USD,Orange juice,1971,9855
Export Quantity,t,Orange juice,1971,0
Export Value,1000 USD,Orange juice,1971,0
Import Quantity,t,Orange juice,1972,44402
Import Value,1000 USD,Orange juice,1972,10421
Export Quantity,t,Orange juice,1972,0
Export Value,1000 USD,Orange juice,1972,0
Import Quantity,t,Orange juice,1973,44929
Import Value,1000 USD,Orange juice,1973,11079
Export Quantity,t,Orange juice,1973,0
Export Value,1000 USD,Orange juice,1973,0
Import Quantity,t,Orange juice,1974,44025
Import Value,1000 USD,Orange juice,1974,11796
Export Quantity,t,Orange juice,1974,0
Export Value,1000 USD,Orange juice,1974,0
Import Quantity,t,Orange juice,1975,33926
Import Value,1000 USD,Orange juice,1975,10352
Export Quantity,t,Orange juice,1975,0
Export Value,1000 USD,Orange juice,1975,0
Import Quantity,t,Orange juice,1976,61605
Import Value,1000 USD,Orange juice,1976,30902
Export Quantity,t,Orange juice,1976,1591
Export Value,1000 USD,Orange juice,1976,861
Import Quantity,t,Orange juice,1977,60974
Import Value,1000 USD,Orange juice,1977,39180
Export Quantity,t,Orange juice,1977,2665
Export Value,1000 USD,Orange juice,1977,1304
Import Quantity,t,Orange juice,1978,60750
Import Value,1000 USD,Orange juice,1978,52042
Export Quantity,t,Orange juice,1978,2267
Export Value,1000 USD,Orange juice,1978,1793
Import Quantity,t,Orange juice,1979,84920
Import Value,1000 USD,Orange juice,1979,75151
Export Quantity,t,Orange juice,1979,2870
Export Value,1000 USD,Orange juice,1979,2196
Import Quantity,t,Orange juice,1980,86457
Import Value,1000 USD,Orange juice,1980,80893
Export Quantity,t,Orange juice,1980,1561
Export Value,1000 USD,Orange juice,1980,1713
Import Quantity,t,Orange juice,1981,113458
Import Value,1000 USD,Orange juice,1981,105474
Export Quantity,t,Orange juice,1981,2117
Export Value,1000 USD,Orange juice,1981,2332
Import Quantity,t,Orange juice,1982,92676
Import Value,1000 USD,Orange juice,1982,96790
Export Quantity,t,Orange juice,1982,2360
Export Value,1000 USD,Orange juice,1982,2017
Import Quantity,t,Orange juice,1983,103858
Import Value,1000 USD,Orange juice,1983,107749
Export Quantity,t,Orange juice,1983,1767
Export Value,1000 USD,Orange juice,1983,1590
Import Quantity,t,Orange juice,1984,115035
Import Value,1000 USD,Orange juice,1984,132984
Export Quantity,t,Orange juice,1984,2430
Export Value,1000 USD,Orange juice,1984,2263
Import Quantity,t,Orange juice,1985,110570
Import Value,1000 USD,Orange juice,1985,147929
Export Quantity,t,Orange juice,1985,2868
Export Value,1000 USD,Orange juice,1985,3584
Import Quantity,t,Orange juice,1986,135692
Import Value,1000 USD,Orange juice,1986,124964
Export Quantity,t,Orange juice,1986,3386
Export Value,1000 USD,Orange juice,1986,3648
Import Quantity,t,Orange juice,1987,145920
Import Value,1000 USD,Orange juice,1987,191143
Export Quantity,t,Orange juice,1987,3153
Export Value,1000 USD,Orange juice,1987,2629
Import Quantity,t,Orange juice,1988,140306
Import Value,1000 USD,Orange juice,1988,269047
Export Quantity,t,Orange juice,1988,3458
Export Value,1000 USD,Orange juice,1988,5260
Import Quantity,t,Orange juice,1989,154747
Import Value,1000 USD,Orange juice,1989,250876
Export Quantity,t,Orange juice,1989,4033
Export Value,1000 USD,Orange juice,1989,6341
Import Quantity,t,Orange juice,1990,156457
Import Value,1000 USD,Orange juice,1990,284298
Export Quantity,t,Orange juice,1990,4164
Export Value,1000 USD,Orange juice,1990,8077
Import Quantity,t,Orange juice,1991,169028
Import Value,1000 USD,Orange juice,1991,222750
Export Quantity,t,Orange juice,1991,6398
Export Value,1000 USD,Orange juice,1991,7866
Import Quantity,t,Orange juice,1992,175362
Import Value,1000 USD,Orange juice,1992,291618
Export Quantity,t,Orange juice,1992,8032
Export Value,1000 USD,Orange juice,1992,8336
Import Quantity,t,Orange juice,1993,151224
Import Value,1000 USD,Orange juice,1993,148094
Export Quantity,t,Orange juice,1993,10306
Export Value,1000 USD,Orange juice,1993,9115
Import Quantity,t,Orange juice,1994,170798
Import Value,1000 USD,Orange juice,1994,183684
Export Quantity,t,Orange juice,1994,22843
Export Value,1000 USD,Orange juice,1994,18966
Import Quantity,t,Orange juice,1995,161677
Import Value,1000 USD,Orange juice,1995,197702
Export Quantity,t,Orange juice,1995,13804
Export Value,1000 USD,Orange juice,1995,12233
Import Quantity,t,Orange juice,1996,175681
Import Value,1000 USD,Orange juice,1996,217085
Export Quantity,t,Orange juice,1996,13636
Export Value,1000 USD,Orange juice,1996,13560
Import Quantity,t,Orange juice,1997,153242
Import Value,1000 USD,Orange juice,1997,140600
Export Quantity,t,Orange juice,1997,13408
Export Value,1000 USD,Orange juice,1997,10436
Import Quantity,t,Orange juice,1998,239207
Import Value,1000 USD,Orange juice,1998,234454
Export Quantity,t,Orange juice,1998,15320
Export Value,1000 USD,Orange juice,1998,11191
Import Quantity,t,Orange juice,1999,229644
Import Value,1000 USD,Orange juice,1999,254127
Export Quantity,t,Orange juice,1999,21326
Export Value,1000 USD,Orange juice,1999,19294
Import Quantity,t,Orange juice,2000,215772
Import Value,1000 USD,Orange juice,2000,196145
Export Quantity,t,Orange juice,2000,18613
Export Value,1000 USD,Orange juice,2000,16706
Import Quantity,t,Orange juice,2001,239632
Import Value,1000 USD,Orange juice,2001,184642
Export Quantity,t,Orange juice,2001,20680
Export Value,1000 USD,Orange juice,2001,16630
Import Quantity,t,Orange juice,2002,261150
Import Value,1000 USD,Orange juice,2002,232114
Export Quantity,t,Orange juice,2002,16648
Export Value,1000 USD,Orange juice,2002,17721
Import Quantity,t,Orange juice,2003,417167
Import Value,1000 USD,Orange juice,2003,285653
Export Quantity,t,Orange juice,2003,17037
Export Value,1000 USD,Orange juice,2003,17306
Import Quantity,t,Orange juice,2004,255465
Import Value,1000 USD,Orange juice,2004,216655
Export Quantity,t,Orange juice,2004,26897
Export Value,1000 USD,Orange juice,2004,25389
Import Quantity,t,Orange juice,2005,268794
Import Value,1000 USD,Orange juice,2005,206786
Export Quantity,t,Orange juice,2005,5868
Export Value,1000 USD,Orange juice,2005,8378
Import Quantity,t,Orange juice,2006,275907
Import Value,1000 USD,Orange juice,2006,275099
Export Quantity,t,Orange juice,2006,7128
Export Value,1000 USD,Orange juice,2006,13802
Import Quantity,t,Orange juice,2007,193663
Import Value,1000 USD,Orange juice,2007,278323
Export Quantity,t,Orange juice,2007,5919
Export Value,1000 USD,Orange juice,2007,14609
Import Quantity,t,Orange juice,2008,215349
Import Value,1000 USD,Orange juice,2008,299576
Export Quantity,t,Orange juice,2008,6236
Export Value,1000 USD,Orange juice,2008,15143
Import Quantity,t,Orange juice,2009,239893
Import Value,1000 USD,Orange juice,2009,238414
Export Quantity,t,Orange juice,2009,10634
Export Value,1000 USD,Orange juice,2009,18741
Import Quantity,t,Orange juice,2010,243549
Import Value,1000 USD,Orange juice,2010,241488
Export Quantity,t,Orange juice,2010,13222
Export Value,1000 USD,Orange juice,2010,20493
Import Quantity,t,Orange juice,2011,230299
Import Value,1000 USD,Orange juice,2011,297267
Export Quantity,t,Orange juice,2011,11858
Export Value,1000 USD,Orange juice,2011,22899
Import Quantity,t,Orange juice,2012,250541
Import Value,1000 USD,Orange juice,2012,318894
Export Quantity,t,Orange juice,2012,16893
Export Value,1000 USD,Orange juice,2012,30807
Import Quantity,t,Orange juice,2013,113120
Import Value,1000 USD,Orange juice,2013,118101
Export Quantity,t,Orange juice,2013,20054
Export Value,1000 USD,Orange juice,2013,30050
Import Quantity,t,Orange juice,2014,108752.27
Import Value,1000 USD,Orange juice,2014,114746
Export Quantity,t,Orange juice,2014,31289.12
Export Value,1000 USD,Orange juice,2014,49753
Import Quantity,t,Orange juice,2015,135258.87
Import Value,1000 USD,Orange juice,2015,114037
Export Quantity,t,Orange juice,2015,51648.6
Export Value,1000 USD,Orange juice,2015,62480
Import Quantity,t,Orange juice,2016,338909.78
Import Value,1000 USD,Orange juice,2016,271611
Export Quantity,t,Orange juice,2016,27867.1
Export Value,1000 USD,Orange juice,2016,35382
Import Quantity,t,Orange juice,2017,301511.97
Import Value,1000 USD,Orange juice,2017,228419
Export Quantity,t,Orange juice,2017,13586.92
Export Value,1000 USD,Orange juice,2017,19209
Import Quantity,t,Orange juice,2018,285895.23
Import Value,1000 USD,Orange juice,2018,257577
Export Quantity,t,Orange juice,2018,10122.82
Export Value,1000 USD,Orange juice,2018,14897
Import Quantity,t,Orange juice,2019,286445.39
Import Value,1000 USD,Orange juice,2019,257368
Export Quantity,t,Orange juice,2019,13852.19
Export Value,1000 USD,Orange juice,2019,16575
Import Quantity,t,Orange juice,2020,295050.34
Import Value,1000 USD,Orange juice,2020,263891
Export Quantity,t,Orange juice,2020,16140.48
Export Value,1000 USD,Orange juice,2020,19530
Import Quantity,t,Orange juice,2021,328973.85
Import Value,1000 USD,Orange juice,2021,300600
Export Quantity,t,Orange juice,2021,18122.73
Export Value,1000 USD,Orange juice,2021,19973
Import Quantity,t,Orange juice,2022,380972.08
Import Value,1000 USD,Orange juice,2022,301428
Export Quantity,t,Orange juice,2022,9713.49
Export Value,1000 USD,Orange juice,2022,13967
Import Quantity,t,Oranges,1961,388729
Import Value,1000 USD,Oranges,1961,64203
Export Quantity,t,Oranges,1961,4194
Export Value,1000 USD,Oranges,1961,775
Import Quantity,t,Oranges,1962,404906
Import Value,1000 USD,Oranges,1962,64452
Export Quantity,t,Oranges,1962,6331
Export Value,1000 USD,Oranges,1962,1134
Import Quantity,t,Oranges,1963,362643
Import Value,1000 USD,Oranges,1963,64086
Export Quantity,t,Oranges,1963,4667
Export Value,1000 USD,Oranges,1963,854
Import Quantity,t,Oranges,1964,410154
Import Value,1000 USD,Oranges,1964,64889
Export Quantity,t,Oranges,1964,5449
Export Value,1000 USD,Oranges,1964,1056
Import Quantity,t,Oranges,1965,372536
Import Value,1000 USD,Oranges,1965,65044
Export Quantity,t,Oranges,1965,4302
Export Value,1000 USD,Oranges,1965,853
Import Quantity,t,Oranges,1966,397538
Import Value,1000 USD,Oranges,1966,71793
Export Quantity,t,Oranges,1966,4709
Export Value,1000 USD,Oranges,1966,994
Import Quantity,t,Oranges,1967,391512
Import Value,1000 USD,Oranges,1967,71195
Export Quantity,t,Oranges,1967,5105
Export Value,1000 USD,Oranges,1967,1156
Import Quantity,t,Oranges,1968,390428
Import Value,1000 USD,Oranges,1968,61717
Export Quantity,t,Oranges,1968,6822
Export Value,1000 USD,Oranges,1968,1439
Import Quantity,t,Oranges,1969,390590
Import Value,1000 USD,Oranges,1969,68738
Export Quantity,t,Oranges,1969,5105
Export Value,1000 USD,Oranges,1969,1006
Import Quantity,t,Oranges,1970,421211
Import Value,1000 USD,Oranges,1970,72195
Export Quantity,t,Oranges,1970,5040
Export Value,1000 USD,Oranges,1970,1006
Import Quantity,t,Oranges,1971,410770
Import Value,1000 USD,Oranges,1971,80952
Export Quantity,t,Oranges,1971,3290
Export Value,1000 USD,Oranges,1971,693
Import Quantity,t,Oranges,1972,395964
Import Value,1000 USD,Oranges,1972,81438
Export Quantity,t,Oranges,1972,5524
Export Value,1000 USD,Oranges,1972,1399
Import Quantity,t,Oranges,1973,423268
Import Value,1000 USD,Oranges,1973,71523
Export Quantity,t,Oranges,1973,7746
Export Value,1000 USD,Oranges,1973,2510
Import Quantity,t,Oranges,1974,374645
Import Value,1000 USD,Oranges,1974,74622
Export Quantity,t,Oranges,1974,8664
Export Value,1000 USD,Oranges,1974,3165
Import Quantity,t,Oranges,1975,368031
Import Value,1000 USD,Oranges,1975,91282
Export Quantity,t,Oranges,1975,12489
Export Value,1000 USD,Oranges,1975,4769
Import Quantity,t,Oranges,1976,348492
Import Value,1000 USD,Oranges,1976,84273
Export Quantity,t,Oranges,1976,11482
Export Value,1000 USD,Oranges,1976,3825
Import Quantity,t,Oranges,1977,336920
Import Value,1000 USD,Oranges,1977,104220
Export Quantity,t,Oranges,1977,14838
Export Value,1000 USD,Oranges,1977,5842
Import Quantity,t,Oranges,1978,337587
Import Value,1000 USD,Oranges,1978,116757
Export Quantity,t,Oranges,1978,14643
Export Value,1000 USD,Oranges,1978,6528
Import Quantity,t,Oranges,1979,334818
Import Value,1000 USD,Oranges,1979,140583
Export Quantity,t,Oranges,1979,17814
Export Value,1000 USD,Oranges,1979,9623
Import Quantity,t,Oranges,1980,375193
Import Value,1000 USD,Oranges,1980,165484
Export Quantity,t,Oranges,1980,17121
Export Value,1000 USD,Oranges,1980,10369
Import Quantity,t,Oranges,1981,344148
Import Value,1000 USD,Oranges,1981,136608
Export Quantity,t,Oranges,1981,14057
Export Value,1000 USD,Oranges,1981,7633
Import Quantity,t,Oranges,1982,315066
Import Value,1000 USD,Oranges,1982,117433
Export Quantity,t,Oranges,1982,16617
Export Value,1000 USD,Oranges,1982,8918
Import Quantity,t,Oranges,1983,305218
Import Value,1000 USD,Oranges,1983,113662
Export Quantity,t,Oranges,1983,16352
Export Value,1000 USD,Oranges,1983,8924
Import Quantity,t,Oranges,1984,316471
Import Value,1000 USD,Oranges,1984,99756
Export Quantity,t,Oranges,1984,11280
Export Value,1000 USD,Oranges,1984,4886
Import Quantity,t,Oranges,1985,283790
Import Value,1000 USD,Oranges,1985,113181
Export Quantity,t,Oranges,1985,10562
Export Value,1000 USD,Oranges,1985,4897
Import Quantity,t,Oranges,1986,344436
Import Value,1000 USD,Oranges,1986,133428
Export Quantity,t,Oranges,1986,13448
Export Value,1000 USD,Oranges,1986,6964
Import Quantity,t,Oranges,1987,333616
Import Value,1000 USD,Oranges,1987,150755
Export Quantity,t,Oranges,1987,17354
Export Value,1000 USD,Oranges,1987,10631
Import Quantity,t,Oranges,1988,400238
Import Value,1000 USD,Oranges,1988,179019
Export Quantity,t,Oranges,1988,15327
Export Value,1000 USD,Oranges,1988,10448
Import Quantity,t,Oranges,1989,362738
Import Value,1000 USD,Oranges,1989,158472
Export Quantity,t,Oranges,1989,12673
Export Value,1000 USD,Oranges,1989,7872
Import Quantity,t,Oranges,1990,390441
Import Value,1000 USD,Oranges,1990,205795
Export Quantity,t,Oranges,1990,16484
Export Value,1000 USD,Oranges,1990,11940
Import Quantity,t,Oranges,1991,372790
Import Value,1000 USD,Oranges,1991,193033
Export Quantity,t,Oranges,1991,16626
Export Value,1000 USD,Oranges,1991,12174
Import Quantity,t,Oranges,1992,371895
Import Value,1000 USD,Oranges,1992,182588
Export Quantity,t,Oranges,1992,19112
Export Value,1000 USD,Oranges,1992,12640
Import Quantity,t,Oranges,1993,348738
Import Value,1000 USD,Oranges,1993,136068
Export Quantity,t,Oranges,1993,7732
Export Value,1000 USD,Oranges,1993,3832
Import Quantity,t,Oranges,1994,342961
Import Value,1000 USD,Oranges,1994,153308
Export Quantity,t,Oranges,1994,11783
Export Value,1000 USD,Oranges,1994,6341
Import Quantity,t,Oranges,1995,321692
Import Value,1000 USD,Oranges,1995,164312
Export Quantity,t,Oranges,1995,15746
Export Value,1000 USD,Oranges,1995,10789
Import Quantity,t,Oranges,1996,318682
Import Value,1000 USD,Oranges,1996,188494
Export Quantity,t,Oranges,1996,11218
Export Value,1000 USD,Oranges,1996,8280
Import Quantity,t,Oranges,1997,326530
Import Value,1000 USD,Oranges,1997,192423
Export Quantity,t,Oranges,1997,14536
Export Value,1000 USD,Oranges,1997,10328
Import Quantity,t,Oranges,1998,348562
Import Value,1000 USD,Oranges,1998,179754
Export Quantity,t,Oranges,1998,15249
Export Value,1000 USD,Oranges,1998,9722
Import Quantity,t,Oranges,1999,292686
Import Value,1000 USD,Oranges,1999,150599
Export Quantity,t,Oranges,1999,14485
Export Value,1000 USD,Oranges,1999,7678
Import Quantity,t,Oranges,2000,316774
Import Value,1000 USD,Oranges,2000,141602
Export Quantity,t,Oranges,2000,11324
Export Value,1000 USD,Oranges,2000,5623
Import Quantity,t,Oranges,2001,302897
Import Value,1000 USD,Oranges,2001,152829
Export Quantity,t,Oranges,2001,13935
Export Value,1000 USD,Oranges,2001,7424
Import Quantity,t,Oranges,2002,314186
Import Value,1000 USD,Oranges,2002,154758
Export Quantity,t,Oranges,2002,9098
Export Value,1000 USD,Oranges,2002,5186
Import Quantity,t,Oranges,2003,325978
Import Value,1000 USD,Oranges,2003,183600
Export Quantity,t,Oranges,2003,16974
Export Value,1000 USD,Oranges,2003,10204
Import Quantity,t,Oranges,2004,357990
Import Value,1000 USD,Oranges,2004,218815
Export Quantity,t,Oranges,2004,25769
Export Value,1000 USD,Oranges,2004,17320
Import Quantity,t,Oranges,2005,339734
Import Value,1000 USD,Oranges,2005,213965
Export Quantity,t,Oranges,2005,27813
Export Value,1000 USD,Oranges,2005,20216
Import Quantity,t,Oranges,2006,346711
Import Value,1000 USD,Oranges,2006,214823
Export Quantity,t,Oranges,2006,41643
Export Value,1000 USD,Oranges,2006,37855
Import Quantity,t,Oranges,2007,344180
Import Value,1000 USD,Oranges,2007,255598
Export Quantity,t,Oranges,2007,16858
Export Value,1000 USD,Oranges,2007,13001
Import Quantity,t,Oranges,2008,298600
Import Value,1000 USD,Oranges,2008,232742
Export Quantity,t,Oranges,2008,18096
Export Value,1000 USD,Oranges,2008,13946
Import Quantity,t,Oranges,2009,277666
Import Value,1000 USD,Oranges,2009,199697
Export Quantity,t,Oranges,2009,29832
Export Value,1000 USD,Oranges,2009,17241
Import Quantity,t,Oranges,2010,275647
Import Value,1000 USD,Oranges,2010,211458
Export Quantity,t,Oranges,2010,35219
Export Value,1000 USD,Oranges,2010,22332
Import Quantity,t,Oranges,2011,284649
Import Value,1000 USD,Oranges,2011,222886
Export Quantity,t,Oranges,2011,38750
Export Value,1000 USD,Oranges,2011,25526
Import Quantity,t,Oranges,2012,281974
Import Value,1000 USD,Oranges,2012,218794
Export Quantity,t,Oranges,2012,30513
Export Value,1000 USD,Oranges,2012,17124
Import Quantity,t,Oranges,2013,290866
Import Value,1000 USD,Oranges,2013,246532
Export Quantity,t,Oranges,2013,43760
Export Value,1000 USD,Oranges,2013,23355
Import Quantity,t,Oranges,2014,274692.7
Import Value,1000 USD,Oranges,2014,216365
Export Quantity,t,Oranges,2014,27628.79
Export Value,1000 USD,Oranges,2014,14186
Import Quantity,t,Oranges,2015,277867.3
Import Value,1000 USD,Oranges,2015,197692
Export Quantity,t,Oranges,2015,27744.9
Export Value,1000 USD,Oranges,2015,12943
Import Quantity,t,Oranges,2016,283368.61
Import Value,1000 USD,Oranges,2016,206539
Export Quantity,t,Oranges,2016,28490.91
Export Value,1000 USD,Oranges,2016,14623
Import Quantity,t,Oranges,2017,276048.22
Import Value,1000 USD,Oranges,2017,234866
Export Quantity,t,Oranges,2017,30133.14
Export Value,1000 USD,Oranges,2017,16471
Import Quantity,t,Oranges,2018,266228.25
Import Value,1000 USD,Oranges,2018,225998
Export Quantity,t,Oranges,2018,27477.75
Export Value,1000 USD,Oranges,2018,15243
Import Quantity,t,Oranges,2019,261162.76
Import Value,1000 USD,Oranges,2019,198951
Export Quantity,t,Oranges,2019,32773.44
Export Value,1000 USD,Oranges,2019,16510
Import Quantity,t,Oranges,2020,266999.63
Import Value,1000 USD,Oranges,2020,250370
Export Quantity,t,Oranges,2020,33623.41
Export Value,1000 USD,Oranges,2020,24409
Import Quantity,t,Oranges,2021,245925.57
Import Value,1000 USD,Oranges,2021,228113
Export Quantity,t,Oranges,2021,373.44
Export Value,1000 USD,Oranges,2021,564
Import Quantity,t,Oranges,2022,251646.66
Import Value,1000 USD,Oranges,2022,210666
Export Quantity,t,Oranges,2022,301.4
Export Value,1000 USD,Oranges,2022,411
Import Quantity,t,Palm oil,1961,163432
Import Value,1000 USD,Palm oil,1961,36389
Export Quantity,t,Palm oil,1961,1399
Export Value,1000 USD,Palm oil,1961,398
Import Quantity,t,Palm oil,1962,112893
Import Value,1000 USD,Palm oil,1962,24215
Export Quantity,t,Palm oil,1962,698
Export Value,1000 USD,Palm oil,1962,284
Import Quantity,t,Palm oil,1963,113803
Import Value,1000 USD,Palm oil,1963,24353
Export Quantity,t,Palm oil,1963,567
Export Value,1000 USD,Palm oil,1963,129
Import Quantity,t,Palm oil,1964,115877
Import Value,1000 USD,Palm oil,1964,26649
Export Quantity,t,Palm oil,1964,429
Export Value,1000 USD,Palm oil,1964,133
Import Quantity,t,Palm oil,1965,117180
Import Value,1000 USD,Palm oil,1965,30033
Export Quantity,t,Palm oil,1965,840
Export Value,1000 USD,Palm oil,1965,260
Import Quantity,t,Palm oil,1966,150246
Import Value,1000 USD,Palm oil,1966,34650
Export Quantity,t,Palm oil,1966,376
Export Value,1000 USD,Palm oil,1966,109
Import Quantity,t,Palm oil,1967,98706
Import Value,1000 USD,Palm oil,1967,22196
Export Quantity,t,Palm oil,1967,289
Export Value,1000 USD,Palm oil,1967,94
Import Quantity,t,Palm oil,1968,108739
Import Value,1000 USD,Palm oil,1968,18502
Export Quantity,t,Palm oil,1968,2
Export Value,1000 USD,Palm oil,1968,1
Import Quantity,t,Palm oil,1969,139396
Import Value,1000 USD,Palm oil,1969,21965
Export Quantity,t,Palm oil,1969,0
Export Value,1000 USD,Palm oil,1969,0
Import Quantity,t,Palm oil,1970,162720
Import Value,1000 USD,Palm oil,1970,38056
Export Quantity,t,Palm oil,1970,554
Export Value,1000 USD,Palm oil,1970,131
Import Quantity,t,Palm oil,1971,222539
Import Value,1000 USD,Palm oil,1971,54933
Export Quantity,t,Palm oil,1971,234
Export Value,1000 USD,Palm oil,1971,90
Import Quantity,t,Palm oil,1972,207936
Import Value,1000 USD,Palm oil,1972,45979
Export Quantity,t,Palm oil,1972,2817
Export Value,1000 USD,Palm oil,1972,610
Import Quantity,t,Palm oil,1973,244120
Import Value,1000 USD,Palm oil,1973,63417
Export Quantity,t,Palm oil,1973,309
Export Value,1000 USD,Palm oil,1973,115
Import Quantity,t,Palm oil,1974,219294
Import Value,1000 USD,Palm oil,1974,120868
Export Quantity,t,Palm oil,1974,259
Export Value,1000 USD,Palm oil,1974,199
Import Quantity,t,Palm oil,1975,204434
Import Value,1000 USD,Palm oil,1975,97806
Export Quantity,t,Palm oil,1975,1882
Export Value,1000 USD,Palm oil,1975,782
Import Quantity,t,Palm oil,1976,242184
Import Value,1000 USD,Palm oil,1976,90417
Export Quantity,t,Palm oil,1976,157
Export Value,1000 USD,Palm oil,1976,78
Import Quantity,t,Palm oil,1977,227801
Import Value,1000 USD,Palm oil,1977,122185
Export Quantity,t,Palm oil,1977,925
Export Value,1000 USD,Palm oil,1977,613
Import Quantity,t,Palm oil,1978,217409
Import Value,1000 USD,Palm oil,1978,118598
Export Quantity,t,Palm oil,1978,1797
Export Value,1000 USD,Palm oil,1978,1025
Import Quantity,t,Palm oil,1979,228572
Import Value,1000 USD,Palm oil,1979,152606
Export Quantity,t,Palm oil,1979,1239
Export Value,1000 USD,Palm oil,1979,1125
Import Quantity,t,Palm oil,1980,181610
Import Value,1000 USD,Palm oil,1980,114107
Export Quantity,t,Palm oil,1980,996
Export Value,1000 USD,Palm oil,1980,828
Import Quantity,t,Palm oil,1981,164915
Import Value,1000 USD,Palm oil,1981,94900
Export Quantity,t,Palm oil,1981,1410
Export Value,1000 USD,Palm oil,1981,1132
Import Quantity,t,Palm oil,1982,186080
Import Value,1000 USD,Palm oil,1982,90376
Export Quantity,t,Palm oil,1982,420
Export Value,1000 USD,Palm oil,1982,249
Import Quantity,t,Palm oil,1983,198154
Import Value,1000 USD,Palm oil,1983,88966
Export Quantity,t,Palm oil,1983,580
Export Value,1000 USD,Palm oil,1983,541
Import Quantity,t,Palm oil,1984,161676
Import Value,1000 USD,Palm oil,1984,115462
Export Quantity,t,Palm oil,1984,1025
Export Value,1000 USD,Palm oil,1984,1105
Import Quantity,t,Palm oil,1985,211237
Import Value,1000 USD,Palm oil,1985,128891
Export Quantity,t,Palm oil,1985,1740
Export Value,1000 USD,Palm oil,1985,1546
Import Quantity,t,Palm oil,1986,274515
Import Value,1000 USD,Palm oil,1986,87754
Export Quantity,t,Palm oil,1986,4094
Export Value,1000 USD,Palm oil,1986,2422
Import Quantity,t,Palm oil,1987,289406
Import Value,1000 USD,Palm oil,1987,97445
Export Quantity,t,Palm oil,1987,7135
Export Value,1000 USD,Palm oil,1987,2402
Import Quantity,t,Palm oil,1988,237949
Import Value,1000 USD,Palm oil,1988,104643
Export Quantity,t,Palm oil,1988,4886
Export Value,1000 USD,Palm oil,1988,3707
Import Quantity,t,Palm oil,1989,305449
Import Value,1000 USD,Palm oil,1989,121221
Export Quantity,t,Palm oil,1989,4371
Export Value,1000 USD,Palm oil,1989,3402
Import Quantity,t,Palm oil,1990,285591
Import Value,1000 USD,Palm oil,1990,105825
Export Quantity,t,Palm oil,1990,4207
Export Value,1000 USD,Palm oil,1990,4781
Import Quantity,t,Palm oil,1991,364435
Import Value,1000 USD,Palm oil,1991,121648
Export Quantity,t,Palm oil,1991,4431
Export Value,1000 USD,Palm oil,1991,3889
Import Quantity,t,Palm oil,1992,324250
Import Value,1000 USD,Palm oil,1992,122305
Export Quantity,t,Palm oil,1992,6314
Export Value,1000 USD,Palm oil,1992,4140
Import Quantity,t,Palm oil,1993,419855
Import Value,1000 USD,Palm oil,1993,153521
Export Quantity,t,Palm oil,1993,12143
Export Value,1000 USD,Palm oil,1993,9552
Import Quantity,t,Palm oil,1994,423938
Import Value,1000 USD,Palm oil,1994,195103
Export Quantity,t,Palm oil,1994,18510
Export Value,1000 USD,Palm oil,1994,16651
Import Quantity,t,Palm oil,1995,352558
Import Value,1000 USD,Palm oil,1995,206902
Export Quantity,t,Palm oil,1995,22606
Export Value,1000 USD,Palm oil,1995,18176
Import Quantity,t,Palm oil,1996,433939
Import Value,1000 USD,Palm oil,1996,201405
Export Quantity,t,Palm oil,1996,9609
Export Value,1000 USD,Palm oil,1996,7802
Import Quantity,t,Palm oil,1997,438434
Import Value,1000 USD,Palm oil,1997,213398
Export Quantity,t,Palm oil,1997,31463
Export Value,1000 USD,Palm oil,1997,23087
Import Quantity,t,Palm oil,1998,372101
Import Value,1000 USD,Palm oil,1998,209001
Export Quantity,t,Palm oil,1998,26518
Export Value,1000 USD,Palm oil,1998,24568
Import Quantity,t,Palm oil,1999,463337
Import Value,1000 USD,Palm oil,1999,205896
Export Quantity,t,Palm oil,1999,30777
Export Value,1000 USD,Palm oil,1999,21279
Import Quantity,t,Palm oil,2000,554022
Import Value,1000 USD,Palm oil,2000,170757
Export Quantity,t,Palm oil,2000,26800
Export Value,1000 USD,Palm oil,2000,13950
Import Quantity,t,Palm oil,2001,619549
Import Value,1000 USD,Palm oil,2001,172722
Export Quantity,t,Palm oil,2001,33250
Export Value,1000 USD,Palm oil,2001,16955
Import Quantity,t,Palm oil,2002,623401
Import Value,1000 USD,Palm oil,2002,246812
Export Quantity,t,Palm oil,2002,49967
Export Value,1000 USD,Palm oil,2002,28016
Import Quantity,t,Palm oil,2003,782188
Import Value,1000 USD,Palm oil,2003,319201
Export Quantity,t,Palm oil,2003,43857
Export Value,1000 USD,Palm oil,2003,28455
Import Quantity,t,Palm oil,2004,706083
Import Value,1000 USD,Palm oil,2004,347638
Export Quantity,t,Palm oil,2004,48060
Export Value,1000 USD,Palm oil,2004,38633
Import Quantity,t,Palm oil,2005,668841
Import Value,1000 USD,Palm oil,2005,306811
Export Quantity,t,Palm oil,2005,35183
Export Value,1000 USD,Palm oil,2005,28861
Import Quantity,t,Palm oil,2006,692513
Import Value,1000 USD,Palm oil,2006,338294
Export Quantity,t,Palm oil,2006,25928
Export Value,1000 USD,Palm oil,2006,23003
Import Quantity,t,Palm oil,2007,491944
Import Value,1000 USD,Palm oil,2007,359339
Export Quantity,t,Palm oil,2007,21374
Export Value,1000 USD,Palm oil,2007,23351
Import Quantity,t,Palm oil,2008,456689
Import Value,1000 USD,Palm oil,2008,490978
Export Quantity,t,Palm oil,2008,20863
Export Value,1000 USD,Palm oil,2008,30827
Import Quantity,t,Palm oil,2009,448281
Import Value,1000 USD,Palm oil,2009,321664
Export Quantity,t,Palm oil,2009,18628
Export Value,1000 USD,Palm oil,2009,21790
Import Quantity,t,Palm oil,2010,416798
Import Value,1000 USD,Palm oil,2010,357364
Export Quantity,t,Palm oil,2010,15559
Export Value,1000 USD,Palm oil,2010,20041
Import Quantity,t,Palm oil,2011,395482
Import Value,1000 USD,Palm oil,2011,471324
Export Quantity,t,Palm oil,2011,19799
Export Value,1000 USD,Palm oil,2011,28671
Import Quantity,t,Palm oil,2012,426455
Import Value,1000 USD,Palm oil,2012,488684
Export Quantity,t,Palm oil,2012,17207
Export Value,1000 USD,Palm oil,2012,29618
Import Quantity,t,Palm oil,2013,421937
Import Value,1000 USD,Palm oil,2013,392841
Export Quantity,t,Palm oil,2013,26842
Export Value,1000 USD,Palm oil,2013,47615
Import Quantity,t,Palm oil,2014,391234.05
Import Value,1000 USD,Palm oil,2014,377519
Export Quantity,t,Palm oil,2014,20840.12
Export Value,1000 USD,Palm oil,2014,35635
Import Quantity,t,Palm oil,2015,394493.03
Import Value,1000 USD,Palm oil,2015,296517
Export Quantity,t,Palm oil,2015,27239.09
Export Value,1000 USD,Palm oil,2015,37106
Import Quantity,t,Palm oil,2016,393902.73
Import Value,1000 USD,Palm oil,2016,279326
Export Quantity,t,Palm oil,2016,21685.81
Export Value,1000 USD,Palm oil,2016,30970
Import Quantity,t,Palm oil,2017,414520.31
Import Value,1000 USD,Palm oil,2017,346720
Export Quantity,t,Palm oil,2017,37832.14
Export Value,1000 USD,Palm oil,2017,47717
Import Quantity,t,Palm oil,2018,398582.97
Import Value,1000 USD,Palm oil,2018,314248
Export Quantity,t,Palm oil,2018,43115.62
Export Value,1000 USD,Palm oil,2018,52604
Import Quantity,t,Palm oil,2019,449615.57
Import Value,1000 USD,Palm oil,2019,291299
Export Quantity,t,Palm oil,2019,27592.28
Export Value,1000 USD,Palm oil,2019,29340
Import Quantity,t,Palm oil,2020,424446.89
Import Value,1000 USD,Palm oil,2020,325455
Export Quantity,t,Palm oil,2020,32404.51
Export Value,1000 USD,Palm oil,2020,33884
Import Quantity,t,Palm oil,2021,390419.69
Import Value,1000 USD,Palm oil,2021,459897
Export Quantity,t,Palm oil,2021,4957.02
Export Value,1000 USD,Palm oil,2021,7696
Import Quantity,t,Palm oil,2022,360689.48
Import Value,1000 USD,Palm oil,2022,558201
Export Quantity,t,Palm oil,2022,4660.73
Export Value,1000 USD,Palm oil,2022,9871
Import Quantity,t,Papayas,1961,0
Import Value,1000 USD,Papayas,1961,0
Export Quantity,t,Papayas,1961,0
Export Value,1000 USD,Papayas,1961,0
Import Quantity,t,Papayas,1962,0
Import Value,1000 USD,Papayas,1962,0
Export Quantity,t,Papayas,1962,0
Export Value,1000 USD,Papayas,1962,0
Import Quantity,t,Papayas,1963,0
Import Value,1000 USD,Papayas,1963,0
Export Quantity,t,Papayas,1963,0
Export Value,1000 USD,Papayas,1963,0
Import Quantity,t,Papayas,1964,0
Import Value,1000 USD,Papayas,1964,0
Export Quantity,t,Papayas,1964,0
Export Value,1000 USD,Papayas,1964,0
Import Quantity,t,Papayas,1965,0
Import Value,1000 USD,Papayas,1965,0
Export Quantity,t,Papayas,1965,0
Export Value,1000 USD,Papayas,1965,0
Import Quantity,t,Papayas,1966,0
Import Value,1000 USD,Papayas,1966,0
Export Quantity,t,Papayas,1966,0
Export Value,1000 USD,Papayas,1966,0
Import Quantity,t,Papayas,1967,0
Import Value,1000 USD,Papayas,1967,0
Export Quantity,t,Papayas,1967,0
Export Value,1000 USD,Papayas,1967,0
Import Quantity,t,Papayas,1968,0
Import Value,1000 USD,Papayas,1968,0
Export Quantity,t,Papayas,1968,0
Export Value,1000 USD,Papayas,1968,0
Import Quantity,t,Papayas,1969,0
Import Value,1000 USD,Papayas,1969,0
Export Quantity,t,Papayas,1969,0
Export Value,1000 USD,Papayas,1969,0
Import Quantity,t,Papayas,1970,0
Import Value,1000 USD,Papayas,1970,0
Export Quantity,t,Papayas,1970,0
Export Value,1000 USD,Papayas,1970,0
Import Quantity,t,Papayas,1971,0
Import Value,1000 USD,Papayas,1971,0
Export Quantity,t,Papayas,1971,0
Export Value,1000 USD,Papayas,1971,0
Import Quantity,t,Papayas,1972,0
Import Value,1000 USD,Papayas,1972,0
Export Quantity,t,Papayas,1972,0
Export Value,1000 USD,Papayas,1972,0
Import Quantity,t,Papayas,1973,0
Import Value,1000 USD,Papayas,1973,0
Export Quantity,t,Papayas,1973,0
Export Value,1000 USD,Papayas,1973,0
Import Quantity,t,Papayas,1974,0
Import Value,1000 USD,Papayas,1974,0
Export Quantity,t,Papayas,1974,0
Export Value,1000 USD,Papayas,1974,0
Import Quantity,t,Papayas,1975,0
Import Value,1000 USD,Papayas,1975,0
Export Quantity,t,Papayas,1975,0
Export Value,1000 USD,Papayas,1975,0
Import Quantity,t,Papayas,1976,0
Import Value,1000 USD,Papayas,1976,0
Export Quantity,t,Papayas,1976,0
Export Value,1000 USD,Papayas,1976,0
Import Quantity,t,Papayas,1977,0
Import Value,1000 USD,Papayas,1977,0
Export Quantity,t,Papayas,1977,0
Export Value,1000 USD,Papayas,1977,0
Import Quantity,t,Papayas,1978,0
Import Value,1000 USD,Papayas,1978,0
Export Quantity,t,Papayas,1978,0
Export Value,1000 USD,Papayas,1978,0
Import Quantity,t,Papayas,1979,0
Import Value,1000 USD,Papayas,1979,0
Export Quantity,t,Papayas,1979,0
Export Value,1000 USD,Papayas,1979,0
Import Quantity,t,Papayas,1980,0
Import Value,1000 USD,Papayas,1980,0
Export Quantity,t,Papayas,1980,0
Export Value,1000 USD,Papayas,1980,0
Import Quantity,t,Papayas,1981,0
Import Value,1000 USD,Papayas,1981,0
Export Quantity,t,Papayas,1981,0
Export Value,1000 USD,Papayas,1981,0
Import Quantity,t,Papayas,1982,0
Import Value,1000 USD,Papayas,1982,0
Export Quantity,t,Papayas,1982,0
Export Value,1000 USD,Papayas,1982,0
Import Quantity,t,Papayas,1983,485
Import Value,1000 USD,Papayas,1983,935
Export Quantity,t,Papayas,1983,1
Export Value,1000 USD,Papayas,1983,2
Import Quantity,t,Papayas,1984,642
Import Value,1000 USD,Papayas,1984,1006
Export Quantity,t,Papayas,1984,4
Export Value,1000 USD,Papayas,1984,6
Import Quantity,t,Papayas,1985,565
Import Value,1000 USD,Papayas,1985,951
Export Quantity,t,Papayas,1985,20
Export Value,1000 USD,Papayas,1985,34
Import Quantity,t,Papayas,1986,681
Import Value,1000 USD,Papayas,1986,1235
Export Quantity,t,Papayas,1986,19
Export Value,1000 USD,Papayas,1986,28
Import Quantity,t,Papayas,1987,1029
Import Value,1000 USD,Papayas,1987,1902
Export Quantity,t,Papayas,1987,15
Export Value,1000 USD,Papayas,1987,15
Import Quantity,t,Papayas,1988,1366
Import Value,1000 USD,Papayas,1988,2377
Export Quantity,t,Papayas,1988,15
Export Value,1000 USD,Papayas,1988,17
Import Quantity,t,Papayas,1989,1557
Import Value,1000 USD,Papayas,1989,2923
Export Quantity,t,Papayas,1989,57
Export Value,1000 USD,Papayas,1989,83
Import Quantity,t,Papayas,1990,1654
Import Value,1000 USD,Papayas,1990,3162
Export Quantity,t,Papayas,1990,72
Export Value,1000 USD,Papayas,1990,103
Import Quantity,t,Papayas,1991,1920
Import Value,1000 USD,Papayas,1991,3815
Export Quantity,t,Papayas,1991,173
Export Value,1000 USD,Papayas,1991,335
Import Quantity,t,Papayas,1992,1904
Import Value,1000 USD,Papayas,1992,4171
Export Quantity,t,Papayas,1992,115
Export Value,1000 USD,Papayas,1992,224
Import Quantity,t,Papayas,1993,2091
Import Value,1000 USD,Papayas,1993,4064
Export Quantity,t,Papayas,1993,89
Export Value,1000 USD,Papayas,1993,240
Import Quantity,t,Papayas,1994,2483
Import Value,1000 USD,Papayas,1994,4311
Export Quantity,t,Papayas,1994,24
Export Value,1000 USD,Papayas,1994,70
Import Quantity,t,Papayas,1995,2158
Import Value,1000 USD,Papayas,1995,3996
Export Quantity,t,Papayas,1995,306
Export Value,1000 USD,Papayas,1995,310
Import Quantity,t,Papayas,1996,2382
Import Value,1000 USD,Papayas,1996,5043
Export Quantity,t,Papayas,1996,83
Export Value,1000 USD,Papayas,1996,133
Import Quantity,t,Papayas,1997,3520
Import Value,1000 USD,Papayas,1997,7083
Export Quantity,t,Papayas,1997,599
Export Value,1000 USD,Papayas,1997,1570
Import Quantity,t,Papayas,1998,3606
Import Value,1000 USD,Papayas,1998,7568
Export Quantity,t,Papayas,1998,35
Export Value,1000 USD,Papayas,1998,62
Import Quantity,t,Papayas,1999,3539
Import Value,1000 USD,Papayas,1999,6192
Export Quantity,t,Papayas,1999,133
Export Value,1000 USD,Papayas,1999,296
Import Quantity,t,Papayas,2000,3584
Import Value,1000 USD,Papayas,2000,5730
Export Quantity,t,Papayas,2000,43
Export Value,1000 USD,Papayas,2000,73
Import Quantity,t,Papayas,2001,4147
Import Value,1000 USD,Papayas,2001,6493
Export Quantity,t,Papayas,2001,22
Export Value,1000 USD,Papayas,2001,55
Import Quantity,t,Papayas,2002,8031
Import Value,1000 USD,Papayas,2002,12760
Export Quantity,t,Papayas,2002,23
Export Value,1000 USD,Papayas,2002,68
Import Quantity,t,Papayas,2003,11406
Import Value,1000 USD,Papayas,2003,17441
Export Quantity,t,Papayas,2003,41
Export Value,1000 USD,Papayas,2003,113
Import Quantity,t,Papayas,2004,11108
Import Value,1000 USD,Papayas,2004,18422
Export Quantity,t,Papayas,2004,110
Export Value,1000 USD,Papayas,2004,378
Import Quantity,t,Papayas,2005,10311
Import Value,1000 USD,Papayas,2005,15122
Export Quantity,t,Papayas,2005,299
Export Value,1000 USD,Papayas,2005,1067
Import Quantity,t,Papayas,2006,9312
Import Value,1000 USD,Papayas,2006,15772
Export Quantity,t,Papayas,2006,153
Export Value,1000 USD,Papayas,2006,454
Import Quantity,t,Papayas,2007,8588
Import Value,1000 USD,Papayas,2007,18231
Export Quantity,t,Papayas,2007,141
Export Value,1000 USD,Papayas,2007,444
Import Quantity,t,Papayas,2008,8335
Import Value,1000 USD,Papayas,2008,18973
Export Quantity,t,Papayas,2008,132
Export Value,1000 USD,Papayas,2008,413
Import Quantity,t,Papayas,2009,8282
Import Value,1000 USD,Papayas,2009,16719
Export Quantity,t,Papayas,2009,129
Export Value,1000 USD,Papayas,2009,347
Import Quantity,t,Papayas,2010,5064
Import Value,1000 USD,Papayas,2010,10817
Export Quantity,t,Papayas,2010,82
Export Value,1000 USD,Papayas,2010,283
Import Quantity,t,Papayas,2011,4818
Import Value,1000 USD,Papayas,2011,12125
Export Quantity,t,Papayas,2011,207
Export Value,1000 USD,Papayas,2011,498
Import Quantity,t,Papayas,2012,5011
Import Value,1000 USD,Papayas,2012,13887
Export Quantity,t,Papayas,2012,81
Export Value,1000 USD,Papayas,2012,268
Import Quantity,t,Papayas,2013,5264
Import Value,1000 USD,Papayas,2013,13897
Export Quantity,t,Papayas,2013,43
Export Value,1000 USD,Papayas,2013,198
Import Quantity,t,Papayas,2014,6183.9
Import Value,1000 USD,Papayas,2014,15043
Export Quantity,t,Papayas,2014,110.4
Export Value,1000 USD,Papayas,2014,205
Import Quantity,t,Papayas,2015,6713.4
Import Value,1000 USD,Papayas,2015,14415
Export Quantity,t,Papayas,2015,11.25
Export Value,1000 USD,Papayas,2015,102
Import Quantity,t,Papayas,2016,6759.1
Import Value,1000 USD,Papayas,2016,15008
Export Quantity,t,Papayas,2016,26.54
Export Value,1000 USD,Papayas,2016,109
Import Quantity,t,Papayas,2017,7327.72
Import Value,1000 USD,Papayas,2017,15295
Export Quantity,t,Papayas,2017,21.28
Export Value,1000 USD,Papayas,2017,68
Import Quantity,t,Papayas,2018,6967.64
Import Value,1000 USD,Papayas,2018,15441
Export Quantity,t,Papayas,2018,16.07
Export Value,1000 USD,Papayas,2018,94
Import Quantity,t,Papayas,2019,7230.47
Import Value,1000 USD,Papayas,2019,13716
Export Quantity,t,Papayas,2019,50.82
Export Value,1000 USD,Papayas,2019,41
Import Quantity,t,Papayas,2020,4695.02
Import Value,1000 USD,Papayas,2020,11560
Export Quantity,t,Papayas,2020,7.42
Export Value,1000 USD,Papayas,2020,47
Import Quantity,t,Papayas,2021,5300.07
Import Value,1000 USD,Papayas,2021,14498
Export Quantity,t,Papayas,2021,480.23
Export Value,1000 USD,Papayas,2021,2091
Import Quantity,t,Papayas,2022,5011.83
Import Value,1000 USD,Papayas,2022,11968
Export Quantity,t,Papayas,2022,812.08
Export Value,1000 USD,Papayas,2022,3808
Import Quantity,t,Peanut butter,1961,0
Import Value,1000 USD,Peanut butter,1961,0
Export Quantity,t,Peanut butter,1961,0
Export Value,1000 USD,Peanut butter,1961,0
Import Quantity,t,Peanut butter,1962,0
Import Value,1000 USD,Peanut butter,1962,0
Export Quantity,t,Peanut butter,1962,0
Export Value,1000 USD,Peanut butter,1962,0
Import Quantity,t,Peanut butter,1963,0
Import Value,1000 USD,Peanut butter,1963,0
Export Quantity,t,Peanut butter,1963,0
Export Value,1000 USD,Peanut butter,1963,0
Import Quantity,t,Peanut butter,1964,0
Import Value,1000 USD,Peanut butter,1964,0
Export Quantity,t,Peanut butter,1964,0
Export Value,1000 USD,Peanut butter,1964,0
Import Quantity,t,Peanut butter,1965,0
Import Value,1000 USD,Peanut butter,1965,0
Export Quantity,t,Peanut butter,1965,0
Export Value,1000 USD,Peanut butter,1965,0
Import Quantity,t,Peanut butter,1966,0
Import Value,1000 USD,Peanut butter,1966,0
Export Quantity,t,Peanut butter,1966,0
Export Value,1000 USD,Peanut butter,1966,0
Import Quantity,t,Peanut butter,1967,0
Import Value,1000 USD,Peanut butter,1967,0
Export Quantity,t,Peanut butter,1967,0
Export Value,1000 USD,Peanut butter,1967,0
Import Quantity,t,Peanut butter,1968,0
Import Value,1000 USD,Peanut butter,1968,0
Export Quantity,t,Peanut butter,1968,0
Export Value,1000 USD,Peanut butter,1968,0
Import Quantity,t,Peanut butter,1969,0
Import Value,1000 USD,Peanut butter,1969,0
Export Quantity,t,Peanut butter,1969,0
Export Value,1000 USD,Peanut butter,1969,0
Import Quantity,t,Peanut butter,1970,0
Import Value,1000 USD,Peanut butter,1970,0
Export Quantity,t,Peanut butter,1970,0
Export Value,1000 USD,Peanut butter,1970,0
Import Quantity,t,Peanut butter,1971,0
Import Value,1000 USD,Peanut butter,1971,0
Export Quantity,t,Peanut butter,1971,0
Export Value,1000 USD,Peanut butter,1971,0
Import Quantity,t,Peanut butter,1972,0
Import Value,1000 USD,Peanut butter,1972,0
Export Quantity,t,Peanut butter,1972,0
Export Value,1000 USD,Peanut butter,1972,0
Import Quantity,t,Peanut butter,1973,0
Import Value,1000 USD,Peanut butter,1973,0
Export Quantity,t,Peanut butter,1973,0
Export Value,1000 USD,Peanut butter,1973,0
Import Quantity,t,Peanut butter,1974,0
Import Value,1000 USD,Peanut butter,1974,0
Export Quantity,t,Peanut butter,1974,0
Export Value,1000 USD,Peanut butter,1974,0
Import Quantity,t,Peanut butter,1975,0
Import Value,1000 USD,Peanut butter,1975,0
Export Quantity,t,Peanut butter,1975,0
Export Value,1000 USD,Peanut butter,1975,0
Import Quantity,t,Peanut butter,1976,0
Import Value,1000 USD,Peanut butter,1976,0
Export Quantity,t,Peanut butter,1976,0
Export Value,1000 USD,Peanut butter,1976,0
Import Quantity,t,Peanut butter,1977,0
Import Value,1000 USD,Peanut butter,1977,0
Export Quantity,t,Peanut butter,1977,0
Export Value,1000 USD,Peanut butter,1977,0
Import Quantity,t,Peanut butter,1978,0
Import Value,1000 USD,Peanut butter,1978,0
Export Quantity,t,Peanut butter,1978,0
Export Value,1000 USD,Peanut butter,1978,0
Import Quantity,t,Peanut butter,1979,0
Import Value,1000 USD,Peanut butter,1979,0
Export Quantity,t,Peanut butter,1979,0
Export Value,1000 USD,Peanut butter,1979,0
Import Quantity,t,Peanut butter,1980,0
Import Value,1000 USD,Peanut butter,1980,0
Export Quantity,t,Peanut butter,1980,0
Export Value,1000 USD,Peanut butter,1980,0
Import Quantity,t,Peanut butter,1981,0
Import Value,1000 USD,Peanut butter,1981,0
Export Quantity,t,Peanut butter,1981,0
Export Value,1000 USD,Peanut butter,1981,0
Import Quantity,t,Peanut butter,1982,0
Import Value,1000 USD,Peanut butter,1982,0
Export Quantity,t,Peanut butter,1982,0
Export Value,1000 USD,Peanut butter,1982,0
Import Quantity,t,Peanut butter,1983,0
Import Value,1000 USD,Peanut butter,1983,0
Export Quantity,t,Peanut butter,1983,0
Export Value,1000 USD,Peanut butter,1983,0
Import Quantity,t,Peanut butter,1984,0
Import Value,1000 USD,Peanut butter,1984,0
Export Quantity,t,Peanut butter,1984,0
Export Value,1000 USD,Peanut butter,1984,0
Import Quantity,t,Peanut butter,1985,0
Import Value,1000 USD,Peanut butter,1985,0
Export Quantity,t,Peanut butter,1985,0
Export Value,1000 USD,Peanut butter,1985,0
Import Quantity,t,Peanut butter,1986,0
Import Value,1000 USD,Peanut butter,1986,0
Export Quantity,t,Peanut butter,1986,0
Export Value,1000 USD,Peanut butter,1986,0
Import Quantity,t,Peanut butter,1987,0
Import Value,1000 USD,Peanut butter,1987,0
Export Quantity,t,Peanut butter,1987,0
Export Value,1000 USD,Peanut butter,1987,0
Import Quantity,t,Peanut butter,1988,377
Import Value,1000 USD,Peanut butter,1988,481
Export Quantity,t,Peanut butter,1988,679
Export Value,1000 USD,Peanut butter,1988,1297
Import Quantity,t,Peanut butter,1989,232
Import Value,1000 USD,Peanut butter,1989,335
Export Quantity,t,Peanut butter,1989,543
Export Value,1000 USD,Peanut butter,1989,1168
Import Quantity,t,Peanut butter,1990,306
Import Value,1000 USD,Peanut butter,1990,656
Export Quantity,t,Peanut butter,1990,626
Export Value,1000 USD,Peanut butter,1990,1764
Import Quantity,t,Peanut butter,1991,268
Import Value,1000 USD,Peanut butter,1991,589
Export Quantity,t,Peanut butter,1991,515
Export Value,1000 USD,Peanut butter,1991,1593
Import Quantity,t,Peanut butter,1992,465
Import Value,1000 USD,Peanut butter,1992,913
Export Quantity,t,Peanut butter,1992,473
Export Value,1000 USD,Peanut butter,1992,1430
Import Quantity,t,Peanut butter,1993,391
Import Value,1000 USD,Peanut butter,1993,672
Export Quantity,t,Peanut butter,1993,375
Export Value,1000 USD,Peanut butter,1993,1004
Import Quantity,t,Peanut butter,1994,333
Import Value,1000 USD,Peanut butter,1994,674
Export Quantity,t,Peanut butter,1994,482
Export Value,1000 USD,Peanut butter,1994,1253
Import Quantity,t,Peanut butter,1995,617
Import Value,1000 USD,Peanut butter,1995,1227
Export Quantity,t,Peanut butter,1995,470
Export Value,1000 USD,Peanut butter,1995,1279
Import Quantity,t,Peanut butter,1996,748
Import Value,1000 USD,Peanut butter,1996,1744
Export Quantity,t,Peanut butter,1996,504
Export Value,1000 USD,Peanut butter,1996,1493
Import Quantity,t,Peanut butter,1997,690
Import Value,1000 USD,Peanut butter,1997,1422
Export Quantity,t,Peanut butter,1997,491
Export Value,1000 USD,Peanut butter,1997,1587
Import Quantity,t,Peanut butter,1998,983
Import Value,1000 USD,Peanut butter,1998,2124
Export Quantity,t,Peanut butter,1998,499
Export Value,1000 USD,Peanut butter,1998,1556
Import Quantity,t,Peanut butter,1999,820
Import Value,1000 USD,Peanut butter,1999,1574
Export Quantity,t,Peanut butter,1999,468
Export Value,1000 USD,Peanut butter,1999,1293
Import Quantity,t,Peanut butter,2000,640
Import Value,1000 USD,Peanut butter,2000,1572
Export Quantity,t,Peanut butter,2000,493
Export Value,1000 USD,Peanut butter,2000,1258
Import Quantity,t,Peanut butter,2001,540
Import Value,1000 USD,Peanut butter,2001,1325
Export Quantity,t,Peanut butter,2001,527
Export Value,1000 USD,Peanut butter,2001,1177
Import Quantity,t,Peanut butter,2002,880
Import Value,1000 USD,Peanut butter,2002,2569
Export Quantity,t,Peanut butter,2002,612
Export Value,1000 USD,Peanut butter,2002,1571
Import Quantity,t,Peanut butter,2003,1051
Import Value,1000 USD,Peanut butter,2003,1559
Export Quantity,t,Peanut butter,2003,809
Export Value,1000 USD,Peanut butter,2003,2338
Import Quantity,t,Peanut butter,2004,2156
Import Value,1000 USD,Peanut butter,2004,3885
Export Quantity,t,Peanut butter,2004,674
Export Value,1000 USD,Peanut butter,2004,2367
Import Quantity,t,Peanut butter,2005,2413
Import Value,1000 USD,Peanut butter,2005,4418
Export Quantity,t,Peanut butter,2005,725
Export Value,1000 USD,Peanut butter,2005,2741
Import Quantity,t,Peanut butter,2006,3189
Import Value,1000 USD,Peanut butter,2006,6440
Export Quantity,t,Peanut butter,2006,802
Export Value,1000 USD,Peanut butter,2006,2525
Import Quantity,t,Peanut butter,2007,5719
Import Value,1000 USD,Peanut butter,2007,12789
Export Quantity,t,Peanut butter,2007,1079
Export Value,1000 USD,Peanut butter,2007,4138
Import Quantity,t,Peanut butter,2008,8450
Import Value,1000 USD,Peanut butter,2008,22203
Export Quantity,t,Peanut butter,2008,1367
Export Value,1000 USD,Peanut butter,2008,4616
Import Quantity,t,Peanut butter,2009,7693
Import Value,1000 USD,Peanut butter,2009,21181
Export Quantity,t,Peanut butter,2009,1235
Export Value,1000 USD,Peanut butter,2009,4210
Import Quantity,t,Peanut butter,2010,11075
Import Value,1000 USD,Peanut butter,2010,27546
Export Quantity,t,Peanut butter,2010,1308
Export Value,1000 USD,Peanut butter,2010,4667
Import Quantity,t,Peanut butter,2011,12504
Import Value,1000 USD,Peanut butter,2011,33197
Export Quantity,t,Peanut butter,2011,1931
Export Value,1000 USD,Peanut butter,2011,6681
Import Quantity,t,Peanut butter,2012,12895
Import Value,1000 USD,Peanut butter,2012,43598
Export Quantity,t,Peanut butter,2012,2943
Export Value,1000 USD,Peanut butter,2012,12177
Import Quantity,t,Peanut butter,2013,11112
Import Value,1000 USD,Peanut butter,2013,38011
Export Quantity,t,Peanut butter,2013,3337
Export Value,1000 USD,Peanut butter,2013,13376
Import Quantity,t,Peanut butter,2014,6398.5
Import Value,1000 USD,Peanut butter,2014,21989
Export Quantity,t,Peanut butter,2014,3557.25
Export Value,1000 USD,Peanut butter,2014,15368
Import Quantity,t,Peanut butter,2015,3256.1
Import Value,1000 USD,Peanut butter,2015,10139
Export Quantity,t,Peanut butter,2015,3406.57
Export Value,1000 USD,Peanut butter,2015,13235
Import Quantity,t,Peanut butter,2016,6254.33
Import Value,1000 USD,Peanut butter,2016,17258
Export Quantity,t,Peanut butter,2016,4360.64
Export Value,1000 USD,Peanut butter,2016,15287
Import Quantity,t,Peanut butter,2017,7225.45
Import Value,1000 USD,Peanut butter,2017,21051
Export Quantity,t,Peanut butter,2017,5423.97
Export Value,1000 USD,Peanut butter,2017,18978
Import Quantity,t,Peanut butter,2018,8639.52
Import Value,1000 USD,Peanut butter,2018,26718
Export Quantity,t,Peanut butter,2018,5601.21
Export Value,1000 USD,Peanut butter,2018,22026
Import Quantity,t,Peanut butter,2019,9124.92
Import Value,1000 USD,Peanut butter,2019,26088
Export Quantity,t,Peanut butter,2019,6757.99
Export Value,1000 USD,Peanut butter,2019,22442
Import Quantity,t,Peanut butter,2020,9755.82
Import Value,1000 USD,Peanut butter,2020,28403
Export Quantity,t,Peanut butter,2020,7238.45
Export Value,1000 USD,Peanut butter,2020,27506
Import Quantity,t,Peanut butter,2021,3299.86
Import Value,1000 USD,Peanut butter,2021,12204
Export Quantity,t,Peanut butter,2021,3706.82
Export Value,1000 USD,Peanut butter,2021,17907
Import Quantity,t,Peanut butter,2022,11395.79
Import Value,1000 USD,Peanut butter,2022,37826
Export Quantity,t,Peanut butter,2022,4017.73
Export Value,1000 USD,Peanut butter,2022,17866
Import Quantity,t,Pears,1961,67122
Import Value,1000 USD,Pears,1961,17626
Export Quantity,t,Pears,1961,2418
Export Value,1000 USD,Pears,1961,656
Import Quantity,t,Pears,1962,73777
Import Value,1000 USD,Pears,1962,19132
Export Quantity,t,Pears,1962,2383
Export Value,1000 USD,Pears,1962,639
Import Quantity,t,Pears,1963,57655
Import Value,1000 USD,Pears,1963,14581
Export Quantity,t,Pears,1963,2717
Export Value,1000 USD,Pears,1963,756
Import Quantity,t,Pears,1964,68653
Import Value,1000 USD,Pears,1964,17553
Export Quantity,t,Pears,1964,1954
Export Value,1000 USD,Pears,1964,552
Import Quantity,t,Pears,1965,52286
Import Value,1000 USD,Pears,1965,15560
Export Quantity,t,Pears,1965,762
Export Value,1000 USD,Pears,1965,207
Import Quantity,t,Pears,1966,80597
Import Value,1000 USD,Pears,1966,21501
Export Quantity,t,Pears,1966,1466
Export Value,1000 USD,Pears,1966,361
Import Quantity,t,Pears,1967,65856
Import Value,1000 USD,Pears,1967,19610
Export Quantity,t,Pears,1967,268
Export Value,1000 USD,Pears,1967,88
Import Quantity,t,Pears,1968,59096
Import Value,1000 USD,Pears,1968,15209
Export Quantity,t,Pears,1968,914
Export Value,1000 USD,Pears,1968,266
Import Quantity,t,Pears,1969,53930
Import Value,1000 USD,Pears,1969,14366
Export Quantity,t,Pears,1969,599
Export Value,1000 USD,Pears,1969,103
Import Quantity,t,Pears,1970,52146
Import Value,1000 USD,Pears,1970,14386
Export Quantity,t,Pears,1970,1190
Export Value,1000 USD,Pears,1970,312
Import Quantity,t,Pears,1971,54257
Import Value,1000 USD,Pears,1971,15813
Export Quantity,t,Pears,1971,1610
Export Value,1000 USD,Pears,1971,463
Import Quantity,t,Pears,1972,55736
Import Value,1000 USD,Pears,1972,18418
Export Quantity,t,Pears,1972,2582
Export Value,1000 USD,Pears,1972,876
Import Quantity,t,Pears,1973,50078
Import Value,1000 USD,Pears,1973,19329
Export Quantity,t,Pears,1973,2021
Export Value,1000 USD,Pears,1973,848
Import Quantity,t,Pears,1974,48429
Import Value,1000 USD,Pears,1974,20892
Export Quantity,t,Pears,1974,1193
Export Value,1000 USD,Pears,1974,613
Import Quantity,t,Pears,1975,50636
Import Value,1000 USD,Pears,1975,24258
Export Quantity,t,Pears,1975,1321
Export Value,1000 USD,Pears,1975,661
Import Quantity,t,Pears,1976,47935
Import Value,1000 USD,Pears,1976,17780
Export Quantity,t,Pears,1976,1932
Export Value,1000 USD,Pears,1976,890
Import Quantity,t,Pears,1977,48476
Import Value,1000 USD,Pears,1977,24946
Export Quantity,t,Pears,1977,2682
Export Value,1000 USD,Pears,1977,1470
Import Quantity,t,Pears,1978,45294
Import Value,1000 USD,Pears,1978,28118
Export Quantity,t,Pears,1978,3282
Export Value,1000 USD,Pears,1978,2162
Import Quantity,t,Pears,1979,44949
Import Value,1000 USD,Pears,1979,29487
Export Quantity,t,Pears,1979,958
Export Value,1000 USD,Pears,1979,711
Import Quantity,t,Pears,1980,59704
Import Value,1000 USD,Pears,1980,44139
Export Quantity,t,Pears,1980,1968
Export Value,1000 USD,Pears,1980,1615
Import Quantity,t,Pears,1981,77465
Import Value,1000 USD,Pears,1981,47106
Export Quantity,t,Pears,1981,1716
Export Value,1000 USD,Pears,1981,1489
Import Quantity,t,Pears,1982,63865
Import Value,1000 USD,Pears,1982,40928
Export Quantity,t,Pears,1982,1360
Export Value,1000 USD,Pears,1982,1068
Import Quantity,t,Pears,1983,77502
Import Value,1000 USD,Pears,1983,43905
Export Quantity,t,Pears,1983,1641
Export Value,1000 USD,Pears,1983,1145
Import Quantity,t,Pears,1984,65995
Import Value,1000 USD,Pears,1984,34478
Export Quantity,t,Pears,1984,1212
Export Value,1000 USD,Pears,1984,695
Import Quantity,t,Pears,1985,69058
Import Value,1000 USD,Pears,1985,33944
Export Quantity,t,Pears,1985,1488
Export Value,1000 USD,Pears,1985,815
Import Quantity,t,Pears,1986,64111
Import Value,1000 USD,Pears,1986,44737
Export Quantity,t,Pears,1986,1106
Export Value,1000 USD,Pears,1986,654
Import Quantity,t,Pears,1987,76984
Import Value,1000 USD,Pears,1987,57258
Export Quantity,t,Pears,1987,762
Export Value,1000 USD,Pears,1987,658
Import Quantity,t,Pears,1988,91968
Import Value,1000 USD,Pears,1988,72975
Export Quantity,t,Pears,1988,1144
Export Value,1000 USD,Pears,1988,984
Import Quantity,t,Pears,1989,97594
Import Value,1000 USD,Pears,1989,86588
Export Quantity,t,Pears,1989,1319
Export Value,1000 USD,Pears,1989,637
Import Quantity,t,Pears,1990,97628
Import Value,1000 USD,Pears,1990,108320
Export Quantity,t,Pears,1990,2533
Export Value,1000 USD,Pears,1990,1986
Import Quantity,t,Pears,1991,87305
Import Value,1000 USD,Pears,1991,91608
Export Quantity,t,Pears,1991,3046
Export Value,1000 USD,Pears,1991,2877
Import Quantity,t,Pears,1992,110246
Import Value,1000 USD,Pears,1992,115181
Export Quantity,t,Pears,1992,2661
Export Value,1000 USD,Pears,1992,2307
Import Quantity,t,Pears,1993,97471
Import Value,1000 USD,Pears,1993,74412
Export Quantity,t,Pears,1993,1609
Export Value,1000 USD,Pears,1993,1047
Import Quantity,t,Pears,1994,103996
Import Value,1000 USD,Pears,1994,81389
Export Quantity,t,Pears,1994,1641
Export Value,1000 USD,Pears,1994,1096
Import Quantity,t,Pears,1995,94074
Import Value,1000 USD,Pears,1995,88964
Export Quantity,t,Pears,1995,3157
Export Value,1000 USD,Pears,1995,1975
Import Quantity,t,Pears,1996,87069
Import Value,1000 USD,Pears,1996,81781
Export Quantity,t,Pears,1996,3659
Export Value,1000 USD,Pears,1996,2710
Import Quantity,t,Pears,1997,96961
Import Value,1000 USD,Pears,1997,84076
Export Quantity,t,Pears,1997,1951
Export Value,1000 USD,Pears,1997,1611
Import Quantity,t,Pears,1998,132546
Import Value,1000 USD,Pears,1998,123388
Export Quantity,t,Pears,1998,2749
Export Value,1000 USD,Pears,1998,2027
Import Quantity,t,Pears,1999,120511
Import Value,1000 USD,Pears,1999,106220
Export Quantity,t,Pears,1999,2555
Export Value,1000 USD,Pears,1999,2083
Import Quantity,t,Pears,2000,124757
Import Value,1000 USD,Pears,2000,100482
Export Quantity,t,Pears,2000,2411
Export Value,1000 USD,Pears,2000,1981
Import Quantity,t,Pears,2001,113194
Import Value,1000 USD,Pears,2001,88854
Export Quantity,t,Pears,2001,3618
Export Value,1000 USD,Pears,2001,2692
Import Quantity,t,Pears,2002,110234
Import Value,1000 USD,Pears,2002,101387
Export Quantity,t,Pears,2002,4021
Export Value,1000 USD,Pears,2002,3077
Import Quantity,t,Pears,2003,116769
Import Value,1000 USD,Pears,2003,121539
Export Quantity,t,Pears,2003,3036
Export Value,1000 USD,Pears,2003,2275
Import Quantity,t,Pears,2004,139394
Import Value,1000 USD,Pears,2004,156755
Export Quantity,t,Pears,2004,2389
Export Value,1000 USD,Pears,2004,3001
Import Quantity,t,Pears,2005,149103
Import Value,1000 USD,Pears,2005,160759
Export Quantity,t,Pears,2005,2367
Export Value,1000 USD,Pears,2005,2462
Import Quantity,t,Pears,2006,126081
Import Value,1000 USD,Pears,2006,150150
Export Quantity,t,Pears,2006,3341
Export Value,1000 USD,Pears,2006,3648
Import Quantity,t,Pears,2007,128089
Import Value,1000 USD,Pears,2007,157408
Export Quantity,t,Pears,2007,3069
Export Value,1000 USD,Pears,2007,2663
Import Quantity,t,Pears,2008,138331
Import Value,1000 USD,Pears,2008,204074
Export Quantity,t,Pears,2008,1149
Export Value,1000 USD,Pears,2008,1908
Import Quantity,t,Pears,2009,117241
Import Value,1000 USD,Pears,2009,159771
Export Quantity,t,Pears,2009,1449
Export Value,1000 USD,Pears,2009,2715
Import Quantity,t,Pears,2010,130132
Import Value,1000 USD,Pears,2010,145626
Export Quantity,t,Pears,2010,1828
Export Value,1000 USD,Pears,2010,2536
Import Quantity,t,Pears,2011,140709
Import Value,1000 USD,Pears,2011,141100
Export Quantity,t,Pears,2011,558
Export Value,1000 USD,Pears,2011,1118
Import Quantity,t,Pears,2012,139889
Import Value,1000 USD,Pears,2012,136788
Export Quantity,t,Pears,2012,829
Export Value,1000 USD,Pears,2012,1336
Import Quantity,t,Pears,2013,148870
Import Value,1000 USD,Pears,2013,172050
Export Quantity,t,Pears,2013,2151
Export Value,1000 USD,Pears,2013,3269
Import Quantity,t,Pears,2014,163866
Import Value,1000 USD,Pears,2014,156351
Export Quantity,t,Pears,2014,1307.7
Export Value,1000 USD,Pears,2014,1404
Import Quantity,t,Pears,2015,149880.2
Import Value,1000 USD,Pears,2015,140302
Export Quantity,t,Pears,2015,1559.05
Export Value,1000 USD,Pears,2015,1564
Import Quantity,t,Pears,2016,152763.51
Import Value,1000 USD,Pears,2016,134108
Export Quantity,t,Pears,2016,1139.03
Export Value,1000 USD,Pears,2016,1594
Import Quantity,t,Pears,2017,140325.12
Import Value,1000 USD,Pears,2017,128087
Export Quantity,t,Pears,2017,1581.93
Export Value,1000 USD,Pears,2017,2124
Import Quantity,t,Pears,2018,122909.37
Import Value,1000 USD,Pears,2018,125431
Export Quantity,t,Pears,2018,1728.36
Export Value,1000 USD,Pears,2018,2226
Import Quantity,t,Pears,2019,110782.85
Import Value,1000 USD,Pears,2019,115592
Export Quantity,t,Pears,2019,1341.67
Export Value,1000 USD,Pears,2019,1655
Import Quantity,t,Pears,2020,111974.97
Import Value,1000 USD,Pears,2020,140655
Export Quantity,t,Pears,2020,1857.63
Export Value,1000 USD,Pears,2020,2057
Import Quantity,t,Pears,2021,100203.71
Import Value,1000 USD,Pears,2021,119157
Export Quantity,t,Pears,2021,1117.58
Export Value,1000 USD,Pears,2021,1308
Import Quantity,t,Pears,2022,113925.84
Import Value,1000 USD,Pears,2022,146468
Export Quantity,t,Pears,2022,1132.18
Export Value,1000 USD,Pears,2022,1138
Import Quantity,t,"Peas, green",1961,0
Import Value,1000 USD,"Peas, green",1961,0
Export Quantity,t,"Peas, green",1961,0
Export Value,1000 USD,"Peas, green",1961,0
Import Quantity,t,"Peas, green",1962,0
Import Value,1000 USD,"Peas, green",1962,0
Export Quantity,t,"Peas, green",1962,0
Export Value,1000 USD,"Peas, green",1962,0
Import Quantity,t,"Peas, green",1963,0
Import Value,1000 USD,"Peas, green",1963,0
Export Quantity,t,"Peas, green",1963,0
Export Value,1000 USD,"Peas, green",1963,0
Import Quantity,t,"Peas, green",1964,0
Import Value,1000 USD,"Peas, green",1964,0
Export Quantity,t,"Peas, green",1964,0
Export Value,1000 USD,"Peas, green",1964,0
Import Quantity,t,"Peas, green",1965,0
Import Value,1000 USD,"Peas, green",1965,0
Export Quantity,t,"Peas, green",1965,0
Export Value,1000 USD,"Peas, green",1965,0
Import Quantity,t,"Peas, green",1966,0
Import Value,1000 USD,"Peas, green",1966,0
Export Quantity,t,"Peas, green",1966,0
Export Value,1000 USD,"Peas, green",1966,0
Import Quantity,t,"Peas, green",1967,0
Import Value,1000 USD,"Peas, green",1967,0
Export Quantity,t,"Peas, green",1967,0
Export Value,1000 USD,"Peas, green",1967,0
Import Quantity,t,"Peas, green",1968,0
Import Value,1000 USD,"Peas, green",1968,0
Export Quantity,t,"Peas, green",1968,0
Export Value,1000 USD,"Peas, green",1968,0
Import Quantity,t,"Peas, green",1969,0
Import Value,1000 USD,"Peas, green",1969,0
Export Quantity,t,"Peas, green",1969,0
Export Value,1000 USD,"Peas, green",1969,0
Import Quantity,t,"Peas, green",1970,145
Import Value,1000 USD,"Peas, green",1970,77
Export Quantity,t,"Peas, green",1970,0
Export Value,1000 USD,"Peas, green",1970,0
Import Quantity,t,"Peas, green",1971,185
Import Value,1000 USD,"Peas, green",1971,110
Export Quantity,t,"Peas, green",1971,0
Export Value,1000 USD,"Peas, green",1971,0
Import Quantity,t,"Peas, green",1972,249
Import Value,1000 USD,"Peas, green",1972,180
Export Quantity,t,"Peas, green",1972,0
Export Value,1000 USD,"Peas, green",1972,0
Import Quantity,t,"Peas, green",1973,491
Import Value,1000 USD,"Peas, green",1973,329
Export Quantity,t,"Peas, green",1973,0
Export Value,1000 USD,"Peas, green",1973,0
Import Quantity,t,"Peas, green",1974,296
Import Value,1000 USD,"Peas, green",1974,293
Export Quantity,t,"Peas, green",1974,0
Export Value,1000 USD,"Peas, green",1974,0
Import Quantity,t,"Peas, green",1975,426
Import Value,1000 USD,"Peas, green",1975,377
Export Quantity,t,"Peas, green",1975,312
Export Value,1000 USD,"Peas, green",1975,102
Import Quantity,t,"Peas, green",1976,333
Import Value,1000 USD,"Peas, green",1976,285
Export Quantity,t,"Peas, green",1976,378
Export Value,1000 USD,"Peas, green",1976,122
Import Quantity,t,"Peas, green",1977,398
Import Value,1000 USD,"Peas, green",1977,381
Export Quantity,t,"Peas, green",1977,1873
Export Value,1000 USD,"Peas, green",1977,607
Import Quantity,t,"Peas, green",1978,1565
Import Value,1000 USD,"Peas, green",1978,2319
Export Quantity,t,"Peas, green",1978,208
Export Value,1000 USD,"Peas, green",1978,119
Import Quantity,t,"Peas, green",1979,1788
Import Value,1000 USD,"Peas, green",1979,3278
Export Quantity,t,"Peas, green",1979,154
Export Value,1000 USD,"Peas, green",1979,144
Import Quantity,t,"Peas, green",1980,509
Import Value,1000 USD,"Peas, green",1980,1019
Export Quantity,t,"Peas, green",1980,858
Export Value,1000 USD,"Peas, green",1980,500
Import Quantity,t,"Peas, green",1981,616
Import Value,1000 USD,"Peas, green",1981,1152
Export Quantity,t,"Peas, green",1981,624
Export Value,1000 USD,"Peas, green",1981,434
Import Quantity,t,"Peas, green",1982,766
Import Value,1000 USD,"Peas, green",1982,1369
Export Quantity,t,"Peas, green",1982,613
Export Value,1000 USD,"Peas, green",1982,348
Import Quantity,t,"Peas, green",1983,774
Import Value,1000 USD,"Peas, green",1983,964
Export Quantity,t,"Peas, green",1983,542
Export Value,1000 USD,"Peas, green",1983,255
Import Quantity,t,"Peas, green",1984,1027
Import Value,1000 USD,"Peas, green",1984,1330
Export Quantity,t,"Peas, green",1984,358
Export Value,1000 USD,"Peas, green",1984,162
Import Quantity,t,"Peas, green",1985,1013
Import Value,1000 USD,"Peas, green",1985,1488
Export Quantity,t,"Peas, green",1985,1125
Export Value,1000 USD,"Peas, green",1985,349
Import Quantity,t,"Peas, green",1986,1694
Import Value,1000 USD,"Peas, green",1986,3023
Export Quantity,t,"Peas, green",1986,4912
Export Value,1000 USD,"Peas, green",1986,1838
Import Quantity,t,"Peas, green",1987,2287
Import Value,1000 USD,"Peas, green",1987,4912
Export Quantity,t,"Peas, green",1987,7551
Export Value,1000 USD,"Peas, green",1987,3063
Import Quantity,t,"Peas, green",1988,2914
Import Value,1000 USD,"Peas, green",1988,6316
Export Quantity,t,"Peas, green",1988,7281
Export Value,1000 USD,"Peas, green",1988,3837
Import Quantity,t,"Peas, green",1989,4104
Import Value,1000 USD,"Peas, green",1989,7732
Export Quantity,t,"Peas, green",1989,9998
Export Value,1000 USD,"Peas, green",1989,4794
Import Quantity,t,"Peas, green",1990,4298
Import Value,1000 USD,"Peas, green",1990,9922
Export Quantity,t,"Peas, green",1990,4128
Export Value,1000 USD,"Peas, green",1990,3107
Import Quantity,t,"Peas, green",1991,5887
Import Value,1000 USD,"Peas, green",1991,12280
Export Quantity,t,"Peas, green",1991,9746
Export Value,1000 USD,"Peas, green",1991,6484
Import Quantity,t,"Peas, green",1992,5029
Import Value,1000 USD,"Peas, green",1992,13814
Export Quantity,t,"Peas, green",1992,7781
Export Value,1000 USD,"Peas, green",1992,5992
Import Quantity,t,"Peas, green",1993,5155
Import Value,1000 USD,"Peas, green",1993,13687
Export Quantity,t,"Peas, green",1993,9775
Export Value,1000 USD,"Peas, green",1993,3758
Import Quantity,t,"Peas, green",1994,5642
Import Value,1000 USD,"Peas, green",1994,15065
Export Quantity,t,"Peas, green",1994,7610
Export Value,1000 USD,"Peas, green",1994,3399
Import Quantity,t,"Peas, green",1995,7732
Import Value,1000 USD,"Peas, green",1995,19220
Export Quantity,t,"Peas, green",1995,5867
Export Value,1000 USD,"Peas, green",1995,2328
Import Quantity,t,"Peas, green",1996,7909
Import Value,1000 USD,"Peas, green",1996,21447
Export Quantity,t,"Peas, green",1996,4051
Export Value,1000 USD,"Peas, green",1996,2689
Import Quantity,t,"Peas, green",1997,8696
Import Value,1000 USD,"Peas, green",1997,27971
Export Quantity,t,"Peas, green",1997,6580
Export Value,1000 USD,"Peas, green",1997,4778
Import Quantity,t,"Peas, green",1998,11533
Import Value,1000 USD,"Peas, green",1998,34875
Export Quantity,t,"Peas, green",1998,6420
Export Value,1000 USD,"Peas, green",1998,5158
Import Quantity,t,"Peas, green",1999,12932
Import Value,1000 USD,"Peas, green",1999,37752
Export Quantity,t,"Peas, green",1999,3757
Export Value,1000 USD,"Peas, green",1999,1991
Import Quantity,t,"Peas, green",2000,11206
Import Value,1000 USD,"Peas, green",2000,30944
Export Quantity,t,"Peas, green",2000,5128
Export Value,1000 USD,"Peas, green",2000,2458
Import Quantity,t,"Peas, green",2001,7921
Import Value,1000 USD,"Peas, green",2001,18695
Export Quantity,t,"Peas, green",2001,17549
Export Value,1000 USD,"Peas, green",2001,5433
Import Quantity,t,"Peas, green",2002,7436
Import Value,1000 USD,"Peas, green",2002,19442
Export Quantity,t,"Peas, green",2002,27166
Export Value,1000 USD,"Peas, green",2002,6474
Import Quantity,t,"Peas, green",2003,8840
Import Value,1000 USD,"Peas, green",2003,26316
Export Quantity,t,"Peas, green",2003,22519
Export Value,1000 USD,"Peas, green",2003,5814
Import Quantity,t,"Peas, green",2004,13556
Import Value,1000 USD,"Peas, green",2004,45234
Export Quantity,t,"Peas, green",2004,9218
Export Value,1000 USD,"Peas, green",2004,3778
Import Quantity,t,"Peas, green",2005,13142
Import Value,1000 USD,"Peas, green",2005,54460
Export Quantity,t,"Peas, green",2005,9292
Export Value,1000 USD,"Peas, green",2005,4406
Import Quantity,t,"Peas, green",2006,15289
Import Value,1000 USD,"Peas, green",2006,57568
Export Quantity,t,"Peas, green",2006,9874
Export Value,1000 USD,"Peas, green",2006,3681
Import Quantity,t,"Peas, green",2007,13696
Import Value,1000 USD,"Peas, green",2007,61131
Export Quantity,t,"Peas, green",2007,7018
Export Value,1000 USD,"Peas, green",2007,5269
Import Quantity,t,"Peas, green",2008,15460
Import Value,1000 USD,"Peas, green",2008,59486
Export Quantity,t,"Peas, green",2008,4661
Export Value,1000 USD,"Peas, green",2008,4862
Import Quantity,t,"Peas, green",2009,12493
Import Value,1000 USD,"Peas, green",2009,47850
Export Quantity,t,"Peas, green",2009,4300
Export Value,1000 USD,"Peas, green",2009,5000
Import Quantity,t,"Peas, green",2010,9727
Import Value,1000 USD,"Peas, green",2010,39488
Export Quantity,t,"Peas, green",2010,3663
Export Value,1000 USD,"Peas, green",2010,4417
Import Quantity,t,"Peas, green",2011,10656
Import Value,1000 USD,"Peas, green",2011,45027
Export Quantity,t,"Peas, green",2011,2516
Export Value,1000 USD,"Peas, green",2011,4786
Import Quantity,t,"Peas, green",2012,10430
Import Value,1000 USD,"Peas, green",2012,46738
Export Quantity,t,"Peas, green",2012,2630
Export Value,1000 USD,"Peas, green",2012,4229
Import Quantity,t,"Peas, green",2013,11883
Import Value,1000 USD,"Peas, green",2013,54173
Export Quantity,t,"Peas, green",2013,4088
Export Value,1000 USD,"Peas, green",2013,7033
Import Quantity,t,"Peas, green",2014,12619.1
Import Value,1000 USD,"Peas, green",2014,54158
Export Quantity,t,"Peas, green",2014,4895.72
Export Value,1000 USD,"Peas, green",2014,5579
Import Quantity,t,"Peas, green",2015,12732.7
Import Value,1000 USD,"Peas, green",2015,50831
Export Quantity,t,"Peas, green",2015,4132.25
Export Value,1000 USD,"Peas, green",2015,4395
Import Quantity,t,"Peas, green",2016,14346.95
Import Value,1000 USD,"Peas, green",2016,52877
Export Quantity,t,"Peas, green",2016,3278.34
Export Value,1000 USD,"Peas, green",2016,4357
Import Quantity,t,"Peas, green",2017,14438.23
Import Value,1000 USD,"Peas, green",2017,56513
Export Quantity,t,"Peas, green",2017,1605.78
Export Value,1000 USD,"Peas, green",2017,2835
Import Quantity,t,"Peas, green",2018,15681.36
Import Value,1000 USD,"Peas, green",2018,61478
Export Quantity,t,"Peas, green",2018,1615.35
Export Value,1000 USD,"Peas, green",2018,3907
Import Quantity,t,"Peas, green",2019,16772.28
Import Value,1000 USD,"Peas, green",2019,60352
Export Quantity,t,"Peas, green",2019,3106.8
Export Value,1000 USD,"Peas, green",2019,4024
Import Quantity,t,"Peas, green",2020,19939.51
Import Value,1000 USD,"Peas, green",2020,58945
Export Quantity,t,"Peas, green",2020,2492.24
Export Value,1000 USD,"Peas, green",2020,3087
Import Quantity,t,"Peas, green",2021,14697.43
Import Value,1000 USD,"Peas, green",2021,56036
Export Quantity,t,"Peas, green",2021,1471.3
Export Value,1000 USD,"Peas, green",2021,2334
Import Quantity,t,"Peas, green",2022,17031.76
Import Value,1000 USD,"Peas, green",2022,51024
Export Quantity,t,"Peas, green",2022,1404.31
Export Value,1000 USD,"Peas, green",2022,1753
Import Quantity,t,"Pepper (Piper spp.), raw",1961,3471
Import Value,1000 USD,"Pepper (Piper spp.), raw",1961,3954
Export Quantity,t,"Pepper (Piper spp.), raw",1961,198
Export Value,1000 USD,"Pepper (Piper spp.), raw",1961,285
Import Quantity,t,"Pepper (Piper spp.), raw",1962,3140
Import Value,1000 USD,"Pepper (Piper spp.), raw",1962,2868
Export Quantity,t,"Pepper (Piper spp.), raw",1962,229
Export Value,1000 USD,"Pepper (Piper spp.), raw",1962,305
Import Quantity,t,"Pepper (Piper spp.), raw",1963,4096
Import Value,1000 USD,"Pepper (Piper spp.), raw",1963,3435
Export Quantity,t,"Pepper (Piper spp.), raw",1963,159
Export Value,1000 USD,"Pepper (Piper spp.), raw",1963,237
Import Quantity,t,"Pepper (Piper spp.), raw",1964,3339
Import Value,1000 USD,"Pepper (Piper spp.), raw",1964,2597
Export Quantity,t,"Pepper (Piper spp.), raw",1964,171
Export Value,1000 USD,"Pepper (Piper spp.), raw",1964,230
Import Quantity,t,"Pepper (Piper spp.), raw",1965,2709
Import Value,1000 USD,"Pepper (Piper spp.), raw",1965,2601
Export Quantity,t,"Pepper (Piper spp.), raw",1965,212
Export Value,1000 USD,"Pepper (Piper spp.), raw",1965,301
Import Quantity,t,"Pepper (Piper spp.), raw",1966,2849
Import Value,1000 USD,"Pepper (Piper spp.), raw",1966,3080
Export Quantity,t,"Pepper (Piper spp.), raw",1966,169
Export Value,1000 USD,"Pepper (Piper spp.), raw",1966,229
Import Quantity,t,"Pepper (Piper spp.), raw",1967,3433
Import Value,1000 USD,"Pepper (Piper spp.), raw",1967,2819
Export Quantity,t,"Pepper (Piper spp.), raw",1967,128
Export Value,1000 USD,"Pepper (Piper spp.), raw",1967,166
Import Quantity,t,"Pepper (Piper spp.), raw",1968,2988
Import Value,1000 USD,"Pepper (Piper spp.), raw",1968,2108
Export Quantity,t,"Pepper (Piper spp.), raw",1968,31
Export Value,1000 USD,"Pepper (Piper spp.), raw",1968,25
Import Quantity,t,"Pepper (Piper spp.), raw",1969,3562
Import Value,1000 USD,"Pepper (Piper spp.), raw",1969,2798
Export Quantity,t,"Pepper (Piper spp.), raw",1969,79
Export Value,1000 USD,"Pepper (Piper spp.), raw",1969,47
Import Quantity,t,"Pepper (Piper spp.), raw",1970,3133
Import Value,1000 USD,"Pepper (Piper spp.), raw",1970,3131
Export Quantity,t,"Pepper (Piper spp.), raw",1970,61
Export Value,1000 USD,"Pepper (Piper spp.), raw",1970,61
Import Quantity,t,"Pepper (Piper spp.), raw",1971,2931
Import Value,1000 USD,"Pepper (Piper spp.), raw",1971,2911
Export Quantity,t,"Pepper (Piper spp.), raw",1971,87
Export Value,1000 USD,"Pepper (Piper spp.), raw",1971,77
Import Quantity,t,"Pepper (Piper spp.), raw",1972,3705
Import Value,1000 USD,"Pepper (Piper spp.), raw",1972,3941
Export Quantity,t,"Pepper (Piper spp.), raw",1972,73
Export Value,1000 USD,"Pepper (Piper spp.), raw",1972,87
Import Quantity,t,"Pepper (Piper spp.), raw",1973,4680
Import Value,1000 USD,"Pepper (Piper spp.), raw",1973,6244
Export Quantity,t,"Pepper (Piper spp.), raw",1973,107
Export Value,1000 USD,"Pepper (Piper spp.), raw",1973,166
Import Quantity,t,"Pepper (Piper spp.), raw",1974,4156
Import Value,1000 USD,"Pepper (Piper spp.), raw",1974,6823
Export Quantity,t,"Pepper (Piper spp.), raw",1974,223
Export Value,1000 USD,"Pepper (Piper spp.), raw",1974,318
Import Quantity,t,"Pepper (Piper spp.), raw",1975,3155
Import Value,1000 USD,"Pepper (Piper spp.), raw",1975,5773
Export Quantity,t,"Pepper (Piper spp.), raw",1975,115
Export Value,1000 USD,"Pepper (Piper spp.), raw",1975,195
Import Quantity,t,"Pepper (Piper spp.), raw",1976,4812
Import Value,1000 USD,"Pepper (Piper spp.), raw",1976,8042
Export Quantity,t,"Pepper (Piper spp.), raw",1976,104
Export Value,1000 USD,"Pepper (Piper spp.), raw",1976,222
Import Quantity,t,"Pepper (Piper spp.), raw",1977,3439
Import Value,1000 USD,"Pepper (Piper spp.), raw",1977,8161
Export Quantity,t,"Pepper (Piper spp.), raw",1977,110
Export Value,1000 USD,"Pepper (Piper spp.), raw",1977,267
Import Quantity,t,"Pepper (Piper spp.), raw",1978,5291
Import Value,1000 USD,"Pepper (Piper spp.), raw",1978,12050
Export Quantity,t,"Pepper (Piper spp.), raw",1978,357
Export Value,1000 USD,"Pepper (Piper spp.), raw",1978,1252
Import Quantity,t,"Pepper (Piper spp.), raw",1979,6266
Import Value,1000 USD,"Pepper (Piper spp.), raw",1979,13719
Export Quantity,t,"Pepper (Piper spp.), raw",1979,225
Export Value,1000 USD,"Pepper (Piper spp.), raw",1979,815
Import Quantity,t,"Pepper (Piper spp.), raw",1980,4503
Import Value,1000 USD,"Pepper (Piper spp.), raw",1980,9269
Export Quantity,t,"Pepper (Piper spp.), raw",1980,426
Export Value,1000 USD,"Pepper (Piper spp.), raw",1980,1208
Import Quantity,t,"Pepper (Piper spp.), raw",1981,4590
Import Value,1000 USD,"Pepper (Piper spp.), raw",1981,7913
Export Quantity,t,"Pepper (Piper spp.), raw",1981,364
Export Value,1000 USD,"Pepper (Piper spp.), raw",1981,1566
Import Quantity,t,"Pepper (Piper spp.), raw",1982,5090
Import Value,1000 USD,"Pepper (Piper spp.), raw",1982,8021
Export Quantity,t,"Pepper (Piper spp.), raw",1982,287
Export Value,1000 USD,"Pepper (Piper spp.), raw",1982,909
Import Quantity,t,"Pepper (Piper spp.), raw",1983,5706
Import Value,1000 USD,"Pepper (Piper spp.), raw",1983,8754
Export Quantity,t,"Pepper (Piper spp.), raw",1983,373
Export Value,1000 USD,"Pepper (Piper spp.), raw",1983,823
Import Quantity,t,"Pepper (Piper spp.), raw",1984,6564
Import Value,1000 USD,"Pepper (Piper spp.), raw",1984,12743
Export Quantity,t,"Pepper (Piper spp.), raw",1984,460
Export Value,1000 USD,"Pepper (Piper spp.), raw",1984,986
Import Quantity,t,"Pepper (Piper spp.), raw",1985,5950
Import Value,1000 USD,"Pepper (Piper spp.), raw",1985,14751
Export Quantity,t,"Pepper (Piper spp.), raw",1985,505
Export Value,1000 USD,"Pepper (Piper spp.), raw",1985,1714
Import Quantity,t,"Pepper (Piper spp.), raw",1986,4757
Import Value,1000 USD,"Pepper (Piper spp.), raw",1986,20460
Export Quantity,t,"Pepper (Piper spp.), raw",1986,374
Export Value,1000 USD,"Pepper (Piper spp.), raw",1986,1870
Import Quantity,t,"Pepper (Piper spp.), raw",1987,4305
Import Value,1000 USD,"Pepper (Piper spp.), raw",1987,18710
Export Quantity,t,"Pepper (Piper spp.), raw",1987,437
Export Value,1000 USD,"Pepper (Piper spp.), raw",1987,2370
Import Quantity,t,"Pepper (Piper spp.), raw",1988,4560
Import Value,1000 USD,"Pepper (Piper spp.), raw",1988,18624
Export Quantity,t,"Pepper (Piper spp.), raw",1988,256
Export Value,1000 USD,"Pepper (Piper spp.), raw",1988,1867
Import Quantity,t,"Pepper (Piper spp.), raw",1989,5263
Import Value,1000 USD,"Pepper (Piper spp.), raw",1989,14888
Export Quantity,t,"Pepper (Piper spp.), raw",1989,214
Export Value,1000 USD,"Pepper (Piper spp.), raw",1989,1169
Import Quantity,t,"Pepper (Piper spp.), raw",1990,4995
Import Value,1000 USD,"Pepper (Piper spp.), raw",1990,10325
Export Quantity,t,"Pepper (Piper spp.), raw",1990,465
Export Value,1000 USD,"Pepper (Piper spp.), raw",1990,1458
Import Quantity,t,"Pepper (Piper spp.), raw",1991,4543
Import Value,1000 USD,"Pepper (Piper spp.), raw",1991,7416
Export Quantity,t,"Pepper (Piper spp.), raw",1991,360
Export Value,1000 USD,"Pepper (Piper spp.), raw",1991,917
Import Quantity,t,"Pepper (Piper spp.), raw",1992,4663
Import Value,1000 USD,"Pepper (Piper spp.), raw",1992,7159
Export Quantity,t,"Pepper (Piper spp.), raw",1992,374
Export Value,1000 USD,"Pepper (Piper spp.), raw",1992,1124
Import Quantity,t,"Pepper (Piper spp.), raw",1993,5932
Import Value,1000 USD,"Pepper (Piper spp.), raw",1993,10504
Export Quantity,t,"Pepper (Piper spp.), raw",1993,265
Export Value,1000 USD,"Pepper (Piper spp.), raw",1993,1622
Import Quantity,t,"Pepper (Piper spp.), raw",1994,5828
Import Value,1000 USD,"Pepper (Piper spp.), raw",1994,13063
Export Quantity,t,"Pepper (Piper spp.), raw",1994,562
Export Value,1000 USD,"Pepper (Piper spp.), raw",1994,2252
Import Quantity,t,"Pepper (Piper spp.), raw",1995,6695
Import Value,1000 USD,"Pepper (Piper spp.), raw",1995,19935
Export Quantity,t,"Pepper (Piper spp.), raw",1995,579
Export Value,1000 USD,"Pepper (Piper spp.), raw",1995,2341
Import Quantity,t,"Pepper (Piper spp.), raw",1996,5826
Import Value,1000 USD,"Pepper (Piper spp.), raw",1996,16819
Export Quantity,t,"Pepper (Piper spp.), raw",1996,543
Export Value,1000 USD,"Pepper (Piper spp.), raw",1996,2824
Import Quantity,t,"Pepper (Piper spp.), raw",1997,7225
Import Value,1000 USD,"Pepper (Piper spp.), raw",1997,29641
Export Quantity,t,"Pepper (Piper spp.), raw",1997,624
Export Value,1000 USD,"Pepper (Piper spp.), raw",1997,4766
Import Quantity,t,"Pepper (Piper spp.), raw",1998,5744
Import Value,1000 USD,"Pepper (Piper spp.), raw",1998,30630
Export Quantity,t,"Pepper (Piper spp.), raw",1998,1096
Export Value,1000 USD,"Pepper (Piper spp.), raw",1998,7677
Import Quantity,t,"Pepper (Piper spp.), raw",1999,5485
Import Value,1000 USD,"Pepper (Piper spp.), raw",1999,27665
Export Quantity,t,"Pepper (Piper spp.), raw",1999,545
Export Value,1000 USD,"Pepper (Piper spp.), raw",1999,4201
Import Quantity,t,"Pepper (Piper spp.), raw",2000,5472
Import Value,1000 USD,"Pepper (Piper spp.), raw",2000,26009
Export Quantity,t,"Pepper (Piper spp.), raw",2000,660
Export Value,1000 USD,"Pepper (Piper spp.), raw",2000,4626
Import Quantity,t,"Pepper (Piper spp.), raw",2001,4910
Import Value,1000 USD,"Pepper (Piper spp.), raw",2001,14304
Export Quantity,t,"Pepper (Piper spp.), raw",2001,1131
Export Value,1000 USD,"Pepper (Piper spp.), raw",2001,5353
Import Quantity,t,"Pepper (Piper spp.), raw",2002,4978
Import Value,1000 USD,"Pepper (Piper spp.), raw",2002,12283
Export Quantity,t,"Pepper (Piper spp.), raw",2002,805
Export Value,1000 USD,"Pepper (Piper spp.), raw",2002,4301
Import Quantity,t,"Pepper (Piper spp.), raw",2003,5846
Import Value,1000 USD,"Pepper (Piper spp.), raw",2003,16263
Export Quantity,t,"Pepper (Piper spp.), raw",2003,764
Export Value,1000 USD,"Pepper (Piper spp.), raw",2003,4299
Import Quantity,t,"Pepper (Piper spp.), raw",2004,5464
Import Value,1000 USD,"Pepper (Piper spp.), raw",2004,15185
Export Quantity,t,"Pepper (Piper spp.), raw",2004,641
Export Value,1000 USD,"Pepper (Piper spp.), raw",2004,4311
Import Quantity,t,"Pepper (Piper spp.), raw",2005,6840
Import Value,1000 USD,"Pepper (Piper spp.), raw",2005,19592
Export Quantity,t,"Pepper (Piper spp.), raw",2005,528
Export Value,1000 USD,"Pepper (Piper spp.), raw",2005,4625
Import Quantity,t,"Pepper (Piper spp.), raw",2006,9105
Import Value,1000 USD,"Pepper (Piper spp.), raw",2006,27386
Export Quantity,t,"Pepper (Piper spp.), raw",2006,564
Export Value,1000 USD,"Pepper (Piper spp.), raw",2006,5033
Import Quantity,t,"Pepper (Piper spp.), raw",2007,7201
Import Value,1000 USD,"Pepper (Piper spp.), raw",2007,34307
Export Quantity,t,"Pepper (Piper spp.), raw",2007,704
Export Value,1000 USD,"Pepper (Piper spp.), raw",2007,6494
Import Quantity,t,"Pepper (Piper spp.), raw",2008,8066
Import Value,1000 USD,"Pepper (Piper spp.), raw",2008,41869
Export Quantity,t,"Pepper (Piper spp.), raw",2008,656
Export Value,1000 USD,"Pepper (Piper spp.), raw",2008,5517
Import Quantity,t,"Pepper (Piper spp.), raw",2009,7761
Import Value,1000 USD,"Pepper (Piper spp.), raw",2009,34219
Export Quantity,t,"Pepper (Piper spp.), raw",2009,765
Export Value,1000 USD,"Pepper (Piper spp.), raw",2009,4807
Import Quantity,t,"Pepper (Piper spp.), raw",2010,10269
Import Value,1000 USD,"Pepper (Piper spp.), raw",2010,46080
Export Quantity,t,"Pepper (Piper spp.), raw",2010,823
Export Value,1000 USD,"Pepper (Piper spp.), raw",2010,5467
Import Quantity,t,"Pepper (Piper spp.), raw",2011,10799
Import Value,1000 USD,"Pepper (Piper spp.), raw",2011,66395
Export Quantity,t,"Pepper (Piper spp.), raw",2011,923
Export Value,1000 USD,"Pepper (Piper spp.), raw",2011,6691
Import Quantity,t,"Pepper (Piper spp.), raw",2012,11944
Import Value,1000 USD,"Pepper (Piper spp.), raw",2012,89389
Export Quantity,t,"Pepper (Piper spp.), raw",2012,923
Export Value,1000 USD,"Pepper (Piper spp.), raw",2012,8931
Import Quantity,t,"Pepper (Piper spp.), raw",2013,12946
Import Value,1000 USD,"Pepper (Piper spp.), raw",2013,93106
Export Quantity,t,"Pepper (Piper spp.), raw",2013,852
Export Value,1000 USD,"Pepper (Piper spp.), raw",2013,9512
Import Quantity,t,"Pepper (Piper spp.), raw",2014,10936.39
Import Value,1000 USD,"Pepper (Piper spp.), raw",2014,95392
Export Quantity,t,"Pepper (Piper spp.), raw",2014,786
Export Value,1000 USD,"Pepper (Piper spp.), raw",2014,9207
Import Quantity,t,"Pepper (Piper spp.), raw",2015,12037.65
Import Value,1000 USD,"Pepper (Piper spp.), raw",2015,115451
Export Quantity,t,"Pepper (Piper spp.), raw",2015,813.18
Export Value,1000 USD,"Pepper (Piper spp.), raw",2015,9443
Import Quantity,t,"Pepper (Piper spp.), raw",2016,14270.3
Import Value,1000 USD,"Pepper (Piper spp.), raw",2016,106749
Export Quantity,t,"Pepper (Piper spp.), raw",2016,980.53
Export Value,1000 USD,"Pepper (Piper spp.), raw",2016,10173
Import Quantity,t,"Pepper (Piper spp.), raw",2017,12963.05
Import Value,1000 USD,"Pepper (Piper spp.), raw",2017,92382
Export Quantity,t,"Pepper (Piper spp.), raw",2017,1047.78
Export Value,1000 USD,"Pepper (Piper spp.), raw",2017,10815
Import Quantity,t,"Pepper (Piper spp.), raw",2018,11771.49
Import Value,1000 USD,"Pepper (Piper spp.), raw",2018,66413
Export Quantity,t,"Pepper (Piper spp.), raw",2018,847.03
Export Value,1000 USD,"Pepper (Piper spp.), raw",2018,8904
Import Quantity,t,"Pepper (Piper spp.), raw",2019,12721.93
Import Value,1000 USD,"Pepper (Piper spp.), raw",2019,58114
Export Quantity,t,"Pepper (Piper spp.), raw",2019,980.53
Export Value,1000 USD,"Pepper (Piper spp.), raw",2019,7896
Import Quantity,t,"Pepper (Piper spp.), raw",2020,13609.19
Import Value,1000 USD,"Pepper (Piper spp.), raw",2020,58224
Export Quantity,t,"Pepper (Piper spp.), raw",2020,1064.24
Export Value,1000 USD,"Pepper (Piper spp.), raw",2020,8381
Import Quantity,t,"Pepper (Piper spp.), raw",2021,13454.14
Import Value,1000 USD,"Pepper (Piper spp.), raw",2021,64868
Export Quantity,t,"Pepper (Piper spp.), raw",2021,1077.75
Export Value,1000 USD,"Pepper (Piper spp.), raw",2021,7759
Import Quantity,t,"Pepper (Piper spp.), raw",2022,12221.15
Import Value,1000 USD,"Pepper (Piper spp.), raw",2022,69470
Export Quantity,t,"Pepper (Piper spp.), raw",2022,1084.57
Export Value,1000 USD,"Pepper (Piper spp.), raw",2022,7437
Import Quantity,t,Pig meat preparations,1961,96141
Import Value,1000 USD,Pig meat preparations,1961,93317
Export Quantity,t,Pig meat preparations,1961,282
Export Value,1000 USD,Pig meat preparations,1961,292
Import Quantity,t,Pig meat preparations,1962,91331
Import Value,1000 USD,Pig meat preparations,1962,86578
Export Quantity,t,Pig meat preparations,1962,454
Export Value,1000 USD,Pig meat preparations,1962,404
Import Quantity,t,Pig meat preparations,1963,87891
Import Value,1000 USD,Pig meat preparations,1963,82401
Export Quantity,t,Pig meat preparations,1963,155
Export Value,1000 USD,Pig meat preparations,1963,114
Import Quantity,t,Pig meat preparations,1964,96850
Import Value,1000 USD,Pig meat preparations,1964,100951
Export Quantity,t,Pig meat preparations,1964,139
Export Value,1000 USD,Pig meat preparations,1964,123
Import Quantity,t,Pig meat preparations,1965,95894
Import Value,1000 USD,Pig meat preparations,1965,99680
Export Quantity,t,Pig meat preparations,1965,179
Export Value,1000 USD,Pig meat preparations,1965,181
Import Quantity,t,Pig meat preparations,1966,95528
Import Value,1000 USD,Pig meat preparations,1966,109100
Export Quantity,t,Pig meat preparations,1966,249
Export Value,1000 USD,Pig meat preparations,1966,228
Import Quantity,t,Pig meat preparations,1967,100096
Import Value,1000 USD,Pig meat preparations,1967,110726
Export Quantity,t,Pig meat preparations,1967,996
Export Value,1000 USD,Pig meat preparations,1967,955
Import Quantity,t,Pig meat preparations,1968,97053
Import Value,1000 USD,Pig meat preparations,1968,95348
Export Quantity,t,Pig meat preparations,1968,369
Export Value,1000 USD,Pig meat preparations,1968,308
Import Quantity,t,Pig meat preparations,1969,93527
Import Value,1000 USD,Pig meat preparations,1969,94451
Export Quantity,t,Pig meat preparations,1969,198
Export Value,1000 USD,Pig meat preparations,1969,146
Import Quantity,t,Pig meat preparations,1970,98205
Import Value,1000 USD,Pig meat preparations,1970,106409
Export Quantity,t,Pig meat preparations,1970,0
Export Value,1000 USD,Pig meat preparations,1970,0
Import Quantity,t,Pig meat preparations,1971,105379
Import Value,1000 USD,Pig meat preparations,1971,114802
Export Quantity,t,Pig meat preparations,1971,0
Export Value,1000 USD,Pig meat preparations,1971,0
Import Quantity,t,Pig meat preparations,1972,105957
Import Value,1000 USD,Pig meat preparations,1972,122768
Export Quantity,t,Pig meat preparations,1972,0
Export Value,1000 USD,Pig meat preparations,1972,0
Import Quantity,t,Pig meat preparations,1973,109004
Import Value,1000 USD,Pig meat preparations,1973,191476
Export Quantity,t,Pig meat preparations,1973,1031
Export Value,1000 USD,Pig meat preparations,1973,1400
Import Quantity,t,Pig meat preparations,1974,105031
Import Value,1000 USD,Pig meat preparations,1974,198968
Export Quantity,t,Pig meat preparations,1974,1240
Export Value,1000 USD,Pig meat preparations,1974,1816
Import Quantity,t,Pig meat preparations,1975,104472
Import Value,1000 USD,Pig meat preparations,1975,207904
Export Quantity,t,Pig meat preparations,1975,1263
Export Value,1000 USD,Pig meat preparations,1975,1935
Import Quantity,t,Pig meat preparations,1976,115702
Import Value,1000 USD,Pig meat preparations,1976,208728
Export Quantity,t,Pig meat preparations,1976,1221
Export Value,1000 USD,Pig meat preparations,1976,2000
Import Quantity,t,Pig meat preparations,1977,117804
Import Value,1000 USD,Pig meat preparations,1977,205873
Export Quantity,t,Pig meat preparations,1977,987
Export Value,1000 USD,Pig meat preparations,1977,2242
Import Quantity,t,Pig meat preparations,1978,113999
Import Value,1000 USD,Pig meat preparations,1978,237915
Export Quantity,t,Pig meat preparations,1978,1070
Export Value,1000 USD,Pig meat preparations,1978,2483
Import Quantity,t,Pig meat preparations,1979,123590
Import Value,1000 USD,Pig meat preparations,1979,303404
Export Quantity,t,Pig meat preparations,1979,1093
Export Value,1000 USD,Pig meat preparations,1979,2814
Import Quantity,t,Pig meat preparations,1980,108251
Import Value,1000 USD,Pig meat preparations,1980,321751
Export Quantity,t,Pig meat preparations,1980,868
Export Value,1000 USD,Pig meat preparations,1980,2875
Import Quantity,t,Pig meat preparations,1981,98699
Import Value,1000 USD,Pig meat preparations,1981,263648
Export Quantity,t,Pig meat preparations,1981,1287
Export Value,1000 USD,Pig meat preparations,1981,5210
Import Quantity,t,Pig meat preparations,1982,96381
Import Value,1000 USD,Pig meat preparations,1982,255422
Export Quantity,t,Pig meat preparations,1982,1235
Export Value,1000 USD,Pig meat preparations,1982,4008
Import Quantity,t,Pig meat preparations,1983,91144
Import Value,1000 USD,Pig meat preparations,1983,212248
Export Quantity,t,Pig meat preparations,1983,1278
Export Value,1000 USD,Pig meat preparations,1983,3448
Import Quantity,t,Pig meat preparations,1984,91190
Import Value,1000 USD,Pig meat preparations,1984,192857
Export Quantity,t,Pig meat preparations,1984,1339
Export Value,1000 USD,Pig meat preparations,1984,3257
Import Quantity,t,Pig meat preparations,1985,88241
Import Value,1000 USD,Pig meat preparations,1985,181699
Export Quantity,t,Pig meat preparations,1985,2041
Export Value,1000 USD,Pig meat preparations,1985,4591
Import Quantity,t,Pig meat preparations,1986,86413
Import Value,1000 USD,Pig meat preparations,1986,204034
Export Quantity,t,Pig meat preparations,1986,1519
Export Value,1000 USD,Pig meat preparations,1986,3914
Import Quantity,t,Pig meat preparations,1987,89362
Import Value,1000 USD,Pig meat preparations,1987,239989
Export Quantity,t,Pig meat preparations,1987,1688
Export Value,1000 USD,Pig meat preparations,1987,5101
Import Quantity,t,Pig meat preparations,1988,90111
Import Value,1000 USD,Pig meat preparations,1988,270874
Export Quantity,t,Pig meat preparations,1988,1937
Export Value,1000 USD,Pig meat preparations,1988,6191
Import Quantity,t,Pig meat preparations,1989,90731
Import Value,1000 USD,Pig meat preparations,1989,282940
Export Quantity,t,Pig meat preparations,1989,2083
Export Value,1000 USD,Pig meat preparations,1989,6331
Import Quantity,t,Pig meat preparations,1990,85422
Import Value,1000 USD,Pig meat preparations,1990,326468
Export Quantity,t,Pig meat preparations,1990,2243
Export Value,1000 USD,Pig meat preparations,1990,7899
Import Quantity,t,Pig meat preparations,1991,82687
Import Value,1000 USD,Pig meat preparations,1991,321207
Export Quantity,t,Pig meat preparations,1991,1968
Export Value,1000 USD,Pig meat preparations,1991,7289
Import Quantity,t,Pig meat preparations,1992,78280
Import Value,1000 USD,Pig meat preparations,1992,308966
Export Quantity,t,Pig meat preparations,1992,2051
Export Value,1000 USD,Pig meat preparations,1992,8170
Import Quantity,t,Pig meat preparations,1993,57873
Import Value,1000 USD,Pig meat preparations,1993,206746
Export Quantity,t,Pig meat preparations,1993,2722
Export Value,1000 USD,Pig meat preparations,1993,10048
Import Quantity,t,Pig meat preparations,1994,64444
Import Value,1000 USD,Pig meat preparations,1994,203975
Export Quantity,t,Pig meat preparations,1994,5544
Export Value,1000 USD,Pig meat preparations,1994,16068
Import Quantity,t,Pig meat preparations,1995,52820
Import Value,1000 USD,Pig meat preparations,1995,178934
Export Quantity,t,Pig meat preparations,1995,5753
Export Value,1000 USD,Pig meat preparations,1995,16092
Import Quantity,t,Pig meat preparations,1996,40692
Import Value,1000 USD,Pig meat preparations,1996,156783
Export Quantity,t,Pig meat preparations,1996,8413
Export Value,1000 USD,Pig meat preparations,1996,24174
Import Quantity,t,Pig meat preparations,1997,42366
Import Value,1000 USD,Pig meat preparations,1997,158835
Export Quantity,t,Pig meat preparations,1997,7944
Export Value,1000 USD,Pig meat preparations,1997,25972
Import Quantity,t,Pig meat preparations,1998,53256
Import Value,1000 USD,Pig meat preparations,1998,172819
Export Quantity,t,Pig meat preparations,1998,8380
Export Value,1000 USD,Pig meat preparations,1998,27624
Import Quantity,t,Pig meat preparations,1999,41873
Import Value,1000 USD,Pig meat preparations,1999,166941
Export Quantity,t,Pig meat preparations,1999,7550
Export Value,1000 USD,Pig meat preparations,1999,20084
Import Quantity,t,Pig meat preparations,2000,43236
Import Value,1000 USD,Pig meat preparations,2000,166125
Export Quantity,t,Pig meat preparations,2000,8198
Export Value,1000 USD,Pig meat preparations,2000,23629
Import Quantity,t,Pig meat preparations,2001,45860
Import Value,1000 USD,Pig meat preparations,2001,183345
Export Quantity,t,Pig meat preparations,2001,6791
Export Value,1000 USD,Pig meat preparations,2001,18963
Import Quantity,t,Pig meat preparations,2002,45192
Import Value,1000 USD,Pig meat preparations,2002,178697
Export Quantity,t,Pig meat preparations,2002,4832
Export Value,1000 USD,Pig meat preparations,2002,16092
Import Quantity,t,Pig meat preparations,2003,42522
Import Value,1000 USD,Pig meat preparations,2003,188992
Export Quantity,t,Pig meat preparations,2003,7551
Export Value,1000 USD,Pig meat preparations,2003,23507
Import Quantity,t,Pig meat preparations,2004,52649
Import Value,1000 USD,Pig meat preparations,2004,258392
Export Quantity,t,Pig meat preparations,2004,10189
Export Value,1000 USD,Pig meat preparations,2004,37219
Import Quantity,t,Pig meat preparations,2005,50510
Import Value,1000 USD,Pig meat preparations,2005,288206
Export Quantity,t,Pig meat preparations,2005,10513
Export Value,1000 USD,Pig meat preparations,2005,38244
Import Quantity,t,Pig meat preparations,2006,65380
Import Value,1000 USD,Pig meat preparations,2006,321638
Export Quantity,t,Pig meat preparations,2006,9466
Export Value,1000 USD,Pig meat preparations,2006,36918
Import Quantity,t,Pig meat preparations,2007,61707
Import Value,1000 USD,Pig meat preparations,2007,379804
Export Quantity,t,Pig meat preparations,2007,12822
Export Value,1000 USD,Pig meat preparations,2007,58368
Import Quantity,t,Pig meat preparations,2008,77050
Import Value,1000 USD,Pig meat preparations,2008,470850
Export Quantity,t,Pig meat preparations,2008,16161
Export Value,1000 USD,Pig meat preparations,2008,79179
Import Quantity,t,Pig meat preparations,2009,88006
Import Value,1000 USD,Pig meat preparations,2009,434055
Export Quantity,t,Pig meat preparations,2009,16062
Export Value,1000 USD,Pig meat preparations,2009,68149
Import Quantity,t,Pig meat preparations,2010,91688
Import Value,1000 USD,Pig meat preparations,2010,411078
Export Quantity,t,Pig meat preparations,2010,14341
Export Value,1000 USD,Pig meat preparations,2010,55024
Import Quantity,t,Pig meat preparations,2011,121535
Import Value,1000 USD,Pig meat preparations,2011,599684
Export Quantity,t,Pig meat preparations,2011,9926
Export Value,1000 USD,Pig meat preparations,2011,43633
Import Quantity,t,Pig meat preparations,2012,141162
Import Value,1000 USD,Pig meat preparations,2012,664948
Export Quantity,t,Pig meat preparations,2012,12235
Export Value,1000 USD,Pig meat preparations,2012,51984
Import Quantity,t,Pig meat preparations,2013,134457
Import Value,1000 USD,Pig meat preparations,2013,725898
Export Quantity,t,Pig meat preparations,2013,12014
Export Value,1000 USD,Pig meat preparations,2013,45339
Import Quantity,t,Pig meat preparations,2014,133654.78
Import Value,1000 USD,Pig meat preparations,2014,776893
Export Quantity,t,Pig meat preparations,2014,13222.74
Export Value,1000 USD,Pig meat preparations,2014,54458
Import Quantity,t,Pig meat preparations,2015,136336.09
Import Value,1000 USD,Pig meat preparations,2015,662285
Export Quantity,t,Pig meat preparations,2015,12647.83
Export Value,1000 USD,Pig meat preparations,2015,45892
Import Quantity,t,Pig meat preparations,2016,145230.14
Import Value,1000 USD,Pig meat preparations,2016,649249
Export Quantity,t,Pig meat preparations,2016,12220.23
Export Value,1000 USD,Pig meat preparations,2016,32789
Import Quantity,t,Pig meat preparations,2017,152193.04
Import Value,1000 USD,Pig meat preparations,2017,712823
Export Quantity,t,Pig meat preparations,2017,11067.35
Export Value,1000 USD,Pig meat preparations,2017,31321
Import Quantity,t,Pig meat preparations,2018,153611.36
Import Value,1000 USD,Pig meat preparations,2018,716076
Export Quantity,t,Pig meat preparations,2018,10837.73
Export Value,1000 USD,Pig meat preparations,2018,35012
Import Quantity,t,Pig meat preparations,2019,116604.21
Import Value,1000 USD,Pig meat preparations,2019,602318
Export Quantity,t,Pig meat preparations,2019,12450.43
Export Value,1000 USD,Pig meat preparations,2019,35497
Import Quantity,t,Pig meat preparations,2020,127895.67
Import Value,1000 USD,Pig meat preparations,2020,646228
Export Quantity,t,Pig meat preparations,2020,14197.92
Export Value,1000 USD,Pig meat preparations,2020,47030
Import Quantity,t,Pig meat preparations,2021,106476.56
Import Value,1000 USD,Pig meat preparations,2021,571612
Export Quantity,t,Pig meat preparations,2021,13385.15
Export Value,1000 USD,Pig meat preparations,2021,49658
Import Quantity,t,Pig meat preparations,2022,113369.97
Import Value,1000 USD,Pig meat preparations,2022,693108
Export Quantity,t,Pig meat preparations,2022,15822.01
Export Value,1000 USD,Pig meat preparations,2022,55084
Import Quantity,t,Pineapples,1961,3216
Import Value,1000 USD,Pineapples,1961,926
Export Quantity,t,Pineapples,1961,91
Export Value,1000 USD,Pineapples,1961,29
Import Quantity,t,Pineapples,1962,2908
Import Value,1000 USD,Pineapples,1962,849
Export Quantity,t,Pineapples,1962,63
Export Value,1000 USD,Pineapples,1962,17
Import Quantity,t,Pineapples,1963,2957
Import Value,1000 USD,Pineapples,1963,904
Export Quantity,t,Pineapples,1963,22
Export Value,1000 USD,Pineapples,1963,8
Import Quantity,t,Pineapples,1964,2959
Import Value,1000 USD,Pineapples,1964,924
Export Quantity,t,Pineapples,1964,61
Export Value,1000 USD,Pineapples,1964,17
Import Quantity,t,Pineapples,1965,2694
Import Value,1000 USD,Pineapples,1965,920
Export Quantity,t,Pineapples,1965,12
Export Value,1000 USD,Pineapples,1965,5
Import Quantity,t,Pineapples,1966,2749
Import Value,1000 USD,Pineapples,1966,1046
Export Quantity,t,Pineapples,1966,17
Export Value,1000 USD,Pineapples,1966,6
Import Quantity,t,Pineapples,1967,4438
Import Value,1000 USD,Pineapples,1967,1672
Export Quantity,t,Pineapples,1967,21
Export Value,1000 USD,Pineapples,1967,6
Import Quantity,t,Pineapples,1968,5617
Import Value,1000 USD,Pineapples,1968,1838
Export Quantity,t,Pineapples,1968,15
Export Value,1000 USD,Pineapples,1968,5
Import Quantity,t,Pineapples,1969,5045
Import Value,1000 USD,Pineapples,1969,1988
Export Quantity,t,Pineapples,1969,54
Export Value,1000 USD,Pineapples,1969,24
Import Quantity,t,Pineapples,1970,7328
Import Value,1000 USD,Pineapples,1970,2332
Export Quantity,t,Pineapples,1970,0
Export Value,1000 USD,Pineapples,1970,0
Import Quantity,t,Pineapples,1971,7901
Import Value,1000 USD,Pineapples,1971,2833
Export Quantity,t,Pineapples,1971,0
Export Value,1000 USD,Pineapples,1971,0
Import Quantity,t,Pineapples,1972,7148
Import Value,1000 USD,Pineapples,1972,2615
Export Quantity,t,Pineapples,1972,0
Export Value,1000 USD,Pineapples,1972,0
Import Quantity,t,Pineapples,1973,8726
Import Value,1000 USD,Pineapples,1973,3399
Export Quantity,t,Pineapples,1973,1869
Export Value,1000 USD,Pineapples,1973,1696
Import Quantity,t,Pineapples,1974,4181
Import Value,1000 USD,Pineapples,1974,2102
Export Quantity,t,Pineapples,1974,912
Export Value,1000 USD,Pineapples,1974,753
Import Quantity,t,Pineapples,1975,5157
Import Value,1000 USD,Pineapples,1975,2921
Export Quantity,t,Pineapples,1975,121
Export Value,1000 USD,Pineapples,1975,77
Import Quantity,t,Pineapples,1976,4287
Import Value,1000 USD,Pineapples,1976,2638
Export Quantity,t,Pineapples,1976,116
Export Value,1000 USD,Pineapples,1976,67
Import Quantity,t,Pineapples,1977,4812
Import Value,1000 USD,Pineapples,1977,3274
Export Quantity,t,Pineapples,1977,144
Export Value,1000 USD,Pineapples,1977,113
Import Quantity,t,Pineapples,1978,7671
Import Value,1000 USD,Pineapples,1978,6531
Export Quantity,t,Pineapples,1978,147
Export Value,1000 USD,Pineapples,1978,134
Import Quantity,t,Pineapples,1979,8952
Import Value,1000 USD,Pineapples,1979,9207
Export Quantity,t,Pineapples,1979,159
Export Value,1000 USD,Pineapples,1979,161
Import Quantity,t,Pineapples,1980,11909
Import Value,1000 USD,Pineapples,1980,12181
Export Quantity,t,Pineapples,1980,175
Export Value,1000 USD,Pineapples,1980,212
Import Quantity,t,Pineapples,1981,14409
Import Value,1000 USD,Pineapples,1981,12257
Export Quantity,t,Pineapples,1981,189
Export Value,1000 USD,Pineapples,1981,172
Import Quantity,t,Pineapples,1982,15809
Import Value,1000 USD,Pineapples,1982,12150
Export Quantity,t,Pineapples,1982,225
Export Value,1000 USD,Pineapples,1982,196
Import Quantity,t,Pineapples,1983,15864
Import Value,1000 USD,Pineapples,1983,11845
Export Quantity,t,Pineapples,1983,352
Export Value,1000 USD,Pineapples,1983,294
Import Quantity,t,Pineapples,1984,15182
Import Value,1000 USD,Pineapples,1984,10920
Export Quantity,t,Pineapples,1984,319
Export Value,1000 USD,Pineapples,1984,327
Import Quantity,t,Pineapples,1985,18327
Import Value,1000 USD,Pineapples,1985,11969
Export Quantity,t,Pineapples,1985,197
Export Value,1000 USD,Pineapples,1985,173
Import Quantity,t,Pineapples,1986,19150
Import Value,1000 USD,Pineapples,1986,14857
Export Quantity,t,Pineapples,1986,201
Export Value,1000 USD,Pineapples,1986,209
Import Quantity,t,Pineapples,1987,21279
Import Value,1000 USD,Pineapples,1987,18456
Export Quantity,t,Pineapples,1987,279
Export Value,1000 USD,Pineapples,1987,282
Import Quantity,t,Pineapples,1988,22348
Import Value,1000 USD,Pineapples,1988,18047
Export Quantity,t,Pineapples,1988,396
Export Value,1000 USD,Pineapples,1988,430
Import Quantity,t,Pineapples,1989,20008
Import Value,1000 USD,Pineapples,1989,16747
Export Quantity,t,Pineapples,1989,229
Export Value,1000 USD,Pineapples,1989,311
Import Quantity,t,Pineapples,1990,20749
Import Value,1000 USD,Pineapples,1990,21152
Export Quantity,t,Pineapples,1990,169
Export Value,1000 USD,Pineapples,1990,263
Import Quantity,t,Pineapples,1991,21042
Import Value,1000 USD,Pineapples,1991,19407
Export Quantity,t,Pineapples,1991,332
Export Value,1000 USD,Pineapples,1991,431
Import Quantity,t,Pineapples,1992,20705
Import Value,1000 USD,Pineapples,1992,22657
Export Quantity,t,Pineapples,1992,174
Export Value,1000 USD,Pineapples,1992,207
Import Quantity,t,Pineapples,1993,19904
Import Value,1000 USD,Pineapples,1993,18652
Export Quantity,t,Pineapples,1993,31
Export Value,1000 USD,Pineapples,1993,72
Import Quantity,t,Pineapples,1994,22760
Import Value,1000 USD,Pineapples,1994,14113
Export Quantity,t,Pineapples,1994,162
Export Value,1000 USD,Pineapples,1994,303
Import Quantity,t,Pineapples,1995,20416
Import Value,1000 USD,Pineapples,1995,15357
Export Quantity,t,Pineapples,1995,229
Export Value,1000 USD,Pineapples,1995,816
Import Quantity,t,Pineapples,1996,25279
Import Value,1000 USD,Pineapples,1996,23476
Export Quantity,t,Pineapples,1996,84
Export Value,1000 USD,Pineapples,1996,216
Import Quantity,t,Pineapples,1997,31253
Import Value,1000 USD,Pineapples,1997,25137
Export Quantity,t,Pineapples,1997,79
Export Value,1000 USD,Pineapples,1997,239
Import Quantity,t,Pineapples,1998,30582
Import Value,1000 USD,Pineapples,1998,20777
Export Quantity,t,Pineapples,1998,148
Export Value,1000 USD,Pineapples,1998,313
Import Quantity,t,Pineapples,1999,30903
Import Value,1000 USD,Pineapples,1999,20241
Export Quantity,t,Pineapples,1999,172
Export Value,1000 USD,Pineapples,1999,353
Import Quantity,t,Pineapples,2000,29309
Import Value,1000 USD,Pineapples,2000,19912
Export Quantity,t,Pineapples,2000,195
Export Value,1000 USD,Pineapples,2000,186
Import Quantity,t,Pineapples,2001,33028
Import Value,1000 USD,Pineapples,2001,23006
Export Quantity,t,Pineapples,2001,159
Export Value,1000 USD,Pineapples,2001,238
Import Quantity,t,Pineapples,2002,39944
Import Value,1000 USD,Pineapples,2002,28528
Export Quantity,t,Pineapples,2002,713
Export Value,1000 USD,Pineapples,2002,763
Import Quantity,t,Pineapples,2003,42490
Import Value,1000 USD,Pineapples,2003,38790
Export Quantity,t,Pineapples,2003,88
Export Value,1000 USD,Pineapples,2003,232
Import Quantity,t,Pineapples,2004,60009
Import Value,1000 USD,Pineapples,2004,67245
Export Quantity,t,Pineapples,2004,10754
Export Value,1000 USD,Pineapples,2004,11113
Import Quantity,t,Pineapples,2005,78047
Import Value,1000 USD,Pineapples,2005,79341
Export Quantity,t,Pineapples,2005,5927
Export Value,1000 USD,Pineapples,2005,5756
Import Quantity,t,Pineapples,2006,104673
Import Value,1000 USD,Pineapples,2006,104976
Export Quantity,t,Pineapples,2006,9616
Export Value,1000 USD,Pineapples,2006,8857
Import Quantity,t,Pineapples,2007,116730
Import Value,1000 USD,Pineapples,2007,137128
Export Quantity,t,Pineapples,2007,6417
Export Value,1000 USD,Pineapples,2007,7173
Import Quantity,t,Pineapples,2008,125932
Import Value,1000 USD,Pineapples,2008,141203
Export Quantity,t,Pineapples,2008,9294
Export Value,1000 USD,Pineapples,2008,9960
Import Quantity,t,Pineapples,2009,144518
Import Value,1000 USD,Pineapples,2009,137219
Export Quantity,t,Pineapples,2009,21364
Export Value,1000 USD,Pineapples,2009,17485
Import Quantity,t,Pineapples,2010,155257
Import Value,1000 USD,Pineapples,2010,138751
Export Quantity,t,Pineapples,2010,19032
Export Value,1000 USD,Pineapples,2010,15808
Import Quantity,t,Pineapples,2011,167513
Import Value,1000 USD,Pineapples,2011,157236
Export Quantity,t,Pineapples,2011,25535
Export Value,1000 USD,Pineapples,2011,22145
Import Quantity,t,Pineapples,2012,144441
Import Value,1000 USD,Pineapples,2012,131394
Export Quantity,t,Pineapples,2012,6000
Export Value,1000 USD,Pineapples,2012,5406
Import Quantity,t,Pineapples,2013,139578
Import Value,1000 USD,Pineapples,2013,137629
Export Quantity,t,Pineapples,2013,6308
Export Value,1000 USD,Pineapples,2013,6195
Import Quantity,t,Pineapples,2014,143748.9
Import Value,1000 USD,Pineapples,2014,138911
Export Quantity,t,Pineapples,2014,4881.73
Export Value,1000 USD,Pineapples,2014,5241
Import Quantity,t,Pineapples,2015,141808.82
Import Value,1000 USD,Pineapples,2015,135781
Export Quantity,t,Pineapples,2015,12619.35
Export Value,1000 USD,Pineapples,2015,11465
Import Quantity,t,Pineapples,2016,146494.26
Import Value,1000 USD,Pineapples,2016,130703
Export Quantity,t,Pineapples,2016,10736.21
Export Value,1000 USD,Pineapples,2016,12610
Import Quantity,t,Pineapples,2017,167889.45
Import Value,1000 USD,Pineapples,2017,148054
Export Quantity,t,Pineapples,2017,17111.2
Export Value,1000 USD,Pineapples,2017,14463
Import Quantity,t,Pineapples,2018,159631.64
Import Value,1000 USD,Pineapples,2018,133237
Export Quantity,t,Pineapples,2018,26443.51
Export Value,1000 USD,Pineapples,2018,20162
Import Quantity,t,Pineapples,2019,159243.04
Import Value,1000 USD,Pineapples,2019,128616
Export Quantity,t,Pineapples,2019,26132.55
Export Value,1000 USD,Pineapples,2019,22142
Import Quantity,t,Pineapples,2020,134886.57
Import Value,1000 USD,Pineapples,2020,110795
Export Quantity,t,Pineapples,2020,16941.53
Export Value,1000 USD,Pineapples,2020,17059
Import Quantity,t,Pineapples,2021,119544.13
Import Value,1000 USD,Pineapples,2021,78121
Export Quantity,t,Pineapples,2021,722.68
Export Value,1000 USD,Pineapples,2021,2389
Import Quantity,t,Pineapples,2022,112101.33
Import Value,1000 USD,Pineapples,2022,77251
Export Quantity,t,Pineapples,2022,1875.2
Export Value,1000 USD,Pineapples,2022,2544
Import Quantity,t,Poppy seed,1961,0
Import Value,1000 USD,Poppy seed,1961,0
Export Quantity,t,Poppy seed,1961,0
Export Value,1000 USD,Poppy seed,1961,0
Import Quantity,t,Poppy seed,1962,0
Import Value,1000 USD,Poppy seed,1962,0
Export Quantity,t,Poppy seed,1962,0
Export Value,1000 USD,Poppy seed,1962,0
Import Quantity,t,Poppy seed,1963,0
Import Value,1000 USD,Poppy seed,1963,0
Export Quantity,t,Poppy seed,1963,0
Export Value,1000 USD,Poppy seed,1963,0
Import Quantity,t,Poppy seed,1964,0
Import Value,1000 USD,Poppy seed,1964,0
Export Quantity,t,Poppy seed,1964,0
Export Value,1000 USD,Poppy seed,1964,0
Import Quantity,t,Poppy seed,1965,0
Import Value,1000 USD,Poppy seed,1965,0
Export Quantity,t,Poppy seed,1965,0
Export Value,1000 USD,Poppy seed,1965,0
Import Quantity,t,Poppy seed,1966,0
Import Value,1000 USD,Poppy seed,1966,0
Export Quantity,t,Poppy seed,1966,0
Export Value,1000 USD,Poppy seed,1966,0
Import Quantity,t,Poppy seed,1967,0
Import Value,1000 USD,Poppy seed,1967,0
Export Quantity,t,Poppy seed,1967,0
Export Value,1000 USD,Poppy seed,1967,0
Import Quantity,t,Poppy seed,1968,0
Import Value,1000 USD,Poppy seed,1968,0
Export Quantity,t,Poppy seed,1968,0
Export Value,1000 USD,Poppy seed,1968,0
Import Quantity,t,Poppy seed,1969,0
Import Value,1000 USD,Poppy seed,1969,0
Export Quantity,t,Poppy seed,1969,0
Export Value,1000 USD,Poppy seed,1969,0
Import Quantity,t,Poppy seed,1970,0
Import Value,1000 USD,Poppy seed,1970,0
Export Quantity,t,Poppy seed,1970,0
Export Value,1000 USD,Poppy seed,1970,0
Import Quantity,t,Poppy seed,1971,0
Import Value,1000 USD,Poppy seed,1971,0
Export Quantity,t,Poppy seed,1971,0
Export Value,1000 USD,Poppy seed,1971,0
Import Quantity,t,Poppy seed,1972,0
Import Value,1000 USD,Poppy seed,1972,0
Export Quantity,t,Poppy seed,1972,0
Export Value,1000 USD,Poppy seed,1972,0
Import Quantity,t,Poppy seed,1973,0
Import Value,1000 USD,Poppy seed,1973,0
Export Quantity,t,Poppy seed,1973,0
Export Value,1000 USD,Poppy seed,1973,0
Import Quantity,t,Poppy seed,1974,0
Import Value,1000 USD,Poppy seed,1974,0
Export Quantity,t,Poppy seed,1974,0
Export Value,1000 USD,Poppy seed,1974,0
Import Quantity,t,Poppy seed,1975,188
Import Value,1000 USD,Poppy seed,1975,198
Export Quantity,t,Poppy seed,1975,11
Export Value,1000 USD,Poppy seed,1975,9
Import Quantity,t,Poppy seed,1976,264
Import Value,1000 USD,Poppy seed,1976,240
Export Quantity,t,Poppy seed,1976,53
Export Value,1000 USD,Poppy seed,1976,61
Import Quantity,t,Poppy seed,1977,234
Import Value,1000 USD,Poppy seed,1977,209
Export Quantity,t,Poppy seed,1977,3
Export Value,1000 USD,Poppy seed,1977,5
Import Quantity,t,Poppy seed,1978,172
Import Value,1000 USD,Poppy seed,1978,125
Export Quantity,t,Poppy seed,1978,0
Export Value,1000 USD,Poppy seed,1978,0
Import Quantity,t,Poppy seed,1979,249
Import Value,1000 USD,Poppy seed,1979,197
Export Quantity,t,Poppy seed,1979,0
Export Value,1000 USD,Poppy seed,1979,0
Import Quantity,t,Poppy seed,1980,262
Import Value,1000 USD,Poppy seed,1980,235
Export Quantity,t,Poppy seed,1980,0
Export Value,1000 USD,Poppy seed,1980,0
Import Quantity,t,Poppy seed,1981,278
Import Value,1000 USD,Poppy seed,1981,262
Export Quantity,t,Poppy seed,1981,0
Export Value,1000 USD,Poppy seed,1981,0
Import Quantity,t,Poppy seed,1982,357
Import Value,1000 USD,Poppy seed,1982,527
Export Quantity,t,Poppy seed,1982,0
Export Value,1000 USD,Poppy seed,1982,0
Import Quantity,t,Poppy seed,1983,487
Import Value,1000 USD,Poppy seed,1983,647
Export Quantity,t,Poppy seed,1983,52
Export Value,1000 USD,Poppy seed,1983,43
Import Quantity,t,Poppy seed,1984,366
Import Value,1000 USD,Poppy seed,1984,355
Export Quantity,t,Poppy seed,1984,3
Export Value,1000 USD,Poppy seed,1984,2
Import Quantity,t,Poppy seed,1985,518
Import Value,1000 USD,Poppy seed,1985,323
Export Quantity,t,Poppy seed,1985,3
Export Value,1000 USD,Poppy seed,1985,5
Import Quantity,t,Poppy seed,1986,521
Import Value,1000 USD,Poppy seed,1986,352
Export Quantity,t,Poppy seed,1986,2
Export Value,1000 USD,Poppy seed,1986,1
Import Quantity,t,Poppy seed,1987,641
Import Value,1000 USD,Poppy seed,1987,697
Export Quantity,t,Poppy seed,1987,25
Export Value,1000 USD,Poppy seed,1987,22
Import Quantity,t,Poppy seed,1988,750
Import Value,1000 USD,Poppy seed,1988,1072
Export Quantity,t,Poppy seed,1988,27
Export Value,1000 USD,Poppy seed,1988,39
Import Quantity,t,Poppy seed,1989,653
Import Value,1000 USD,Poppy seed,1989,563
Export Quantity,t,Poppy seed,1989,2
Export Value,1000 USD,Poppy seed,1989,6
Import Quantity,t,Poppy seed,1990,836
Import Value,1000 USD,Poppy seed,1990,815
Export Quantity,t,Poppy seed,1990,1
Export Value,1000 USD,Poppy seed,1990,1
Import Quantity,t,Poppy seed,1991,710
Import Value,1000 USD,Poppy seed,1991,595
Export Quantity,t,Poppy seed,1991,0
Export Value,1000 USD,Poppy seed,1991,0
Import Quantity,t,Poppy seed,1992,796
Import Value,1000 USD,Poppy seed,1992,618
Export Quantity,t,Poppy seed,1992,0
Export Value,1000 USD,Poppy seed,1992,0
Import Quantity,t,Poppy seed,1993,680
Import Value,1000 USD,Poppy seed,1993,885
Export Quantity,t,Poppy seed,1993,23
Export Value,1000 USD,Poppy seed,1993,38
Import Quantity,t,Poppy seed,1994,853
Import Value,1000 USD,Poppy seed,1994,1701
Export Quantity,t,Poppy seed,1994,30
Export Value,1000 USD,Poppy seed,1994,72
Import Quantity,t,Poppy seed,1995,883
Import Value,1000 USD,Poppy seed,1995,1164
Export Quantity,t,Poppy seed,1995,33
Export Value,1000 USD,Poppy seed,1995,58
Import Quantity,t,Poppy seed,1996,492
Import Value,1000 USD,Poppy seed,1996,482
Export Quantity,t,Poppy seed,1996,14
Export Value,1000 USD,Poppy seed,1996,42
Import Quantity,t,Poppy seed,1997,569
Import Value,1000 USD,Poppy seed,1997,625
Export Quantity,t,Poppy seed,1997,33
Export Value,1000 USD,Poppy seed,1997,85
Import Quantity,t,Poppy seed,1998,410
Import Value,1000 USD,Poppy seed,1998,636
Export Quantity,t,Poppy seed,1998,49
Export Value,1000 USD,Poppy seed,1998,102
Import Quantity,t,Poppy seed,1999,430
Import Value,1000 USD,Poppy seed,1999,446
Export Quantity,t,Poppy seed,1999,23
Export Value,1000 USD,Poppy seed,1999,56
Import Quantity,t,Poppy seed,2000,641
Import Value,1000 USD,Poppy seed,2000,556
Export Quantity,t,Poppy seed,2000,25
Export Value,1000 USD,Poppy seed,2000,52
Import Quantity,t,Poppy seed,2001,699
Import Value,1000 USD,Poppy seed,2001,626
Export Quantity,t,Poppy seed,2001,29
Export Value,1000 USD,Poppy seed,2001,62
Import Quantity,t,Poppy seed,2002,898
Import Value,1000 USD,Poppy seed,2002,697
Export Quantity,t,Poppy seed,2002,49
Export Value,1000 USD,Poppy seed,2002,77
Import Quantity,t,Poppy seed,2003,883
Import Value,1000 USD,Poppy seed,2003,833
Export Quantity,t,Poppy seed,2003,183
Export Value,1000 USD,Poppy seed,2003,214
Import Quantity,t,Poppy seed,2004,1534
Import Value,1000 USD,Poppy seed,2004,1779
Export Quantity,t,Poppy seed,2004,427
Export Value,1000 USD,Poppy seed,2004,582
Import Quantity,t,Poppy seed,2005,1828
Import Value,1000 USD,Poppy seed,2005,2423
Export Quantity,t,Poppy seed,2005,1465
Export Value,1000 USD,Poppy seed,2005,2021
Import Quantity,t,Poppy seed,2006,2374
Import Value,1000 USD,Poppy seed,2006,3684
Export Quantity,t,Poppy seed,2006,1242
Export Value,1000 USD,Poppy seed,2006,1764
Import Quantity,t,Poppy seed,2007,3318
Import Value,1000 USD,Poppy seed,2007,7938
Export Quantity,t,Poppy seed,2007,1008
Export Value,1000 USD,Poppy seed,2007,2310
Import Quantity,t,Poppy seed,2008,2576
Import Value,1000 USD,Poppy seed,2008,8616
Export Quantity,t,Poppy seed,2008,1150
Export Value,1000 USD,Poppy seed,2008,3009
Import Quantity,t,Poppy seed,2009,2149
Import Value,1000 USD,Poppy seed,2009,3279
Export Quantity,t,Poppy seed,2009,1431
Export Value,1000 USD,Poppy seed,2009,2527
Import Quantity,t,Poppy seed,2010,1276
Import Value,1000 USD,Poppy seed,2010,1758
Export Quantity,t,Poppy seed,2010,704
Export Value,1000 USD,Poppy seed,2010,1138
Import Quantity,t,Poppy seed,2011,1055
Import Value,1000 USD,Poppy seed,2011,1724
Export Quantity,t,Poppy seed,2011,454
Export Value,1000 USD,Poppy seed,2011,1056
Import Quantity,t,Poppy seed,2012,915
Import Value,1000 USD,Poppy seed,2012,1531
Export Quantity,t,Poppy seed,2012,526
Export Value,1000 USD,Poppy seed,2012,960
Import Quantity,t,Poppy seed,2013,2203
Import Value,1000 USD,Poppy seed,2013,5008
Export Quantity,t,Poppy seed,2013,651
Export Value,1000 USD,Poppy seed,2013,1476
Import Quantity,t,Poppy seed,2014,1913.67
Import Value,1000 USD,Poppy seed,2014,4837
Export Quantity,t,Poppy seed,2014,791.82
Export Value,1000 USD,Poppy seed,2014,2094
Import Quantity,t,Poppy seed,2015,1542.5
Import Value,1000 USD,Poppy seed,2015,3097
Export Quantity,t,Poppy seed,2015,560.56
Export Value,1000 USD,Poppy seed,2015,1442
Import Quantity,t,Poppy seed,2016,1432.69
Import Value,1000 USD,Poppy seed,2016,2614
Export Quantity,t,Poppy seed,2016,709.1
Export Value,1000 USD,Poppy seed,2016,1790
Import Quantity,t,Poppy seed,2017,1661.19
Import Value,1000 USD,Poppy seed,2017,2609
Export Quantity,t,Poppy seed,2017,639.5
Export Value,1000 USD,Poppy seed,2017,1553
Import Quantity,t,Poppy seed,2018,2494.16
Import Value,1000 USD,Poppy seed,2018,6322
Export Quantity,t,Poppy seed,2018,376.38
Export Value,1000 USD,Poppy seed,2018,1777
Import Quantity,t,Poppy seed,2019,1470.07
Import Value,1000 USD,Poppy seed,2019,4963
Export Quantity,t,Poppy seed,2019,1951.13
Export Value,1000 USD,Poppy seed,2019,4195
Import Quantity,t,Poppy seed,2020,1787.29
Import Value,1000 USD,Poppy seed,2020,5333
Export Quantity,t,Poppy seed,2020,1309.25
Export Value,1000 USD,Poppy seed,2020,2582
Import Quantity,t,Poppy seed,2021,1473.8
Import Value,1000 USD,Poppy seed,2021,3776
Export Quantity,t,Poppy seed,2021,1595.44
Export Value,1000 USD,Poppy seed,2021,3155
Import Quantity,t,Poppy seed,2022,1537.77
Import Value,1000 USD,Poppy seed,2022,3385
Export Quantity,t,Poppy seed,2022,912.43
Export Value,1000 USD,Poppy seed,2022,2143
Import Quantity,t,Potatoes,1961,265410
Import Value,1000 USD,Potatoes,1961,27386
Export Quantity,t,Potatoes,1961,74175
Export Value,1000 USD,Potatoes,1961,4872
Import Quantity,t,Potatoes,1962,529824
Import Value,1000 USD,Potatoes,1962,80414
Export Quantity,t,Potatoes,1962,71767
Export Value,1000 USD,Potatoes,1962,6017
Import Quantity,t,Potatoes,1963,437760
Import Value,1000 USD,Potatoes,1963,48882
Export Quantity,t,Potatoes,1963,51150
Export Value,1000 USD,Potatoes,1963,4288
Import Quantity,t,Potatoes,1964,279450
Import Value,1000 USD,Potatoes,1964,31548
Export Quantity,t,Potatoes,1964,77000
Export Value,1000 USD,Potatoes,1964,5086
Import Quantity,t,Potatoes,1965,251280
Import Value,1000 USD,Potatoes,1965,34250
Export Quantity,t,Potatoes,1965,132198
Export Value,1000 USD,Potatoes,1965,6580
Import Quantity,t,Potatoes,1966,248179
Import Value,1000 USD,Potatoes,1966,36926
Export Quantity,t,Potatoes,1966,209783
Export Value,1000 USD,Potatoes,1966,12617
Import Quantity,t,Potatoes,1967,350076
Import Value,1000 USD,Potatoes,1967,48105
Export Quantity,t,Potatoes,1967,70329
Export Value,1000 USD,Potatoes,1967,6360
Import Quantity,t,Potatoes,1968,322809
Import Value,1000 USD,Potatoes,1968,35001
Export Quantity,t,Potatoes,1968,73970
Export Value,1000 USD,Potatoes,1968,4899
Import Quantity,t,Potatoes,1969,259892
Import Value,1000 USD,Potatoes,1969,33674
Export Quantity,t,Potatoes,1969,82351
Export Value,1000 USD,Potatoes,1969,5808
Import Quantity,t,Potatoes,1970,308744
Import Value,1000 USD,Potatoes,1970,45063
Export Quantity,t,Potatoes,1970,97568
Export Value,1000 USD,Potatoes,1970,7392
Import Quantity,t,Potatoes,1971,270414
Import Value,1000 USD,Potatoes,1971,35682
Export Quantity,t,Potatoes,1971,81836
Export Value,1000 USD,Potatoes,1971,5800
Import Quantity,t,Potatoes,1972,280605
Import Value,1000 USD,Potatoes,1972,43692
Export Quantity,t,Potatoes,1972,136454
Export Value,1000 USD,Potatoes,1972,10381
Import Quantity,t,Potatoes,1973,232219
Import Value,1000 USD,Potatoes,1973,52324
Export Quantity,t,Potatoes,1973,221289
Export Value,1000 USD,Potatoes,1973,20548
Import Quantity,t,Potatoes,1974,234378
Import Value,1000 USD,Potatoes,1974,50770
Export Quantity,t,Potatoes,1974,151750
Export Value,1000 USD,Potatoes,1974,17339
Import Quantity,t,Potatoes,1975,373617
Import Value,1000 USD,Potatoes,1975,87269
Export Quantity,t,Potatoes,1975,147023
Export Value,1000 USD,Potatoes,1975,27886
Import Quantity,t,Potatoes,1976,630999
Import Value,1000 USD,Potatoes,1976,221939
Export Quantity,t,Potatoes,1976,67709
Export Value,1000 USD,Potatoes,1976,25082
Import Quantity,t,Potatoes,1977,586756
Import Value,1000 USD,Potatoes,1977,179538
Export Quantity,t,Potatoes,1977,84261
Export Value,1000 USD,Potatoes,1977,30754
Import Quantity,t,Potatoes,1978,327363
Import Value,1000 USD,Potatoes,1978,84044
Export Quantity,t,Potatoes,1978,116991
Export Value,1000 USD,Potatoes,1978,18568
Import Quantity,t,Potatoes,1979,372321
Import Value,1000 USD,Potatoes,1979,114586
Export Quantity,t,Potatoes,1979,143318
Export Value,1000 USD,Potatoes,1979,35467
Import Quantity,t,Potatoes,1980,403347
Import Value,1000 USD,Potatoes,1980,119169
Export Quantity,t,Potatoes,1980,191774
Export Value,1000 USD,Potatoes,1980,48639
Import Quantity,t,Potatoes,1981,444530
Import Value,1000 USD,Potatoes,1981,112947
Export Quantity,t,Potatoes,1981,171667
Export Value,1000 USD,Potatoes,1981,41254
Import Quantity,t,Potatoes,1982,606240
Import Value,1000 USD,Potatoes,1982,159143
Export Quantity,t,Potatoes,1982,162739
Export Value,1000 USD,Potatoes,1982,34931
Import Quantity,t,Potatoes,1983,403252
Import Value,1000 USD,Potatoes,1983,81572
Export Quantity,t,Potatoes,1983,139319
Export Value,1000 USD,Potatoes,1983,31033
Import Quantity,t,Potatoes,1984,384609
Import Value,1000 USD,Potatoes,1984,100904
Export Quantity,t,Potatoes,1984,177989
Export Value,1000 USD,Potatoes,1984,38970
Import Quantity,t,Potatoes,1985,308882
Import Value,1000 USD,Potatoes,1985,60785
Export Quantity,t,Potatoes,1985,159428
Export Value,1000 USD,Potatoes,1985,24556
Import Quantity,t,Potatoes,1986,466851
Import Value,1000 USD,Potatoes,1986,93050
Export Quantity,t,Potatoes,1986,191614
Export Value,1000 USD,Potatoes,1986,38688
Import Quantity,t,Potatoes,1987,589927
Import Value,1000 USD,Potatoes,1987,128184
Export Quantity,t,Potatoes,1987,208130
Export Value,1000 USD,Potatoes,1987,47807
Import Quantity,t,Potatoes,1988,459832
Import Value,1000 USD,Potatoes,1988,103587
Export Quantity,t,Potatoes,1988,124702
Export Value,1000 USD,Potatoes,1988,32108
Import Quantity,t,Potatoes,1989,460556
Import Value,1000 USD,Potatoes,1989,117897
Export Quantity,t,Potatoes,1989,161415
Export Value,1000 USD,Potatoes,1989,40404
Import Quantity,t,Potatoes,1990,377101
Import Value,1000 USD,Potatoes,1990,144735
Export Quantity,t,Potatoes,1990,164513
Export Value,1000 USD,Potatoes,1990,51736
Import Quantity,t,Potatoes,1991,353315
Import Value,1000 USD,Potatoes,1991,127955
Export Quantity,t,Potatoes,1991,204728
Export Value,1000 USD,Potatoes,1991,61356
Import Quantity,t,Potatoes,1992,354907
Import Value,1000 USD,Potatoes,1992,127306
Export Quantity,t,Potatoes,1992,168432
Export Value,1000 USD,Potatoes,1992,45243
Import Quantity,t,Potatoes,1993,290913
Import Value,1000 USD,Potatoes,1993,91203
Export Quantity,t,Potatoes,1993,123436
Export Value,1000 USD,Potatoes,1993,30359
Import Quantity,t,Potatoes,1994,413608
Import Value,1000 USD,Potatoes,1994,137503
Export Quantity,t,Potatoes,1994,223002
Export Value,1000 USD,Potatoes,1994,65232
Import Quantity,t,Potatoes,1995,443747
Import Value,1000 USD,Potatoes,1995,196230
Export Quantity,t,Potatoes,1995,196700
Export Value,1000 USD,Potatoes,1995,93815
Import Quantity,t,Potatoes,1996,447533
Import Value,1000 USD,Potatoes,1996,157741
Export Quantity,t,Potatoes,1996,164367
Export Value,1000 USD,Potatoes,1996,67472
Import Quantity,t,Potatoes,1997,241502
Import Value,1000 USD,Potatoes,1997,94196
Export Quantity,t,Potatoes,1997,190880
Export Value,1000 USD,Potatoes,1997,63143
Import Quantity,t,Potatoes,1998,442710
Import Value,1000 USD,Potatoes,1998,177666
Export Quantity,t,Potatoes,1998,171078
Export Value,1000 USD,Potatoes,1998,76167
Import Quantity,t,Potatoes,1999,345324
Import Value,1000 USD,Potatoes,1999,152245
Export Quantity,t,Potatoes,1999,229670
Export Value,1000 USD,Potatoes,1999,97155
Import Quantity,t,Potatoes,2000,321290.8
Import Value,1000 USD,Potatoes,2000,113804
Export Quantity,t,Potatoes,2000,186505
Export Value,1000 USD,Potatoes,2000,57357
Import Quantity,t,Potatoes,2001,560220
Import Value,1000 USD,Potatoes,2001,149220
Export Quantity,t,Potatoes,2001,161143
Export Value,1000 USD,Potatoes,2001,60123
Import Quantity,t,Potatoes,2002,373300
Import Value,1000 USD,Potatoes,2002,149254
Export Quantity,t,Potatoes,2002,203050
Export Value,1000 USD,Potatoes,2002,80445
Import Quantity,t,Potatoes,2003,306355
Import Value,1000 USD,Potatoes,2003,135912
Export Quantity,t,Potatoes,2003,264248
Export Value,1000 USD,Potatoes,2003,102653
Import Quantity,t,Potatoes,2004,380584
Import Value,1000 USD,Potatoes,2004,185998
Export Quantity,t,Potatoes,2004,217438
Export Value,1000 USD,Potatoes,2004,104597
Import Quantity,t,Potatoes,2005,454388
Import Value,1000 USD,Potatoes,2005,164342
Export Quantity,t,Potatoes,2005,219062
Export Value,1000 USD,Potatoes,2005,93263
Import Quantity,t,Potatoes,2006,328969
Import Value,1000 USD,Potatoes,2006,162472
Export Quantity,t,Potatoes,2006,256203
Export Value,1000 USD,Potatoes,2006,139269
Import Quantity,t,Potatoes,2007,371300
Import Value,1000 USD,Potatoes,2007,207811
Export Quantity,t,Potatoes,2007,253976
Export Value,1000 USD,Potatoes,2007,163192
Import Quantity,t,Potatoes,2008,501642
Import Value,1000 USD,Potatoes,2008,233761
Export Quantity,t,Potatoes,2008,243365
Export Value,1000 USD,Potatoes,2008,144827
Import Quantity,t,Potatoes,2009,281839
Import Value,1000 USD,Potatoes,2009,132434
Export Quantity,t,Potatoes,2009,256180
Export Value,1000 USD,Potatoes,2009,126508
Import Quantity,t,Potatoes,2010,248841
Import Value,1000 USD,Potatoes,2010,119340
Export Quantity,t,Potatoes,2010,336699
Export Value,1000 USD,Potatoes,2010,158290
Import Quantity,t,Potatoes,2011,267081
Import Value,1000 USD,Potatoes,2011,146628
Export Quantity,t,Potatoes,2011,384622
Export Value,1000 USD,Potatoes,2011,191871
Import Quantity,t,Potatoes,2012,465206
Import Value,1000 USD,Potatoes,2012,201675
Export Quantity,t,Potatoes,2012,287623
Export Value,1000 USD,Potatoes,2012,185921
Import Quantity,t,Potatoes,2013,636302
Import Value,1000 USD,Potatoes,2013,311982
Export Quantity,t,Potatoes,2013,288459
Export Value,1000 USD,Potatoes,2013,182614
Import Quantity,t,Potatoes,2014,237363.1
Import Value,1000 USD,Potatoes,2014,116501
Export Quantity,t,Potatoes,2014,271229.24
Export Value,1000 USD,Potatoes,2014,138856
Import Quantity,t,Potatoes,2015,181663.23
Import Value,1000 USD,Potatoes,2015,89472
Export Quantity,t,Potatoes,2015,268593.87
Export Value,1000 USD,Potatoes,2015,133457
Import Quantity,t,Potatoes,2016,194170.54
Import Value,1000 USD,Potatoes,2016,100990
Export Quantity,t,Potatoes,2016,270081.73
Export Value,1000 USD,Potatoes,2016,138472
Import Quantity,t,Potatoes,2017,171830.63
Import Value,1000 USD,Potatoes,2017,100517
Export Quantity,t,Potatoes,2017,264953.46
Export Value,1000 USD,Potatoes,2017,122252
Import Quantity,t,Potatoes,2018,142812.68
Import Value,1000 USD,Potatoes,2018,94409
Export Quantity,t,Potatoes,2018,252287.75
Export Value,1000 USD,Potatoes,2018,137747
Import Quantity,t,Potatoes,2019,154463.45
Import Value,1000 USD,Potatoes,2019,111802
Export Quantity,t,Potatoes,2019,325941.24
Export Value,1000 USD,Potatoes,2019,171720
Import Quantity,t,Potatoes,2020,228332.23
Import Value,1000 USD,Potatoes,2020,138163
Export Quantity,t,Potatoes,2020,283971.42
Export Value,1000 USD,Potatoes,2020,138732
Import Quantity,t,Potatoes,2021,95839.48
Import Value,1000 USD,Potatoes,2021,69418
Export Quantity,t,Potatoes,2021,233072.41
Export Value,1000 USD,Potatoes,2021,142971
Import Quantity,t,Potatoes,2022,75407.58
Import Value,1000 USD,Potatoes,2022,44774
Export Quantity,t,Potatoes,2022,288845.31
Export Value,1000 USD,Potatoes,2022,171093
Import Quantity,t,Processed cheese,2000,38802
Import Value,1000 USD,Processed cheese,2000,137830
Export Quantity,t,Processed cheese,2000,15991
Export Value,1000 USD,Processed cheese,2000,44060
Import Quantity,t,Processed cheese,2001,41493
Import Value,1000 USD,Processed cheese,2001,135648
Export Quantity,t,Processed cheese,2001,17294
Export Value,1000 USD,Processed cheese,2001,46668
Import Quantity,t,Processed cheese,2002,42927
Import Value,1000 USD,Processed cheese,2002,151315
Export Quantity,t,Processed cheese,2002,20738
Export Value,1000 USD,Processed cheese,2002,46261
Import Quantity,t,Processed cheese,2003,43184
Import Value,1000 USD,Processed cheese,2003,176468
Export Quantity,t,Processed cheese,2003,21149
Export Value,1000 USD,Processed cheese,2003,54606
Import Quantity,t,Processed cheese,2004,44062
Import Value,1000 USD,Processed cheese,2004,207808
Export Quantity,t,Processed cheese,2004,23902
Export Value,1000 USD,Processed cheese,2004,81316
Import Quantity,t,Processed cheese,2005,36618
Import Value,1000 USD,Processed cheese,2005,178578
Export Quantity,t,Processed cheese,2005,20941
Export Value,1000 USD,Processed cheese,2005,78561
Import Quantity,t,Processed cheese,2006,41769
Import Value,1000 USD,Processed cheese,2006,208102
Export Quantity,t,Processed cheese,2006,17905
Export Value,1000 USD,Processed cheese,2006,72742
Import Quantity,t,Processed cheese,2007,41811
Import Value,1000 USD,Processed cheese,2007,237584
Export Quantity,t,Processed cheese,2007,20197
Export Value,1000 USD,Processed cheese,2007,91924
Import Quantity,t,Processed cheese,2008,37562
Import Value,1000 USD,Processed cheese,2008,229721
Export Quantity,t,Processed cheese,2008,19437
Export Value,1000 USD,Processed cheese,2008,109660
Import Quantity,t,Processed cheese,2009,41893
Import Value,1000 USD,Processed cheese,2009,248843
Export Quantity,t,Processed cheese,2009,19826
Export Value,1000 USD,Processed cheese,2009,85887
Import Quantity,t,Processed cheese,2010,51313
Import Value,1000 USD,Processed cheese,2010,264774
Export Quantity,t,Processed cheese,2010,22497
Export Value,1000 USD,Processed cheese,2010,95438
Import Quantity,t,Processed cheese,2011,49271
Import Value,1000 USD,Processed cheese,2011,289294
Export Quantity,t,Processed cheese,2011,19740
Export Value,1000 USD,Processed cheese,2011,98145
Import Quantity,t,Processed cheese,2012,51648
Import Value,1000 USD,Processed cheese,2012,320526
Export Quantity,t,Processed cheese,2012,18591
Export Value,1000 USD,Processed cheese,2012,91415
Import Quantity,t,Processed cheese,2013,56457
Import Value,1000 USD,Processed cheese,2013,347972
Export Quantity,t,Processed cheese,2013,18150
Export Value,1000 USD,Processed cheese,2013,95418
Import Quantity,t,Processed cheese,2014,49972.12
Import Value,1000 USD,Processed cheese,2014,318883
Export Quantity,t,Processed cheese,2014,15957.04
Export Value,1000 USD,Processed cheese,2014,83861
Import Quantity,t,Processed cheese,2015,55322.1
Import Value,1000 USD,Processed cheese,2015,290383
Export Quantity,t,Processed cheese,2015,9279.76
Export Value,1000 USD,Processed cheese,2015,44115
Import Quantity,t,Processed cheese,2016,54574.72
Import Value,1000 USD,Processed cheese,2016,260154
Export Quantity,t,Processed cheese,2016,11072.88
Export Value,1000 USD,Processed cheese,2016,44490
Import Quantity,t,Processed cheese,2017,48271.08
Import Value,1000 USD,Processed cheese,2017,252413
Export Quantity,t,Processed cheese,2017,11271.19
Export Value,1000 USD,Processed cheese,2017,49443
Import Quantity,t,Processed cheese,2018,47859.1
Import Value,1000 USD,Processed cheese,2018,266946
Export Quantity,t,Processed cheese,2018,10928.31
Export Value,1000 USD,Processed cheese,2018,59333
Import Quantity,t,Processed cheese,2019,45778.98
Import Value,1000 USD,Processed cheese,2019,268092
Export Quantity,t,Processed cheese,2019,13479.09
Export Value,1000 USD,Processed cheese,2019,59157
Import Quantity,t,Processed cheese,2020,46518.15
Import Value,1000 USD,Processed cheese,2020,284264
Export Quantity,t,Processed cheese,2020,14261.46
Export Value,1000 USD,Processed cheese,2020,63395
Import Quantity,t,Processed cheese,2021,44091.42
Import Value,1000 USD,Processed cheese,2021,266540
Export Quantity,t,Processed cheese,2021,8025.43
Export Value,1000 USD,Processed cheese,2021,41013
Import Quantity,t,Processed cheese,2022,40548.93
Import Value,1000 USD,Processed cheese,2022,233387
Export Quantity,t,Processed cheese,2022,9074.94
Export Value,1000 USD,Processed cheese,2022,40169
Import Quantity,t,Raspberries,2014,10820.3
Import Value,1000 USD,Raspberries,2014,94110
Export Quantity,t,Raspberries,2014,262.36
Export Value,1000 USD,Raspberries,2014,1321
Import Quantity,t,Raspberries,2015,11640.3
Import Value,1000 USD,Raspberries,2015,101849
Export Quantity,t,Raspberries,2015,254.8
Export Value,1000 USD,Raspberries,2015,1371
Import Quantity,t,Raspberries,2016,11756.6
Import Value,1000 USD,Raspberries,2016,112493
Export Quantity,t,Raspberries,2016,125.8
Export Value,1000 USD,Raspberries,2016,890
Import Quantity,t,Raspberries,2017,14323.81
Import Value,1000 USD,Raspberries,2017,131513
Export Quantity,t,Raspberries,2017,428.22
Export Value,1000 USD,Raspberries,2017,3666
Import Quantity,t,Raspberries,2018,16699.46
Import Value,1000 USD,Raspberries,2018,158257
Export Quantity,t,Raspberries,2018,529.2
Export Value,1000 USD,Raspberries,2018,5257
Import Quantity,t,Raspberries,2019,27902.85
Import Value,1000 USD,Raspberries,2019,211955
Export Quantity,t,Raspberries,2019,424.27
Export Value,1000 USD,Raspberries,2019,2334
Import Quantity,t,Raspberries,2020,26425.78
Import Value,1000 USD,Raspberries,2020,215883
Export Quantity,t,Raspberries,2020,690.29
Export Value,1000 USD,Raspberries,2020,4763
Import Quantity,t,Raspberries,2021,36155.4
Import Value,1000 USD,Raspberries,2021,293748
Export Quantity,t,Raspberries,2021,214.44
Export Value,1000 USD,Raspberries,2021,1508
Import Quantity,t,Raspberries,2022,27283.76
Import Value,1000 USD,Raspberries,2022,210958
Export Quantity,t,Raspberries,2022,83.09
Export Value,1000 USD,Raspberries,2022,731
Import Quantity,t,Raw milk of cattle,1961,1397
Import Value,1000 USD,Raw milk of cattle,1961,1200
Export Quantity,t,Raw milk of cattle,1961,0
Export Value,1000 USD,Raw milk of cattle,1961,0
Import Quantity,t,Raw milk of cattle,1962,1651
Import Value,1000 USD,Raw milk of cattle,1962,1302
Export Quantity,t,Raw milk of cattle,1962,0
Export Value,1000 USD,Raw milk of cattle,1962,0
Import Quantity,t,Raw milk of cattle,1963,2006
Import Value,1000 USD,Raw milk of cattle,1963,1497
Export Quantity,t,Raw milk of cattle,1963,287
Export Value,1000 USD,Raw milk of cattle,1963,53
Import Quantity,t,Raw milk of cattle,1964,5064
Import Value,1000 USD,Raw milk of cattle,1964,1633
Export Quantity,t,Raw milk of cattle,1964,246
Export Value,1000 USD,Raw milk of cattle,1964,9
Import Quantity,t,Raw milk of cattle,1965,13668
Import Value,1000 USD,Raw milk of cattle,1965,1641
Export Quantity,t,Raw milk of cattle,1965,216
Export Value,1000 USD,Raw milk of cattle,1965,11
Import Quantity,t,Raw milk of cattle,1966,4588
Import Value,1000 USD,Raw milk of cattle,1966,1775
Export Quantity,t,Raw milk of cattle,1966,1008
Export Value,1000 USD,Raw milk of cattle,1966,218
Import Quantity,t,Raw milk of cattle,1967,3264
Import Value,1000 USD,Raw milk of cattle,1967,1691
Export Quantity,t,Raw milk of cattle,1967,2122
Export Value,1000 USD,Raw milk of cattle,1967,472
Import Quantity,t,Raw milk of cattle,1968,3049
Import Value,1000 USD,Raw milk of cattle,1968,1579
Export Quantity,t,Raw milk of cattle,1968,2685
Export Value,1000 USD,Raw milk of cattle,1968,506
Import Quantity,t,Raw milk of cattle,1969,2823
Import Value,1000 USD,Raw milk of cattle,1969,1893
Export Quantity,t,Raw milk of cattle,1969,2710
Export Value,1000 USD,Raw milk of cattle,1969,513
Import Quantity,t,Raw milk of cattle,1970,5067
Import Value,1000 USD,Raw milk of cattle,1970,3395
Export Quantity,t,Raw milk of cattle,1970,2650
Export Value,1000 USD,Raw milk of cattle,1970,664
Import Quantity,t,Raw milk of cattle,1971,5597
Import Value,1000 USD,Raw milk of cattle,1971,4289
Export Quantity,t,Raw milk of cattle,1971,2291
Export Value,1000 USD,Raw milk of cattle,1971,409
Import Quantity,t,Raw milk of cattle,1972,4718
Import Value,1000 USD,Raw milk of cattle,1972,3993
Export Quantity,t,Raw milk of cattle,1972,2193
Export Value,1000 USD,Raw milk of cattle,1972,469
Import Quantity,t,Raw milk of cattle,1973,559
Import Value,1000 USD,Raw milk of cattle,1973,329
Export Quantity,t,Raw milk of cattle,1973,88
Export Value,1000 USD,Raw milk of cattle,1973,29
Import Quantity,t,Raw milk of cattle,1974,68
Import Value,1000 USD,Raw milk of cattle,1974,66
Export Quantity,t,Raw milk of cattle,1974,1180
Export Value,1000 USD,Raw milk of cattle,1974,330
Import Quantity,t,Raw milk of cattle,1975,8288
Import Value,1000 USD,Raw milk of cattle,1975,1037
Export Quantity,t,Raw milk of cattle,1975,1593
Export Value,1000 USD,Raw milk of cattle,1975,538
Import Quantity,t,Raw milk of cattle,1976,6955
Import Value,1000 USD,Raw milk of cattle,1976,724
Export Quantity,t,Raw milk of cattle,1976,2442
Export Value,1000 USD,Raw milk of cattle,1976,798
Import Quantity,t,Raw milk of cattle,1977,2381
Import Value,1000 USD,Raw milk of cattle,1977,386
Export Quantity,t,Raw milk of cattle,1977,5703
Export Value,1000 USD,Raw milk of cattle,1977,1905
Import Quantity,t,Raw milk of cattle,1978,4306
Import Value,1000 USD,Raw milk of cattle,1978,1035
Export Quantity,t,Raw milk of cattle,1978,5826
Export Value,1000 USD,Raw milk of cattle,1978,3105
Import Quantity,t,Raw milk of cattle,1979,8381
Import Value,1000 USD,Raw milk of cattle,1979,2253
Export Quantity,t,Raw milk of cattle,1979,5111
Export Value,1000 USD,Raw milk of cattle,1979,2612
Import Quantity,t,Raw milk of cattle,1980,9659
Import Value,1000 USD,Raw milk of cattle,1980,2670
Export Quantity,t,Raw milk of cattle,1980,4430
Export Value,1000 USD,Raw milk of cattle,1980,2335
Import Quantity,t,Raw milk of cattle,1981,7590
Import Value,1000 USD,Raw milk of cattle,1981,1989
Export Quantity,t,Raw milk of cattle,1981,4335
Export Value,1000 USD,Raw milk of cattle,1981,2555
Import Quantity,t,Raw milk of cattle,1982,7774
Import Value,1000 USD,Raw milk of cattle,1982,1712
Export Quantity,t,Raw milk of cattle,1982,4405
Export Value,1000 USD,Raw milk of cattle,1982,2084
Import Quantity,t,Raw milk of cattle,1983,19186
Import Value,1000 USD,Raw milk of cattle,1983,4211
Export Quantity,t,Raw milk of cattle,1983,6286
Export Value,1000 USD,Raw milk of cattle,1983,2774
Import Quantity,t,Raw milk of cattle,1984,25386
Import Value,1000 USD,Raw milk of cattle,1984,5386
Export Quantity,t,Raw milk of cattle,1984,6445
Export Value,1000 USD,Raw milk of cattle,1984,2369
Import Quantity,t,Raw milk of cattle,1985,24242
Import Value,1000 USD,Raw milk of cattle,1985,5084
Export Quantity,t,Raw milk of cattle,1985,4514
Export Value,1000 USD,Raw milk of cattle,1985,1798
Import Quantity,t,Raw milk of cattle,1986,27274
Import Value,1000 USD,Raw milk of cattle,1986,6714
Export Quantity,t,Raw milk of cattle,1986,3222
Export Value,1000 USD,Raw milk of cattle,1986,1488
Import Quantity,t,Raw milk of cattle,1987,31877
Import Value,1000 USD,Raw milk of cattle,1987,8867
Export Quantity,t,Raw milk of cattle,1987,2690
Export Value,1000 USD,Raw milk of cattle,1987,1431
Import Quantity,t,Raw milk of cattle,1988,34534
Import Value,1000 USD,Raw milk of cattle,1988,9860
Export Quantity,t,Raw milk of cattle,1988,4728
Export Value,1000 USD,Raw milk of cattle,1988,2578
Import Quantity,t,Raw milk of cattle,1989,17401
Import Value,1000 USD,Raw milk of cattle,1989,5691
Export Quantity,t,Raw milk of cattle,1989,53714
Export Value,1000 USD,Raw milk of cattle,1989,21126
Import Quantity,t,Raw milk of cattle,1990,16158
Import Value,1000 USD,Raw milk of cattle,1990,6010
Export Quantity,t,Raw milk of cattle,1990,64820
Export Value,1000 USD,Raw milk of cattle,1990,27066
Import Quantity,t,Raw milk of cattle,1991,18995
Import Value,1000 USD,Raw milk of cattle,1991,9014
Export Quantity,t,Raw milk of cattle,1991,67777
Export Value,1000 USD,Raw milk of cattle,1991,25025
Import Quantity,t,Raw milk of cattle,1992,70667
Import Value,1000 USD,Raw milk of cattle,1992,21982
Export Quantity,t,Raw milk of cattle,1992,70290
Export Value,1000 USD,Raw milk of cattle,1992,26636
Import Quantity,t,Raw milk of cattle,1993,45362
Import Value,1000 USD,Raw milk of cattle,1993,21543
Export Quantity,t,Raw milk of cattle,1993,91429
Export Value,1000 USD,Raw milk of cattle,1993,31385
Import Quantity,t,Raw milk of cattle,1994,91076
Import Value,1000 USD,Raw milk of cattle,1994,43108
Export Quantity,t,Raw milk of cattle,1994,125106
Export Value,1000 USD,Raw milk of cattle,1994,43597
Import Quantity,t,Raw milk of cattle,1995,74183
Import Value,1000 USD,Raw milk of cattle,1995,46218
Export Quantity,t,Raw milk of cattle,1995,114594
Export Value,1000 USD,Raw milk of cattle,1995,48205
Import Quantity,t,Raw milk of cattle,1996,41527
Import Value,1000 USD,Raw milk of cattle,1996,30527
Export Quantity,t,Raw milk of cattle,1996,25275
Export Value,1000 USD,Raw milk of cattle,1996,15370
Import Quantity,t,Raw milk of cattle,1997,61953
Import Value,1000 USD,Raw milk of cattle,1997,30681
Export Quantity,t,Raw milk of cattle,1997,71045
Export Value,1000 USD,Raw milk of cattle,1997,28645
Import Quantity,t,Raw milk of cattle,1998,76448
Import Value,1000 USD,Raw milk of cattle,1998,32056
Export Quantity,t,Raw milk of cattle,1998,160914
Export Value,1000 USD,Raw milk of cattle,1998,53375
Import Quantity,t,Raw milk of cattle,1999,84364
Import Value,1000 USD,Raw milk of cattle,1999,32426
Export Quantity,t,Raw milk of cattle,1999,207540
Export Value,1000 USD,Raw milk of cattle,1999,76550
Import Quantity,t,Raw milk of cattle,2000,98243
Import Value,1000 USD,Raw milk of cattle,2000,32031
Export Quantity,t,Raw milk of cattle,2000,158212
Export Value,1000 USD,Raw milk of cattle,2000,52458
Import Quantity,t,Raw milk of cattle,2001,79838
Import Value,1000 USD,Raw milk of cattle,2001,29646
Export Quantity,t,Raw milk of cattle,2001,63298
Export Value,1000 USD,Raw milk of cattle,2001,28135
Import Quantity,t,Raw milk of cattle,2002,37349
Import Value,1000 USD,Raw milk of cattle,2002,16997
Export Quantity,t,Raw milk of cattle,2002,64506
Export Value,1000 USD,Raw milk of cattle,2002,30698
Import Quantity,t,Raw milk of cattle,2003,145896
Import Value,1000 USD,Raw milk of cattle,2003,47608
Export Quantity,t,Raw milk of cattle,2003,195429
Export Value,1000 USD,Raw milk of cattle,2003,77087
Import Quantity,t,Raw milk of cattle,2004,29616
Import Value,1000 USD,Raw milk of cattle,2004,15200
Export Quantity,t,Raw milk of cattle,2004,250359
Export Value,1000 USD,Raw milk of cattle,2004,103405
Import Quantity,t,Raw milk of cattle,2005,27909
Import Value,1000 USD,Raw milk of cattle,2005,17232
Export Quantity,t,Raw milk of cattle,2005,490080
Export Value,1000 USD,Raw milk of cattle,2005,179368
Import Quantity,t,Raw milk of cattle,2006,55909
Import Value,1000 USD,Raw milk of cattle,2006,28447
Export Quantity,t,Raw milk of cattle,2006,651521
Export Value,1000 USD,Raw milk of cattle,2006,183050
Import Quantity,t,Raw milk of cattle,2007,61884
Import Value,1000 USD,Raw milk of cattle,2007,43270
Export Quantity,t,Raw milk of cattle,2007,429693
Export Value,1000 USD,Raw milk of cattle,2007,206676
Import Quantity,t,Raw milk of cattle,2008,110235
Import Value,1000 USD,Raw milk of cattle,2008,67828
Export Quantity,t,Raw milk of cattle,2008,455656
Export Value,1000 USD,Raw milk of cattle,2008,224920
Import Quantity,t,Raw milk of cattle,2009,58112
Import Value,1000 USD,Raw milk of cattle,2009,30462
Export Quantity,t,Raw milk of cattle,2009,458803
Export Value,1000 USD,Raw milk of cattle,2009,174910
Import Quantity,t,Raw milk of cattle,2010,89855
Import Value,1000 USD,Raw milk of cattle,2010,54712
Export Quantity,t,Raw milk of cattle,2010,471242
Export Value,1000 USD,Raw milk of cattle,2010,210847
Import Quantity,t,Raw milk of cattle,2011,121675
Import Value,1000 USD,Raw milk of cattle,2011,74190
Export Quantity,t,Raw milk of cattle,2011,562433
Export Value,1000 USD,Raw milk of cattle,2011,275486
Import Quantity,t,Raw milk of cattle,2012,116008
Import Value,1000 USD,Raw milk of cattle,2012,83506
Export Quantity,t,Raw milk of cattle,2012,542470
Export Value,1000 USD,Raw milk of cattle,2012,251335
Import Quantity,t,Raw milk of cattle,2013,181812
Import Value,1000 USD,Raw milk of cattle,2013,144830
Export Quantity,t,Raw milk of cattle,2013,498438
Export Value,1000 USD,Raw milk of cattle,2013,263385
Import Quantity,t,Raw milk of cattle,2014,148597.25
Import Value,1000 USD,Raw milk of cattle,2014,118379
Export Quantity,t,Raw milk of cattle,2014,601321.55
Export Value,1000 USD,Raw milk of cattle,2014,324267
Import Quantity,t,Raw milk of cattle,2015,136967.39
Import Value,1000 USD,Raw milk of cattle,2015,83872
Export Quantity,t,Raw milk of cattle,2015,629565.32
Export Value,1000 USD,Raw milk of cattle,2015,227349
Import Quantity,t,Raw milk of cattle,2016,82321.48
Import Value,1000 USD,Raw milk of cattle,2016,60914
Export Quantity,t,Raw milk of cattle,2016,603628.47
Export Value,1000 USD,Raw milk of cattle,2016,200726
Import Quantity,t,Raw milk of cattle,2017,176249.95
Import Value,1000 USD,Raw milk of cattle,2017,87016
Export Quantity,t,Raw milk of cattle,2017,799838.34
Export Value,1000 USD,Raw milk of cattle,2017,322297
Import Quantity,t,Raw milk of cattle,2018,187193.91
Import Value,1000 USD,Raw milk of cattle,2018,91411
Export Quantity,t,Raw milk of cattle,2018,842240.04
Export Value,1000 USD,Raw milk of cattle,2018,347755
Import Quantity,t,Raw milk of cattle,2019,165052.99
Import Value,1000 USD,Raw milk of cattle,2019,75274
Export Quantity,t,Raw milk of cattle,2019,799956.52
Export Value,1000 USD,Raw milk of cattle,2019,304279
Import Quantity,t,Raw milk of cattle,2020,172591.84
Import Value,1000 USD,Raw milk of cattle,2020,76916
Export Quantity,t,Raw milk of cattle,2020,751724.67
Export Value,1000 USD,Raw milk of cattle,2020,282394
Import Quantity,t,Raw milk of cattle,2021,300538.35
Import Value,1000 USD,Raw milk of cattle,2021,152300
Export Quantity,t,Raw milk of cattle,2021,718038.92
Export Value,1000 USD,Raw milk of cattle,2021,309274
Import Quantity,t,Raw milk of cattle,2022,257778.46
Import Value,1000 USD,Raw milk of cattle,2022,155194
Export Quantity,t,Raw milk of cattle,2022,759487.82
Export Value,1000 USD,Raw milk of cattle,2022,412814
Import Quantity,t,Raw silk (not thrown),1961,234
Import Value,1000 USD,Raw silk (not thrown),1961,2570
Export Quantity,t,Raw silk (not thrown),1961,3
Export Value,1000 USD,Raw silk (not thrown),1961,36
Import Quantity,t,Raw silk (not thrown),1962,193
Import Value,1000 USD,Raw silk (not thrown),1962,2352
Export Quantity,t,Raw silk (not thrown),1962,1
Export Value,1000 USD,Raw silk (not thrown),1962,8
Import Quantity,t,Raw silk (not thrown),1963,198
Import Value,1000 USD,Raw silk (not thrown),1963,2971
Export Quantity,t,Raw silk (not thrown),1963,59
Export Value,1000 USD,Raw silk (not thrown),1963,160
Import Quantity,t,Raw silk (not thrown),1964,204
Import Value,1000 USD,Raw silk (not thrown),1964,2509
Export Quantity,t,Raw silk (not thrown),1964,41
Export Value,1000 USD,Raw silk (not thrown),1964,64
Import Quantity,t,Raw silk (not thrown),1965,197
Import Value,1000 USD,Raw silk (not thrown),1965,2453
Export Quantity,t,Raw silk (not thrown),1965,31
Export Value,1000 USD,Raw silk (not thrown),1965,47
Import Quantity,t,Raw silk (not thrown),1966,210
Import Value,1000 USD,Raw silk (not thrown),1966,2761
Export Quantity,t,Raw silk (not thrown),1966,33
Export Value,1000 USD,Raw silk (not thrown),1966,123
Import Quantity,t,Raw silk (not thrown),1967,192
Import Value,1000 USD,Raw silk (not thrown),1967,2631
Export Quantity,t,Raw silk (not thrown),1967,31
Export Value,1000 USD,Raw silk (not thrown),1967,184
Import Quantity,t,Raw silk (not thrown),1968,211
Import Value,1000 USD,Raw silk (not thrown),1968,3122
Export Quantity,t,Raw silk (not thrown),1968,13
Export Value,1000 USD,Raw silk (not thrown),1968,98
Import Quantity,t,Raw silk (not thrown),1969,198
Import Value,1000 USD,Raw silk (not thrown),1969,3229
Export Quantity,t,Raw silk (not thrown),1969,16
Export Value,1000 USD,Raw silk (not thrown),1969,127
Import Quantity,t,Raw silk (not thrown),1970,182
Import Value,1000 USD,Raw silk (not thrown),1970,3229
Export Quantity,t,Raw silk (not thrown),1970,23
Export Value,1000 USD,Raw silk (not thrown),1970,369
Import Quantity,t,Raw silk (not thrown),1971,91
Import Value,1000 USD,Raw silk (not thrown),1971,1718
Export Quantity,t,Raw silk (not thrown),1971,15
Export Value,1000 USD,Raw silk (not thrown),1971,268
Import Quantity,t,Raw silk (not thrown),1972,106
Import Value,1000 USD,Raw silk (not thrown),1972,2047
Export Quantity,t,Raw silk (not thrown),1972,1
Export Value,1000 USD,Raw silk (not thrown),1972,10
Import Quantity,t,Raw silk (not thrown),1973,110
Import Value,1000 USD,Raw silk (not thrown),1973,2981
Export Quantity,t,Raw silk (not thrown),1973,4
Export Value,1000 USD,Raw silk (not thrown),1973,40
Import Quantity,t,Raw silk (not thrown),1974,74
Import Value,1000 USD,Raw silk (not thrown),1974,2400
Export Quantity,t,Raw silk (not thrown),1974,1
Export Value,1000 USD,Raw silk (not thrown),1974,12
Import Quantity,t,Raw silk (not thrown),1975,80
Import Value,1000 USD,Raw silk (not thrown),1975,1786
Export Quantity,t,Raw silk (not thrown),1975,0
Export Value,1000 USD,Raw silk (not thrown),1975,2
Import Quantity,t,Raw silk (not thrown),1976,129
Import Value,1000 USD,Raw silk (not thrown),1976,2424
Export Quantity,t,Raw silk (not thrown),1976,3
Export Value,1000 USD,Raw silk (not thrown),1976,59
Import Quantity,t,Raw silk (not thrown),1977,97
Import Value,1000 USD,Raw silk (not thrown),1977,2291
Export Quantity,t,Raw silk (not thrown),1977,2
Export Value,1000 USD,Raw silk (not thrown),1977,51
Import Quantity,t,Raw silk (not thrown),1978,85
Import Value,1000 USD,Raw silk (not thrown),1978,1843
Export Quantity,t,Raw silk (not thrown),1978,5
Export Value,1000 USD,Raw silk (not thrown),1978,102
Import Quantity,t,Raw silk (not thrown),1979,62
Import Value,1000 USD,Raw silk (not thrown),1979,1763
Export Quantity,t,Raw silk (not thrown),1979,2
Export Value,1000 USD,Raw silk (not thrown),1979,79
Import Quantity,t,Raw silk (not thrown),1980,79
Import Value,1000 USD,Raw silk (not thrown),1980,2728
Export Quantity,t,Raw silk (not thrown),1980,3
Export Value,1000 USD,Raw silk (not thrown),1980,67
Import Quantity,t,Raw silk (not thrown),1981,69
Import Value,1000 USD,Raw silk (not thrown),1981,2026
Export Quantity,t,Raw silk (not thrown),1981,1
Export Value,1000 USD,Raw silk (not thrown),1981,24
Import Quantity,t,Raw silk (not thrown),1982,92
Import Value,1000 USD,Raw silk (not thrown),1982,2511
Export Quantity,t,Raw silk (not thrown),1982,0
Export Value,1000 USD,Raw silk (not thrown),1982,0
Import Quantity,t,Raw silk (not thrown),1983,98
Import Value,1000 USD,Raw silk (not thrown),1983,2454
Export Quantity,t,Raw silk (not thrown),1983,0
Export Value,1000 USD,Raw silk (not thrown),1983,0
Import Quantity,t,Raw silk (not thrown),1984,99
Import Value,1000 USD,Raw silk (not thrown),1984,2445
Export Quantity,t,Raw silk (not thrown),1984,1
Export Value,1000 USD,Raw silk (not thrown),1984,8
Import Quantity,t,Raw silk (not thrown),1985,128
Import Value,1000 USD,Raw silk (not thrown),1985,2990
Export Quantity,t,Raw silk (not thrown),1985,7
Export Value,1000 USD,Raw silk (not thrown),1985,97
Import Quantity,t,Raw silk (not thrown),1986,127
Import Value,1000 USD,Raw silk (not thrown),1986,3081
Export Quantity,t,Raw silk (not thrown),1986,0
Export Value,1000 USD,Raw silk (not thrown),1986,3
Import Quantity,t,Raw silk (not thrown),1987,133
Import Value,1000 USD,Raw silk (not thrown),1987,3669
Export Quantity,t,Raw silk (not thrown),1987,1
Export Value,1000 USD,Raw silk (not thrown),1987,23
Import Quantity,t,Raw silk (not thrown),1988,114
Import Value,1000 USD,Raw silk (not thrown),1988,3748
Export Quantity,t,Raw silk (not thrown),1988,2
Export Value,1000 USD,Raw silk (not thrown),1988,73
Import Quantity,t,Raw silk (not thrown),1989,122
Import Value,1000 USD,Raw silk (not thrown),1989,5844
Export Quantity,t,Raw silk (not thrown),1989,3
Export Value,1000 USD,Raw silk (not thrown),1989,84
Import Quantity,t,Raw silk (not thrown),1990,88
Import Value,1000 USD,Raw silk (not thrown),1990,4379
Export Quantity,t,Raw silk (not thrown),1990,8
Export Value,1000 USD,Raw silk (not thrown),1990,188
Import Quantity,t,Raw silk (not thrown),1991,53
Import Value,1000 USD,Raw silk (not thrown),1991,2438
Export Quantity,t,Raw silk (not thrown),1991,11
Export Value,1000 USD,Raw silk (not thrown),1991,293
Import Quantity,t,Raw silk (not thrown),1992,60
Import Value,1000 USD,Raw silk (not thrown),1992,2281
Export Quantity,t,Raw silk (not thrown),1992,27
Export Value,1000 USD,Raw silk (not thrown),1992,421
Import Quantity,t,Raw silk (not thrown),1993,78
Import Value,1000 USD,Raw silk (not thrown),1993,1842
Export Quantity,t,Raw silk (not thrown),1993,0
Export Value,1000 USD,Raw silk (not thrown),1993,5
Import Quantity,t,Raw silk (not thrown),1994,43
Import Value,1000 USD,Raw silk (not thrown),1994,1053
Export Quantity,t,Raw silk (not thrown),1994,17
Export Value,1000 USD,Raw silk (not thrown),1994,91
Import Quantity,t,Raw silk (not thrown),1995,55
Import Value,1000 USD,Raw silk (not thrown),1995,1347
Export Quantity,t,Raw silk (not thrown),1995,6
Export Value,1000 USD,Raw silk (not thrown),1995,67
Import Quantity,t,Raw silk (not thrown),1996,76
Import Value,1000 USD,Raw silk (not thrown),1996,1531
Export Quantity,t,Raw silk (not thrown),1996,54
Export Value,1000 USD,Raw silk (not thrown),1996,382
Import Quantity,t,Raw silk (not thrown),1997,56
Import Value,1000 USD,Raw silk (not thrown),1997,1466
Export Quantity,t,Raw silk (not thrown),1997,8
Export Value,1000 USD,Raw silk (not thrown),1997,114
Import Quantity,t,Raw silk (not thrown),1998,52
Import Value,1000 USD,Raw silk (not thrown),1998,1354
Export Quantity,t,Raw silk (not thrown),1998,0
Export Value,1000 USD,Raw silk (not thrown),1998,34
Import Quantity,t,Raw silk (not thrown),1999,53
Import Value,1000 USD,Raw silk (not thrown),1999,1288
Export Quantity,t,Raw silk (not thrown),1999,8
Export Value,1000 USD,Raw silk (not thrown),1999,49
Import Quantity,t,Raw silk (not thrown),2000,65
Import Value,1000 USD,Raw silk (not thrown),2000,1543
Export Quantity,t,Raw silk (not thrown),2000,43
Export Value,1000 USD,Raw silk (not thrown),2000,319
Import Quantity,t,Raw silk (not thrown),2001,47
Import Value,1000 USD,Raw silk (not thrown),2001,1031
Export Quantity,t,Raw silk (not thrown),2001,19
Export Value,1000 USD,Raw silk (not thrown),2001,194
Import Quantity,t,Raw silk (not thrown),2002,71
Import Value,1000 USD,Raw silk (not thrown),2002,1282
Export Quantity,t,Raw silk (not thrown),2002,3
Export Value,1000 USD,Raw silk (not thrown),2002,41
Import Quantity,t,Raw silk (not thrown),2003,23
Import Value,1000 USD,Raw silk (not thrown),2003,432
Export Quantity,t,Raw silk (not thrown),2003,10
Export Value,1000 USD,Raw silk (not thrown),2003,118
Import Quantity,t,Raw silk (not thrown),2004,28
Import Value,1000 USD,Raw silk (not thrown),2004,580
Export Quantity,t,Raw silk (not thrown),2004,1
Export Value,1000 USD,Raw silk (not thrown),2004,9
Import Quantity,t,Raw silk (not thrown),2005,24
Import Value,1000 USD,Raw silk (not thrown),2005,733
Export Quantity,t,Raw silk (not thrown),2005,10
Export Value,1000 USD,Raw silk (not thrown),2005,79
Import Quantity,t,Raw silk (not thrown),2006,14
Import Value,1000 USD,Raw silk (not thrown),2006,487
Export Quantity,t,Raw silk (not thrown),2006,0
Export Value,1000 USD,Raw silk (not thrown),2006,13
Import Quantity,t,Raw silk (not thrown),2007,21
Import Value,1000 USD,Raw silk (not thrown),2007,702
Export Quantity,t,Raw silk (not thrown),2007,12
Export Value,1000 USD,Raw silk (not thrown),2007,196
Import Quantity,t,Raw silk (not thrown),2008,16
Import Value,1000 USD,Raw silk (not thrown),2008,649
Export Quantity,t,Raw silk (not thrown),2008,1
Export Value,1000 USD,Raw silk (not thrown),2008,23
Import Quantity,t,Raw silk (not thrown),2009,10
Import Value,1000 USD,Raw silk (not thrown),2009,404
Export Quantity,t,Raw silk (not thrown),2009,5
Export Value,1000 USD,Raw silk (not thrown),2009,42
Import Quantity,t,Raw silk (not thrown),2010,8
Import Value,1000 USD,Raw silk (not thrown),2010,333
Export Quantity,t,Raw silk (not thrown),2010,2
Export Value,1000 USD,Raw silk (not thrown),2010,20
Import Quantity,t,Raw silk (not thrown),2011,18
Import Value,1000 USD,Raw silk (not thrown),2011,838
Export Quantity,t,Raw silk (not thrown),2011,0
Export Value,1000 USD,Raw silk (not thrown),2011,36
Import Quantity,t,Raw silk (not thrown),2012,16
Import Value,1000 USD,Raw silk (not thrown),2012,848
Export Quantity,t,Raw silk (not thrown),2012,1
Export Value,1000 USD,Raw silk (not thrown),2012,29
Import Quantity,t,Raw silk (not thrown),2013,10
Import Value,1000 USD,Raw silk (not thrown),2013,681
Export Quantity,t,Raw silk (not thrown),2013,11
Export Value,1000 USD,Raw silk (not thrown),2013,168
Import Quantity,t,Raw silk (not thrown),2014,16
Import Value,1000 USD,Raw silk (not thrown),2014,1050
Export Quantity,t,Raw silk (not thrown),2014,137
Export Value,1000 USD,Raw silk (not thrown),2014,517
Import Quantity,t,Raw silk (not thrown),2015,8
Import Value,1000 USD,Raw silk (not thrown),2015,445
Export Quantity,t,Raw silk (not thrown),2015,67
Export Value,1000 USD,Raw silk (not thrown),2015,119
Import Quantity,t,Raw silk (not thrown),2016,10
Import Value,1000 USD,Raw silk (not thrown),2016,528
Export Quantity,t,Raw silk (not thrown),2016,24
Export Value,1000 USD,Raw silk (not thrown),2016,70
Import Quantity,t,Raw silk (not thrown),2017,9
Import Value,1000 USD,Raw silk (not thrown),2017,517
Export Quantity,t,Raw silk (not thrown),2017,2
Export Value,1000 USD,Raw silk (not thrown),2017,20
Import Quantity,t,Raw silk (not thrown),2018,26
Import Value,1000 USD,Raw silk (not thrown),2018,1247
Export Quantity,t,Raw silk (not thrown),2018,0
Export Value,1000 USD,Raw silk (not thrown),2018,18
Import Quantity,t,Raw silk (not thrown),2019,31
Import Value,1000 USD,Raw silk (not thrown),2019,1015
Export Quantity,t,Raw silk (not thrown),2019,1
Export Value,1000 USD,Raw silk (not thrown),2019,89
Import Quantity,t,Raw silk (not thrown),2020,17
Import Value,1000 USD,Raw silk (not thrown),2020,712
Export Quantity,t,Raw silk (not thrown),2020,0
Export Value,1000 USD,Raw silk (not thrown),2020,6
Import Quantity,t,Raw silk (not thrown),2021,32
Import Value,1000 USD,Raw silk (not thrown),2021,1033
Export Quantity,t,Raw silk (not thrown),2021,1
Export Value,1000 USD,Raw silk (not thrown),2021,37
Import Quantity,t,Raw silk (not thrown),2022,31
Import Value,1000 USD,Raw silk (not thrown),2022,1359
Export Quantity,t,Raw silk (not thrown),2022,1
Export Value,1000 USD,Raw silk (not thrown),2022,66
Import Quantity,t,Refined sugar,1961,225200
Import Value,1000 USD,Refined sugar,1961,18010
Export Quantity,t,Refined sugar,1961,326400
Export Value,1000 USD,Refined sugar,1961,33290
Import Quantity,t,Refined sugar,1962,103900
Import Value,1000 USD,Refined sugar,1962,7680
Export Quantity,t,Refined sugar,1962,317700
Export Value,1000 USD,Refined sugar,1962,28500
Import Quantity,t,Refined sugar,1963,143600
Import Value,1000 USD,Refined sugar,1963,27000
Export Quantity,t,Refined sugar,1963,408400
Export Value,1000 USD,Refined sugar,1963,76060
Import Quantity,t,Refined sugar,1964,57300
Import Value,1000 USD,Refined sugar,1964,10820
Export Quantity,t,Refined sugar,1964,444100
Export Value,1000 USD,Refined sugar,1964,85510
Import Quantity,t,Refined sugar,1965,45534
Import Value,1000 USD,Refined sugar,1965,3954
Export Quantity,t,Refined sugar,1965,302273
Export Value,1000 USD,Refined sugar,1965,32894
Import Quantity,t,Refined sugar,1966,56888
Import Value,1000 USD,Refined sugar,1966,4284
Export Quantity,t,Refined sugar,1966,302574
Export Value,1000 USD,Refined sugar,1966,24668
Import Quantity,t,Refined sugar,1967,49171
Import Value,1000 USD,Refined sugar,1967,3442
Export Quantity,t,Refined sugar,1967,326719
Export Value,1000 USD,Refined sugar,1967,24938
Import Quantity,t,Refined sugar,1968,55527
Import Value,1000 USD,Refined sugar,1968,3912
Export Quantity,t,Refined sugar,1968,205950
Export Value,1000 USD,Refined sugar,1968,14935
Import Quantity,t,Refined sugar,1969,50272
Import Value,1000 USD,Refined sugar,1969,4779
Export Quantity,t,Refined sugar,1969,203383
Export Value,1000 USD,Refined sugar,1969,19560
Import Quantity,t,Refined sugar,1970,249515
Import Value,1000 USD,Refined sugar,1970,22627
Export Quantity,t,Refined sugar,1970,189231
Export Value,1000 USD,Refined sugar,1970,21157
Import Quantity,t,Refined sugar,1971,170905
Import Value,1000 USD,Refined sugar,1971,19336
Export Quantity,t,Refined sugar,1971,238687
Export Value,1000 USD,Refined sugar,1971,30465
Import Quantity,t,Refined sugar,1972,90624
Import Value,1000 USD,Refined sugar,1972,17444
Export Quantity,t,Refined sugar,1972,303986
Export Value,1000 USD,Refined sugar,1972,51399
Import Quantity,t,Refined sugar,1973,19136
Import Value,1000 USD,Refined sugar,1973,4737
Export Quantity,t,Refined sugar,1973,274796
Export Value,1000 USD,Refined sugar,1973,76279
Import Quantity,t,Refined sugar,1974,345480
Import Value,1000 USD,Refined sugar,1974,159068
Export Quantity,t,Refined sugar,1974,297725
Export Value,1000 USD,Refined sugar,1974,120702
Import Quantity,t,Refined sugar,1975,580911
Import Value,1000 USD,Refined sugar,1975,299668
Export Quantity,t,Refined sugar,1975,351816
Export Value,1000 USD,Refined sugar,1975,229943
Import Quantity,t,Refined sugar,1976,260775
Import Value,1000 USD,Refined sugar,1976,99828
Export Quantity,t,Refined sugar,1976,260226
Export Value,1000 USD,Refined sugar,1976,104965
Import Quantity,t,Refined sugar,1977,248805
Import Value,1000 USD,Refined sugar,1977,99747
Export Quantity,t,Refined sugar,1977,162086
Export Value,1000 USD,Refined sugar,1977,56319
Import Quantity,t,Refined sugar,1978,227664
Import Value,1000 USD,Refined sugar,1978,109373
Export Quantity,t,Refined sugar,1978,82822
Export Value,1000 USD,Refined sugar,1978,35831
Import Quantity,t,Refined sugar,1979,230121
Import Value,1000 USD,Refined sugar,1979,113298
Export Quantity,t,Refined sugar,1979,48526
Export Value,1000 USD,Refined sugar,1979,21878
Import Quantity,t,Refined sugar,1980,189213
Import Value,1000 USD,Refined sugar,1980,104672
Export Quantity,t,Refined sugar,1980,57908
Export Value,1000 USD,Refined sugar,1980,38122
Import Quantity,t,Refined sugar,1981,148785
Import Value,1000 USD,Refined sugar,1981,87567
Export Quantity,t,Refined sugar,1981,70954
Export Value,1000 USD,Refined sugar,1981,43712
Import Quantity,t,Refined sugar,1982,176075
Import Value,1000 USD,Refined sugar,1982,98326
Export Quantity,t,Refined sugar,1982,139649
Export Value,1000 USD,Refined sugar,1982,56363
Import Quantity,t,Refined sugar,1983,171620
Import Value,1000 USD,Refined sugar,1983,92326
Export Quantity,t,Refined sugar,1983,310860
Export Value,1000 USD,Refined sugar,1983,67071
Import Quantity,t,Refined sugar,1984,126284
Import Value,1000 USD,Refined sugar,1984,63499
Export Quantity,t,Refined sugar,1984,253228
Export Value,1000 USD,Refined sugar,1984,71848
Import Quantity,t,Refined sugar,1985,102421
Import Value,1000 USD,Refined sugar,1985,52608
Export Quantity,t,Refined sugar,1985,335941
Export Value,1000 USD,Refined sugar,1985,122004
Import Quantity,t,Refined sugar,1986,96429
Import Value,1000 USD,Refined sugar,1986,60252
Export Quantity,t,Refined sugar,1986,165818
Export Value,1000 USD,Refined sugar,1986,57994
Import Quantity,t,Refined sugar,1987,92287
Import Value,1000 USD,Refined sugar,1987,67731
Export Quantity,t,Refined sugar,1987,319909
Export Value,1000 USD,Refined sugar,1987,137810
Import Quantity,t,Refined sugar,1988,121261
Import Value,1000 USD,Refined sugar,1988,94496
Export Quantity,t,Refined sugar,1988,282088
Export Value,1000 USD,Refined sugar,1988,98715
Import Quantity,t,Refined sugar,1989,121808
Import Value,1000 USD,Refined sugar,1989,85872
Export Quantity,t,Refined sugar,1989,347410
Export Value,1000 USD,Refined sugar,1989,125371
Import Quantity,t,Refined sugar,1990,152761
Import Value,1000 USD,Refined sugar,1990,125926
Export Quantity,t,Refined sugar,1990,317627
Export Value,1000 USD,Refined sugar,1990,138580
Import Quantity,t,Refined sugar,1991,133018
Import Value,1000 USD,Refined sugar,1991,109910
Export Quantity,t,Refined sugar,1991,231249
Export Value,1000 USD,Refined sugar,1991,104350
Import Quantity,t,Refined sugar,1992,136119
Import Value,1000 USD,Refined sugar,1992,119129
Export Quantity,t,Refined sugar,1992,339550
Export Value,1000 USD,Refined sugar,1992,155696
Import Quantity,t,Refined sugar,1993,89611
Import Value,1000 USD,Refined sugar,1993,78763
Export Quantity,t,Refined sugar,1993,446972
Export Value,1000 USD,Refined sugar,1993,154093
Import Quantity,t,Refined sugar,1994,104268
Import Value,1000 USD,Refined sugar,1994,93035
Export Quantity,t,Refined sugar,1994,502645
Export Value,1000 USD,Refined sugar,1994,172833
Import Quantity,t,Refined sugar,1995,82041
Import Value,1000 USD,Refined sugar,1995,85143
Export Quantity,t,Refined sugar,1995,477532
Export Value,1000 USD,Refined sugar,1995,228296
Import Quantity,t,Refined sugar,1996,73700
Import Value,1000 USD,Refined sugar,1996,91878
Export Quantity,t,Refined sugar,1996,337925
Export Value,1000 USD,Refined sugar,1996,181750
Import Quantity,t,Refined sugar,1997,106409
Import Value,1000 USD,Refined sugar,1997,91782
Export Quantity,t,Refined sugar,1997,571378
Export Value,1000 USD,Refined sugar,1997,262164
Import Quantity,t,Refined sugar,1998,121092
Import Value,1000 USD,Refined sugar,1998,101885
Export Quantity,t,Refined sugar,1998,764280
Export Value,1000 USD,Refined sugar,1998,326855
Import Quantity,t,Refined sugar,1999,106881
Import Value,1000 USD,Refined sugar,1999,94866
Export Quantity,t,Refined sugar,1999,598318
Export Value,1000 USD,Refined sugar,1999,187468
Import Quantity,t,Refined sugar,2000,140011
Import Value,1000 USD,Refined sugar,2000,101695
Export Quantity,t,Refined sugar,2000,681034
Export Value,1000 USD,Refined sugar,2000,169285
Import Quantity,t,Refined sugar,2001,113838
Import Value,1000 USD,Refined sugar,2001,81914
Export Quantity,t,Refined sugar,2001,604856
Export Value,1000 USD,Refined sugar,2001,173824
Import Quantity,t,Refined sugar,2002,108446
Import Value,1000 USD,Refined sugar,2002,82411
Export Quantity,t,Refined sugar,2002,432620
Export Value,1000 USD,Refined sugar,2002,135314
Import Quantity,t,Refined sugar,2003,112475
Import Value,1000 USD,Refined sugar,2003,93887
Export Quantity,t,Refined sugar,2003,672310
Export Value,1000 USD,Refined sugar,2003,185239
Import Quantity,t,Refined sugar,2004,103255
Import Value,1000 USD,Refined sugar,2004,103508
Export Quantity,t,Refined sugar,2004,773918
Export Value,1000 USD,Refined sugar,2004,276312
Import Quantity,t,Refined sugar,2005,196703
Import Value,1000 USD,Refined sugar,2005,189727
Export Quantity,t,Refined sugar,2005,769273
Export Value,1000 USD,Refined sugar,2005,261736
Import Quantity,t,Refined sugar,2006,161876
Import Value,1000 USD,Refined sugar,2006,151445
Export Quantity,t,Refined sugar,2006,810908
Export Value,1000 USD,Refined sugar,2006,343368
Import Quantity,t,Refined sugar,2007,84333
Import Value,1000 USD,Refined sugar,2007,91709
Export Quantity,t,Refined sugar,2007,431866
Export Value,1000 USD,Refined sugar,2007,313410
Import Quantity,t,Refined sugar,2008,104113
Import Value,1000 USD,Refined sugar,2008,115668
Export Quantity,t,Refined sugar,2008,491787
Export Value,1000 USD,Refined sugar,2008,379992
Import Quantity,t,Refined sugar,2009,102352
Import Value,1000 USD,Refined sugar,2009,103510
Export Quantity,t,Refined sugar,2009,413216
Export Value,1000 USD,Refined sugar,2009,302326
Import Quantity,t,Refined sugar,2010,266382
Import Value,1000 USD,Refined sugar,2010,195017
Export Quantity,t,Refined sugar,2010,448514
Export Value,1000 USD,Refined sugar,2010,313097
Import Quantity,t,Refined sugar,2011,249025
Import Value,1000 USD,Refined sugar,2011,225870
Export Quantity,t,Refined sugar,2011,258733
Export Value,1000 USD,Refined sugar,2011,208861
Import Quantity,t,Refined sugar,2012,257952
Import Value,1000 USD,Refined sugar,2012,267516
Export Quantity,t,Refined sugar,2012,152669
Export Value,1000 USD,Refined sugar,2012,133990
Import Quantity,t,Refined sugar,2013,266265
Import Value,1000 USD,Refined sugar,2013,275246
Export Quantity,t,Refined sugar,2013,152564
Export Value,1000 USD,Refined sugar,2013,121374
Import Quantity,t,Refined sugar,2014,291812.36
Import Value,1000 USD,Refined sugar,2014,249686
Export Quantity,t,Refined sugar,2014,184989.05
Export Value,1000 USD,Refined sugar,2014,125730
Import Quantity,t,Refined sugar,2015,369745.25
Import Value,1000 USD,Refined sugar,2015,211908
Export Quantity,t,Refined sugar,2015,140054.29
Export Value,1000 USD,Refined sugar,2015,77247
Import Quantity,t,Refined sugar,2016,382400.52
Import Value,1000 USD,Refined sugar,2016,207574
Export Quantity,t,Refined sugar,2016,132395.41
Export Value,1000 USD,Refined sugar,2016,81162
Import Quantity,t,Refined sugar,2017,529169.43
Import Value,1000 USD,Refined sugar,2017,298048
Export Quantity,t,Refined sugar,2017,137415.27
Export Value,1000 USD,Refined sugar,2017,87293
Import Quantity,t,Refined sugar,2018,495280.4
Import Value,1000 USD,Refined sugar,2018,239242
Export Quantity,t,Refined sugar,2018,215779.56
Export Value,1000 USD,Refined sugar,2018,102515
Import Quantity,t,Refined sugar,2019,425980.22
Import Value,1000 USD,Refined sugar,2019,181879
Export Quantity,t,Refined sugar,2019,196142.69
Export Value,1000 USD,Refined sugar,2019,132297
Import Quantity,t,Refined sugar,2020,214328.61
Import Value,1000 USD,Refined sugar,2020,109372
Export Quantity,t,Refined sugar,2020,124879.39
Export Value,1000 USD,Refined sugar,2020,149892
Import Quantity,t,Refined sugar,2021,208610.26
Import Value,1000 USD,Refined sugar,2021,120680
Export Quantity,t,Refined sugar,2021,39335.69
Export Value,1000 USD,Refined sugar,2021,61593
Import Quantity,t,Refined sugar,2022,276192.97
Import Value,1000 USD,Refined sugar,2022,172368
Export Quantity,t,Refined sugar,2022,53150.74
Export Value,1000 USD,Refined sugar,2022,66666
Import Quantity,t,Rice,1961,0
Import Value,1000 USD,Rice,1961,0
Export Quantity,t,Rice,1961,0
Export Value,1000 USD,Rice,1961,0
Import Quantity,t,Rice,1962,0
Import Value,1000 USD,Rice,1962,0
Export Quantity,t,Rice,1962,0
Export Value,1000 USD,Rice,1962,0
Import Quantity,t,Rice,1963,0
Import Value,1000 USD,Rice,1963,0
Export Quantity,t,Rice,1963,0
Export Value,1000 USD,Rice,1963,0
Import Quantity,t,Rice,1964,0
Import Value,1000 USD,Rice,1964,0
Export Quantity,t,Rice,1964,0
Export Value,1000 USD,Rice,1964,0
Import Quantity,t,Rice,1965,0
Import Value,1000 USD,Rice,1965,0
Export Quantity,t,Rice,1965,0
Export Value,1000 USD,Rice,1965,0
Import Quantity,t,Rice,1966,0
Import Value,1000 USD,Rice,1966,0
Export Quantity,t,Rice,1966,0
Export Value,1000 USD,Rice,1966,0
Import Quantity,t,Rice,1967,0
Import Value,1000 USD,Rice,1967,0
Export Quantity,t,Rice,1967,0
Export Value,1000 USD,Rice,1967,0
Import Quantity,t,Rice,1968,0
Import Value,1000 USD,Rice,1968,0
Export Quantity,t,Rice,1968,0
Export Value,1000 USD,Rice,1968,0
Import Quantity,t,Rice,1969,0
Import Value,1000 USD,Rice,1969,0
Export Quantity,t,Rice,1969,0
Export Value,1000 USD,Rice,1969,0
Import Quantity,t,Rice,1970,0
Import Value,1000 USD,Rice,1970,0
Export Quantity,t,Rice,1970,0
Export Value,1000 USD,Rice,1970,0
Import Quantity,t,Rice,1971,0
Import Value,1000 USD,Rice,1971,0
Export Quantity,t,Rice,1971,0
Export Value,1000 USD,Rice,1971,0
Import Quantity,t,Rice,1972,0
Import Value,1000 USD,Rice,1972,0
Export Quantity,t,Rice,1972,0
Export Value,1000 USD,Rice,1972,0
Import Quantity,t,Rice,1973,50
Import Value,1000 USD,Rice,1973,18
Export Quantity,t,Rice,1973,0
Export Value,1000 USD,Rice,1973,0
Import Quantity,t,Rice,1974,62
Import Value,1000 USD,Rice,1974,22
Export Quantity,t,Rice,1974,0
Export Value,1000 USD,Rice,1974,0
Import Quantity,t,Rice,1975,22
Import Value,1000 USD,Rice,1975,6
Export Quantity,t,Rice,1975,0
Export Value,1000 USD,Rice,1975,0
Import Quantity,t,Rice,1976,26
Import Value,1000 USD,Rice,1976,7
Export Quantity,t,Rice,1976,0
Export Value,1000 USD,Rice,1976,0
Import Quantity,t,Rice,1977,14
Import Value,1000 USD,Rice,1977,5
Export Quantity,t,Rice,1977,0
Export Value,1000 USD,Rice,1977,0
Import Quantity,t,Rice,1978,44
Import Value,1000 USD,Rice,1978,23
Export Quantity,t,Rice,1978,0
Export Value,1000 USD,Rice,1978,0
Import Quantity,t,Rice,1979,27
Import Value,1000 USD,Rice,1979,28
Export Quantity,t,Rice,1979,0
Export Value,1000 USD,Rice,1979,0
Import Quantity,t,Rice,1980,44
Import Value,1000 USD,Rice,1980,37
Export Quantity,t,Rice,1980,41
Export Value,1000 USD,Rice,1980,35
Import Quantity,t,Rice,1981,108
Import Value,1000 USD,Rice,1981,75
Export Quantity,t,Rice,1981,201
Export Value,1000 USD,Rice,1981,162
Import Quantity,t,Rice,1982,113
Import Value,1000 USD,Rice,1982,82
Export Quantity,t,Rice,1982,393
Export Value,1000 USD,Rice,1982,346
Import Quantity,t,Rice,1983,53
Import Value,1000 USD,Rice,1983,30
Export Quantity,t,Rice,1983,196
Export Value,1000 USD,Rice,1983,121
Import Quantity,t,Rice,1984,104
Import Value,1000 USD,Rice,1984,65
Export Quantity,t,Rice,1984,151
Export Value,1000 USD,Rice,1984,110
Import Quantity,t,Rice,1985,324
Import Value,1000 USD,Rice,1985,158
Export Quantity,t,Rice,1985,50
Export Value,1000 USD,Rice,1985,43
Import Quantity,t,Rice,1986,106
Import Value,1000 USD,Rice,1986,62
Export Quantity,t,Rice,1986,55
Export Value,1000 USD,Rice,1986,35
Import Quantity,t,Rice,1987,46
Import Value,1000 USD,Rice,1987,34
Export Quantity,t,Rice,1987,32
Export Value,1000 USD,Rice,1987,27
Import Quantity,t,Rice,1988,546
Import Value,1000 USD,Rice,1988,170
Export Quantity,t,Rice,1988,384
Export Value,1000 USD,Rice,1988,278
Import Quantity,t,Rice,1989,705
Import Value,1000 USD,Rice,1989,627
Export Quantity,t,Rice,1989,1519
Export Value,1000 USD,Rice,1989,1739
Import Quantity,t,Rice,1990,645
Import Value,1000 USD,Rice,1990,666
Export Quantity,t,Rice,1990,1
Export Value,1000 USD,Rice,1990,1
Import Quantity,t,Rice,1991,1182
Import Value,1000 USD,Rice,1991,1601
Export Quantity,t,Rice,1991,0
Export Value,1000 USD,Rice,1991,0
Import Quantity,t,Rice,1992,1583
Import Value,1000 USD,Rice,1992,2162
Export Quantity,t,Rice,1992,0
Export Value,1000 USD,Rice,1992,0
Import Quantity,t,Rice,1993,569
Import Value,1000 USD,Rice,1993,580
Export Quantity,t,Rice,1993,87
Export Value,1000 USD,Rice,1993,93
Import Quantity,t,Rice,1994,760
Import Value,1000 USD,Rice,1994,370
Export Quantity,t,Rice,1994,13
Export Value,1000 USD,Rice,1994,19
Import Quantity,t,Rice,1995,243
Import Value,1000 USD,Rice,1995,226
Export Quantity,t,Rice,1995,13
Export Value,1000 USD,Rice,1995,26
Import Quantity,t,Rice,1996,295
Import Value,1000 USD,Rice,1996,259
Export Quantity,t,Rice,1996,37
Export Value,1000 USD,Rice,1996,62
Import Quantity,t,Rice,1997,1038
Import Value,1000 USD,Rice,1997,853
Export Quantity,t,Rice,1997,229
Export Value,1000 USD,Rice,1997,207
Import Quantity,t,Rice,1998,1852
Import Value,1000 USD,Rice,1998,1492
Export Quantity,t,Rice,1998,119
Export Value,1000 USD,Rice,1998,238
Import Quantity,t,Rice,1999,3684
Import Value,1000 USD,Rice,1999,2237
Export Quantity,t,Rice,1999,204
Export Value,1000 USD,Rice,1999,338
Import Quantity,t,Rice,2000,2440
Import Value,1000 USD,Rice,2000,1404
Export Quantity,t,Rice,2000,136
Export Value,1000 USD,Rice,2000,269
Import Quantity,t,Rice,2001,7613
Import Value,1000 USD,Rice,2001,4309
Export Quantity,t,Rice,2001,475
Export Value,1000 USD,Rice,2001,535
Import Quantity,t,Rice,2002,10232
Import Value,1000 USD,Rice,2002,5773
Export Quantity,t,Rice,2002,912
Export Value,1000 USD,Rice,2002,594
Import Quantity,t,Rice,2003,14278
Import Value,1000 USD,Rice,2003,11415
Export Quantity,t,Rice,2003,656
Export Value,1000 USD,Rice,2003,1383
Import Quantity,t,Rice,2004,15405
Import Value,1000 USD,Rice,2004,15506
Export Quantity,t,Rice,2004,599
Export Value,1000 USD,Rice,2004,1135
Import Quantity,t,Rice,2005,7785
Import Value,1000 USD,Rice,2005,10099
Export Quantity,t,Rice,2005,433
Export Value,1000 USD,Rice,2005,812
Import Quantity,t,Rice,2006,5566
Import Value,1000 USD,Rice,2006,6355
Export Quantity,t,Rice,2006,759
Export Value,1000 USD,Rice,2006,1140
Import Quantity,t,Rice,2007,5890
Import Value,1000 USD,Rice,2007,8668
Export Quantity,t,Rice,2007,356
Export Value,1000 USD,Rice,2007,743
Import Quantity,t,Rice,2008,10905
Import Value,1000 USD,Rice,2008,16989
Export Quantity,t,Rice,2008,293
Export Value,1000 USD,Rice,2008,767
Import Quantity,t,Rice,2009,8192
Import Value,1000 USD,Rice,2009,12626
Export Quantity,t,Rice,2009,297
Export Value,1000 USD,Rice,2009,817
Import Quantity,t,Rice,2010,8980
Import Value,1000 USD,Rice,2010,9294
Export Quantity,t,Rice,2010,749
Export Value,1000 USD,Rice,2010,2360
Import Quantity,t,Rice,2011,10638
Import Value,1000 USD,Rice,2011,13104
Export Quantity,t,Rice,2011,269
Export Value,1000 USD,Rice,2011,849
Import Quantity,t,Rice,2012,10306
Import Value,1000 USD,Rice,2012,12964
Export Quantity,t,Rice,2012,397
Export Value,1000 USD,Rice,2012,817
Import Quantity,t,Rice,2013,10199
Import Value,1000 USD,Rice,2013,12864
Export Quantity,t,Rice,2013,718
Export Value,1000 USD,Rice,2013,1688
Import Quantity,t,Rice,2014,5479.19
Import Value,1000 USD,Rice,2014,8752
Export Quantity,t,Rice,2014,692.64
Export Value,1000 USD,Rice,2014,1518
Import Quantity,t,Rice,2015,5900.77
Import Value,1000 USD,Rice,2015,8501
Export Quantity,t,Rice,2015,935.05
Export Value,1000 USD,Rice,2015,1551
Import Quantity,t,Rice,2016,5670.01
Import Value,1000 USD,Rice,2016,6893
Export Quantity,t,Rice,2016,432.83
Export Value,1000 USD,Rice,2016,1232
Import Quantity,t,Rice,2017,6144.58
Import Value,1000 USD,Rice,2017,4866
Export Quantity,t,Rice,2017,858.48
Export Value,1000 USD,Rice,2017,1955
Import Quantity,t,Rice,2018,5818.55
Import Value,1000 USD,Rice,2018,4545
Export Quantity,t,Rice,2018,569.49
Export Value,1000 USD,Rice,2018,1053
Import Quantity,t,Rice,2019,6894.01
Import Value,1000 USD,Rice,2019,5438
Export Quantity,t,Rice,2019,319.55
Export Value,1000 USD,Rice,2019,819
Import Quantity,t,Rice,2020,6835.08
Import Value,1000 USD,Rice,2020,5238
Export Quantity,t,Rice,2020,198.57
Export Value,1000 USD,Rice,2020,801
Import Quantity,t,Rice,2021,4461.69
Import Value,1000 USD,Rice,2021,4002
Export Quantity,t,Rice,2021,90.62
Export Value,1000 USD,Rice,2021,256
Import Quantity,t,Rice,2022,365.84
Import Value,1000 USD,Rice,2022,437
Export Quantity,t,Rice,2022,141.06
Export Value,1000 USD,Rice,2022,335
Import Quantity,t,Skim milk of cows,1961,0
Import Value,1000 USD,Skim milk of cows,1961,0
Export Quantity,t,Skim milk of cows,1961,0
Export Value,1000 USD,Skim milk of cows,1961,0
Import Quantity,t,Skim milk of cows,1962,0
Import Value,1000 USD,Skim milk of cows,1962,0
Export Quantity,t,Skim milk of cows,1962,0
Export Value,1000 USD,Skim milk of cows,1962,0
Import Quantity,t,Skim milk of cows,1963,0
Import Value,1000 USD,Skim milk of cows,1963,0
Export Quantity,t,Skim milk of cows,1963,0
Export Value,1000 USD,Skim milk of cows,1963,0
Import Quantity,t,Skim milk of cows,1964,0
Import Value,1000 USD,Skim milk of cows,1964,0
Export Quantity,t,Skim milk of cows,1964,0
Export Value,1000 USD,Skim milk of cows,1964,0
Import Quantity,t,Skim milk of cows,1965,0
Import Value,1000 USD,Skim milk of cows,1965,0
Export Quantity,t,Skim milk of cows,1965,0
Export Value,1000 USD,Skim milk of cows,1965,0
Import Quantity,t,Skim milk of cows,1966,0
Import Value,1000 USD,Skim milk of cows,1966,0
Export Quantity,t,Skim milk of cows,1966,0
Export Value,1000 USD,Skim milk of cows,1966,0
Import Quantity,t,Skim milk of cows,1967,0
Import Value,1000 USD,Skim milk of cows,1967,0
Export Quantity,t,Skim milk of cows,1967,0
Export Value,1000 USD,Skim milk of cows,1967,0
Import Quantity,t,Skim milk of cows,1968,0
Import Value,1000 USD,Skim milk of cows,1968,0
Export Quantity,t,Skim milk of cows,1968,0
Export Value,1000 USD,Skim milk of cows,1968,0
Import Quantity,t,Skim milk of cows,1969,0
Import Value,1000 USD,Skim milk of cows,1969,0
Export Quantity,t,Skim milk of cows,1969,0
Export Value,1000 USD,Skim milk of cows,1969,0
Import Quantity,t,Skim milk of cows,1970,0
Import Value,1000 USD,Skim milk of cows,1970,0
Export Quantity,t,Skim milk of cows,1970,0
Export Value,1000 USD,Skim milk of cows,1970,0
Import Quantity,t,Skim milk of cows,1971,0
Import Value,1000 USD,Skim milk of cows,1971,0
Export Quantity,t,Skim milk of cows,1971,0
Export Value,1000 USD,Skim milk of cows,1971,0
Import Quantity,t,Skim milk of cows,1972,0
Import Value,1000 USD,Skim milk of cows,1972,0
Export Quantity,t,Skim milk of cows,1972,0
Export Value,1000 USD,Skim milk of cows,1972,0
Import Quantity,t,Skim milk of cows,1973,495
Import Value,1000 USD,Skim milk of cows,1973,66
Export Quantity,t,Skim milk of cows,1973,17757
Export Value,1000 USD,Skim milk of cows,1973,1015
Import Quantity,t,Skim milk of cows,1974,2764
Import Value,1000 USD,Skim milk of cows,1974,155
Export Quantity,t,Skim milk of cows,1974,25750
Export Value,1000 USD,Skim milk of cows,1974,1488
Import Quantity,t,Skim milk of cows,1975,2160
Import Value,1000 USD,Skim milk of cows,1975,136
Export Quantity,t,Skim milk of cows,1975,32146
Export Value,1000 USD,Skim milk of cows,1975,2167
Import Quantity,t,Skim milk of cows,1976,2606
Import Value,1000 USD,Skim milk of cows,1976,133
Export Quantity,t,Skim milk of cows,1976,51554
Export Value,1000 USD,Skim milk of cows,1976,3230
Import Quantity,t,Skim milk of cows,1977,2693
Import Value,1000 USD,Skim milk of cows,1977,129
Export Quantity,t,Skim milk of cows,1977,23177
Export Value,1000 USD,Skim milk of cows,1977,1812
Import Quantity,t,Skim milk of cows,1978,2110
Import Value,1000 USD,Skim milk of cows,1978,115
Export Quantity,t,Skim milk of cows,1978,23138
Export Value,1000 USD,Skim milk of cows,1978,2125
Import Quantity,t,Skim milk of cows,1979,1923
Import Value,1000 USD,Skim milk of cows,1979,111
Export Quantity,t,Skim milk of cows,1979,665
Export Value,1000 USD,Skim milk of cows,1979,69
Import Quantity,t,Skim milk of cows,1980,48
Import Value,1000 USD,Skim milk of cows,1980,9
Export Quantity,t,Skim milk of cows,1980,20
Export Value,1000 USD,Skim milk of cows,1980,12
Import Quantity,t,Skim milk of cows,1981,0
Import Value,1000 USD,Skim milk of cows,1981,0
Export Quantity,t,Skim milk of cows,1981,156
Export Value,1000 USD,Skim milk of cows,1981,101
Import Quantity,t,Skim milk of cows,1982,3302
Import Value,1000 USD,Skim milk of cows,1982,292
Export Quantity,t,Skim milk of cows,1982,713
Export Value,1000 USD,Skim milk of cows,1982,175
Import Quantity,t,Skim milk of cows,1983,56
Import Value,1000 USD,Skim milk of cows,1983,4
Export Quantity,t,Skim milk of cows,1983,4903
Export Value,1000 USD,Skim milk of cows,1983,525
Import Quantity,t,Skim milk of cows,1984,357
Import Value,1000 USD,Skim milk of cows,1984,98
Export Quantity,t,Skim milk of cows,1984,1912
Export Value,1000 USD,Skim milk of cows,1984,264
Import Quantity,t,Skim milk of cows,1985,1946
Import Value,1000 USD,Skim milk of cows,1985,427
Export Quantity,t,Skim milk of cows,1985,6497
Export Value,1000 USD,Skim milk of cows,1985,581
Import Quantity,t,Skim milk of cows,1986,3292
Import Value,1000 USD,Skim milk of cows,1986,949
Export Quantity,t,Skim milk of cows,1986,371
Export Value,1000 USD,Skim milk of cows,1986,123
Import Quantity,t,Skim milk of cows,1987,5187
Import Value,1000 USD,Skim milk of cows,1987,1793
Export Quantity,t,Skim milk of cows,1987,1331
Export Value,1000 USD,Skim milk of cows,1987,277
Import Quantity,t,Skim milk of cows,1988,9914
Import Value,1000 USD,Skim milk of cows,1988,3603
Export Quantity,t,Skim milk of cows,1988,3385
Export Value,1000 USD,Skim milk of cows,1988,1480
Import Quantity,t,Skim milk of cows,1989,15612
Import Value,1000 USD,Skim milk of cows,1989,5443
Export Quantity,t,Skim milk of cows,1989,5724
Export Value,1000 USD,Skim milk of cows,1989,1326
Import Quantity,t,Skim milk of cows,1990,18987
Import Value,1000 USD,Skim milk of cows,1990,8352
Export Quantity,t,Skim milk of cows,1990,11957
Export Value,1000 USD,Skim milk of cows,1990,2311
Import Quantity,t,Skim milk of cows,1991,42029
Import Value,1000 USD,Skim milk of cows,1991,14962
Export Quantity,t,Skim milk of cows,1991,2339
Export Value,1000 USD,Skim milk of cows,1991,766
Import Quantity,t,Skim milk of cows,1992,68196
Import Value,1000 USD,Skim milk of cows,1992,29790
Export Quantity,t,Skim milk of cows,1992,4208
Export Value,1000 USD,Skim milk of cows,1992,1155
Import Quantity,t,Skim milk of cows,1993,50913
Import Value,1000 USD,Skim milk of cows,1993,25075
Export Quantity,t,Skim milk of cows,1993,2450
Export Value,1000 USD,Skim milk of cows,1993,702
Import Quantity,t,Skim milk of cows,1994,69477
Import Value,1000 USD,Skim milk of cows,1994,28887
Export Quantity,t,Skim milk of cows,1994,5524
Export Value,1000 USD,Skim milk of cows,1994,1721
Import Quantity,t,Skim milk of cows,1995,81243
Import Value,1000 USD,Skim milk of cows,1995,34934
Export Quantity,t,Skim milk of cows,1995,2100
Export Value,1000 USD,Skim milk of cows,1995,1288
Import Quantity,t,Skim milk of cows,1996,67915
Import Value,1000 USD,Skim milk of cows,1996,29407
Export Quantity,t,Skim milk of cows,1996,1097
Export Value,1000 USD,Skim milk of cows,1996,1287
Import Quantity,t,Skim milk of cows,1997,87832
Import Value,1000 USD,Skim milk of cows,1997,43948
Export Quantity,t,Skim milk of cows,1997,3489
Export Value,1000 USD,Skim milk of cows,1997,3758
Import Quantity,t,Skim milk of cows,1998,113633
Import Value,1000 USD,Skim milk of cows,1998,44348
Export Quantity,t,Skim milk of cows,1998,4555
Export Value,1000 USD,Skim milk of cows,1998,2074
Import Quantity,t,Skim milk of cows,1999,54052
Import Value,1000 USD,Skim milk of cows,1999,22235
Export Quantity,t,Skim milk of cows,1999,1463
Export Value,1000 USD,Skim milk of cows,1999,883
Import Quantity,t,Skim milk of cows,2000,17177
Import Value,1000 USD,Skim milk of cows,2000,7573
Export Quantity,t,Skim milk of cows,2000,1880
Export Value,1000 USD,Skim milk of cows,2000,1368
Import Quantity,t,Skim milk of cows,2001,12604
Import Value,1000 USD,Skim milk of cows,2001,7672
Export Quantity,t,Skim milk of cows,2001,1476
Export Value,1000 USD,Skim milk of cows,2001,1112
Import Quantity,t,Skim milk of cows,2002,11636
Import Value,1000 USD,Skim milk of cows,2002,7263
Export Quantity,t,Skim milk of cows,2002,4135
Export Value,1000 USD,Skim milk of cows,2002,1543
Import Quantity,t,Skim milk of cows,2003,12178
Import Value,1000 USD,Skim milk of cows,2003,8369
Export Quantity,t,Skim milk of cows,2003,3035
Export Value,1000 USD,Skim milk of cows,2003,1305
Import Quantity,t,Skim milk of cows,2004,26607
Import Value,1000 USD,Skim milk of cows,2004,10366
Export Quantity,t,Skim milk of cows,2004,4155
Export Value,1000 USD,Skim milk of cows,2004,2039
Import Quantity,t,Skim milk of cows,2005,19567
Import Value,1000 USD,Skim milk of cows,2005,11903
Export Quantity,t,Skim milk of cows,2005,9407
Export Value,1000 USD,Skim milk of cows,2005,3880
Import Quantity,t,Skim milk of cows,2006,30947
Import Value,1000 USD,Skim milk of cows,2006,19867
Export Quantity,t,Skim milk of cows,2006,6873
Export Value,1000 USD,Skim milk of cows,2006,5416
Import Quantity,t,Skim milk of cows,2007,28227
Import Value,1000 USD,Skim milk of cows,2007,18235
Export Quantity,t,Skim milk of cows,2007,5835
Export Value,1000 USD,Skim milk of cows,2007,4741
Import Quantity,t,Skim milk of cows,2008,27807
Import Value,1000 USD,Skim milk of cows,2008,18117
Export Quantity,t,Skim milk of cows,2008,14787
Export Value,1000 USD,Skim milk of cows,2008,8217
Import Quantity,t,Skim milk of cows,2009,34011
Import Value,1000 USD,Skim milk of cows,2009,19552
Export Quantity,t,Skim milk of cows,2009,15429
Export Value,1000 USD,Skim milk of cows,2009,8241
Import Quantity,t,Skim milk of cows,2010,38606
Import Value,1000 USD,Skim milk of cows,2010,23144
Export Quantity,t,Skim milk of cows,2010,17926
Export Value,1000 USD,Skim milk of cows,2010,8404
Import Quantity,t,Skim milk of cows,2011,36620
Import Value,1000 USD,Skim milk of cows,2011,23420
Export Quantity,t,Skim milk of cows,2011,12575
Export Value,1000 USD,Skim milk of cows,2011,7072
Import Quantity,t,Skim milk of cows,2012,46686
Import Value,1000 USD,Skim milk of cows,2012,28232
Export Quantity,t,Skim milk of cows,2012,4697
Export Value,1000 USD,Skim milk of cows,2012,4481
Import Quantity,t,Skim milk of cows,2013,41070
Import Value,1000 USD,Skim milk of cows,2013,24945
Export Quantity,t,Skim milk of cows,2013,6903
Export Value,1000 USD,Skim milk of cows,2013,5993
Import Quantity,t,Skim milk of cows,2014,31802.37
Import Value,1000 USD,Skim milk of cows,2014,21843
Export Quantity,t,Skim milk of cows,2014,15295.32
Export Value,1000 USD,Skim milk of cows,2014,15479
Import Quantity,t,Skim milk of cows,2015,24836.76
Import Value,1000 USD,Skim milk of cows,2015,15705
Export Quantity,t,Skim milk of cows,2015,12857.79
Export Value,1000 USD,Skim milk of cows,2015,12368
Import Quantity,t,Skim milk of cows,2016,34071.18
Import Value,1000 USD,Skim milk of cows,2016,17467
Export Quantity,t,Skim milk of cows,2016,17000.63
Export Value,1000 USD,Skim milk of cows,2016,14648
Import Quantity,t,Skim milk of cows,2017,55312.46
Import Value,1000 USD,Skim milk of cows,2017,25322
Export Quantity,t,Skim milk of cows,2017,15425.91
Export Value,1000 USD,Skim milk of cows,2017,15168
Import Quantity,t,Skim milk of cows,2018,89462.2
Import Value,1000 USD,Skim milk of cows,2018,31009
Export Quantity,t,Skim milk of cows,2018,11251.12
Export Value,1000 USD,Skim milk of cows,2018,16010
Import Quantity,t,Skim milk of cows,2019,27871.08
Import Value,1000 USD,Skim milk of cows,2019,16461
Export Quantity,t,Skim milk of cows,2019,29258.79
Export Value,1000 USD,Skim milk of cows,2019,21320
Import Quantity,t,Skim milk of cows,2020,29768.01
Import Value,1000 USD,Skim milk of cows,2020,28137
Export Quantity,t,Skim milk of cows,2020,16558.6
Export Value,1000 USD,Skim milk of cows,2020,10747
Import Quantity,t,Skim milk of cows,2021,20945.45
Import Value,1000 USD,Skim milk of cows,2021,13449
Export Quantity,t,Skim milk of cows,2021,19804.03
Export Value,1000 USD,Skim milk of cows,2021,15839
Import Quantity,t,Skim milk of cows,2022,28703.71
Import Value,1000 USD,Skim milk of cows,2022,18384
Export Quantity,t,Skim milk of cows,2022,6734.03
Export Value,1000 USD,Skim milk of cows,2022,10645
Import Quantity,t,Soya beans,1961,184170
Import Value,1000 USD,Soya beans,1961,19020
Export Quantity,t,Soya beans,1961,0
Export Value,1000 USD,Soya beans,1961,0
Import Quantity,t,Soya beans,1962,242900
Import Value,1000 USD,Soya beans,1962,24729
Export Quantity,t,Soya beans,1962,0
Export Value,1000 USD,Soya beans,1962,0
Import Quantity,t,Soya beans,1963,268800
Import Value,1000 USD,Soya beans,1963,29452
Export Quantity,t,Soya beans,1963,0
Export Value,1000 USD,Soya beans,1963,0
Import Quantity,t,Soya beans,1964,294390
Import Value,1000 USD,Soya beans,1964,33067
Export Quantity,t,Soya beans,1964,0
Export Value,1000 USD,Soya beans,1964,0
Import Quantity,t,Soya beans,1965,287029
Import Value,1000 USD,Soya beans,1965,33835
Export Quantity,t,Soya beans,1965,0
Export Value,1000 USD,Soya beans,1965,0
Import Quantity,t,Soya beans,1966,286175
Import Value,1000 USD,Soya beans,1966,35078
Export Quantity,t,Soya beans,1966,0
Export Value,1000 USD,Soya beans,1966,0
Import Quantity,t,Soya beans,1967,252795
Import Value,1000 USD,Soya beans,1967,29221
Export Quantity,t,Soya beans,1967,0
Export Value,1000 USD,Soya beans,1967,0
Import Quantity,t,Soya beans,1968,240662
Import Value,1000 USD,Soya beans,1968,26051
Export Quantity,t,Soya beans,1968,0
Export Value,1000 USD,Soya beans,1968,0
Import Quantity,t,Soya beans,1969,322893
Import Value,1000 USD,Soya beans,1969,34378
Export Quantity,t,Soya beans,1969,0
Export Value,1000 USD,Soya beans,1969,0
Import Quantity,t,Soya beans,1970,364713
Import Value,1000 USD,Soya beans,1970,41241
Export Quantity,t,Soya beans,1970,1515
Export Value,1000 USD,Soya beans,1970,158
Import Quantity,t,Soya beans,1971,306534
Import Value,1000 USD,Soya beans,1971,39635
Export Quantity,t,Soya beans,1971,369
Export Value,1000 USD,Soya beans,1971,32
Import Quantity,t,Soya beans,1972,537655
Import Value,1000 USD,Soya beans,1972,72340
Export Quantity,t,Soya beans,1972,54
Export Value,1000 USD,Soya beans,1972,10
Import Quantity,t,Soya beans,1973,780047
Import Value,1000 USD,Soya beans,1973,157918
Export Quantity,t,Soya beans,1973,812
Export Value,1000 USD,Soya beans,1973,137
Import Quantity,t,Soya beans,1974,797074
Import Value,1000 USD,Soya beans,1974,201687
Export Quantity,t,Soya beans,1974,162
Export Value,1000 USD,Soya beans,1974,40
Import Quantity,t,Soya beans,1975,754274
Import Value,1000 USD,Soya beans,1975,181773
Export Quantity,t,Soya beans,1975,798
Export Value,1000 USD,Soya beans,1975,124
Import Quantity,t,Soya beans,1976,1106186
Import Value,1000 USD,Soya beans,1976,243310
Export Quantity,t,Soya beans,1976,123
Export Value,1000 USD,Soya beans,1976,53
Import Quantity,t,Soya beans,1977,1127351
Import Value,1000 USD,Soya beans,1977,336478
Export Quantity,t,Soya beans,1977,2895
Export Value,1000 USD,Soya beans,1977,1224
Import Quantity,t,Soya beans,1978,1238120
Import Value,1000 USD,Soya beans,1978,333600
Export Quantity,t,Soya beans,1978,78
Export Value,1000 USD,Soya beans,1978,58
Import Quantity,t,Soya beans,1979,999144
Import Value,1000 USD,Soya beans,1979,298071
Export Quantity,t,Soya beans,1979,122
Export Value,1000 USD,Soya beans,1979,79
Import Quantity,t,Soya beans,1980,1158877
Import Value,1000 USD,Soya beans,1980,346215
Export Quantity,t,Soya beans,1980,322
Export Value,1000 USD,Soya beans,1980,283
Import Quantity,t,Soya beans,1981,1150928
Import Value,1000 USD,Soya beans,1981,344450
Export Quantity,t,Soya beans,1981,133
Export Value,1000 USD,Soya beans,1981,93
Import Quantity,t,Soya beans,1982,1139726
Import Value,1000 USD,Soya beans,1982,286555
Export Quantity,t,Soya beans,1982,303
Export Value,1000 USD,Soya beans,1982,135
Import Quantity,t,Soya beans,1983,451122
Import Value,1000 USD,Soya beans,1983,116839
Export Quantity,t,Soya beans,1983,219
Export Value,1000 USD,Soya beans,1983,114
Import Quantity,t,Soya beans,1984,516931
Import Value,1000 USD,Soya beans,1984,153084
Export Quantity,t,Soya beans,1984,789
Export Value,1000 USD,Soya beans,1984,264
Import Quantity,t,Soya beans,1985,523816
Import Value,1000 USD,Soya beans,1985,126684
Export Quantity,t,Soya beans,1985,81
Export Value,1000 USD,Soya beans,1985,27
Import Quantity,t,Soya beans,1986,660151
Import Value,1000 USD,Soya beans,1986,145660
Export Quantity,t,Soya beans,1986,341
Export Value,1000 USD,Soya beans,1986,167
Import Quantity,t,Soya beans,1987,561168
Import Value,1000 USD,Soya beans,1987,131984
Export Quantity,t,Soya beans,1987,884
Export Value,1000 USD,Soya beans,1987,431
Import Quantity,t,Soya beans,1988,688649
Import Value,1000 USD,Soya beans,1988,194392
Export Quantity,t,Soya beans,1988,954
Export Value,1000 USD,Soya beans,1988,584
Import Quantity,t,Soya beans,1989,619879
Import Value,1000 USD,Soya beans,1989,175307
Export Quantity,t,Soya beans,1989,827
Export Value,1000 USD,Soya beans,1989,549
Import Quantity,t,Soya beans,1990,763090
Import Value,1000 USD,Soya beans,1990,188856
Export Quantity,t,Soya beans,1990,1197
Export Value,1000 USD,Soya beans,1990,654
Import Quantity,t,Soya beans,1991,621224
Import Value,1000 USD,Soya beans,1991,152172
Export Quantity,t,Soya beans,1991,1058
Export Value,1000 USD,Soya beans,1991,650
Import Quantity,t,Soya beans,1992,646651
Import Value,1000 USD,Soya beans,1992,158809
Export Quantity,t,Soya beans,1992,1847
Export Value,1000 USD,Soya beans,1992,936
Import Quantity,t,Soya beans,1993,727225
Import Value,1000 USD,Soya beans,1993,181245
Export Quantity,t,Soya beans,1993,1402
Export Value,1000 USD,Soya beans,1993,645
Import Quantity,t,Soya beans,1994,644242
Import Value,1000 USD,Soya beans,1994,166189
Export Quantity,t,Soya beans,1994,4929
Export Value,1000 USD,Soya beans,1994,1929
Import Quantity,t,Soya beans,1995,656101
Import Value,1000 USD,Soya beans,1995,162787
Export Quantity,t,Soya beans,1995,5268
Export Value,1000 USD,Soya beans,1995,1534
Import Quantity,t,Soya beans,1996,1010895
Import Value,1000 USD,Soya beans,1996,315122
Export Quantity,t,Soya beans,1996,3273
Export Value,1000 USD,Soya beans,1996,1567
Import Quantity,t,Soya beans,1997,969631
Import Value,1000 USD,Soya beans,1997,313661
Export Quantity,t,Soya beans,1997,10487
Export Value,1000 USD,Soya beans,1997,3455
Import Quantity,t,Soya beans,1998,1043387
Import Value,1000 USD,Soya beans,1998,264171
Export Quantity,t,Soya beans,1998,12885
Export Value,1000 USD,Soya beans,1998,3211
Import Quantity,t,Soya beans,1999,639590
Import Value,1000 USD,Soya beans,1999,127278
Export Quantity,t,Soya beans,1999,7644
Export Value,1000 USD,Soya beans,1999,2666
Import Quantity,t,Soya beans,2000,776112
Import Value,1000 USD,Soya beans,2000,167101
Export Quantity,t,Soya beans,2000,10549
Export Value,1000 USD,Soya beans,2000,1529
Import Quantity,t,Soya beans,2001,878587
Import Value,1000 USD,Soya beans,2001,182911
Export Quantity,t,Soya beans,2001,2012
Export Value,1000 USD,Soya beans,2001,630
Import Quantity,t,Soya beans,2002,982245
Import Value,1000 USD,Soya beans,2002,217693
Export Quantity,t,Soya beans,2002,8077
Export Value,1000 USD,Soya beans,2002,2412
Import Quantity,t,Soya beans,2003,967361
Import Value,1000 USD,Soya beans,2003,258416
Export Quantity,t,Soya beans,2003,10471
Export Value,1000 USD,Soya beans,2003,2737
Import Quantity,t,Soya beans,2004,731428
Import Value,1000 USD,Soya beans,2004,238180
Export Quantity,t,Soya beans,2004,2628
Export Value,1000 USD,Soya beans,2004,1686
Import Quantity,t,Soya beans,2005,776493
Import Value,1000 USD,Soya beans,2005,224788
Export Quantity,t,Soya beans,2005,2854
Export Value,1000 USD,Soya beans,2005,1704
Import Quantity,t,Soya beans,2006,721481
Import Value,1000 USD,Soya beans,2006,219501
Export Quantity,t,Soya beans,2006,15806
Export Value,1000 USD,Soya beans,2006,7296
Import Quantity,t,Soya beans,2007,819061
Import Value,1000 USD,Soya beans,2007,310045
Export Quantity,t,Soya beans,2007,13387
Export Value,1000 USD,Soya beans,2007,5465
Import Quantity,t,Soya beans,2008,781480
Import Value,1000 USD,Soya beans,2008,411264
Export Quantity,t,Soya beans,2008,2407
Export Value,1000 USD,Soya beans,2008,2250
Import Quantity,t,Soya beans,2009,904967
Import Value,1000 USD,Soya beans,2009,425313
Export Quantity,t,Soya beans,2009,4371
Export Value,1000 USD,Soya beans,2009,3129
Import Quantity,t,Soya beans,2010,858223
Import Value,1000 USD,Soya beans,2010,400939
Export Quantity,t,Soya beans,2010,11163
Export Value,1000 USD,Soya beans,2010,6179
Import Quantity,t,Soya beans,2011,772249
Import Value,1000 USD,Soya beans,2011,437655
Export Quantity,t,Soya beans,2011,713
Export Value,1000 USD,Soya beans,2011,610
Import Quantity,t,Soya beans,2012,803392
Import Value,1000 USD,Soya beans,2012,483785
Export Quantity,t,Soya beans,2012,1028
Export Value,1000 USD,Soya beans,2012,938
Import Quantity,t,Soya beans,2013,657943
Import Value,1000 USD,Soya beans,2013,378864
Export Quantity,t,Soya beans,2013,470
Export Value,1000 USD,Soya beans,2013,690
Import Quantity,t,Soya beans,2014,824211.91
Import Value,1000 USD,Soya beans,2014,439011
Export Quantity,t,Soya beans,2014,1525.16
Export Value,1000 USD,Soya beans,2014,850
Import Quantity,t,Soya beans,2015,776070.1
Import Value,1000 USD,Soya beans,2015,323515
Export Quantity,t,Soya beans,2015,5385.76
Export Value,1000 USD,Soya beans,2015,2342
Import Quantity,t,Soya beans,2016,724970.16
Import Value,1000 USD,Soya beans,2016,300249
Export Quantity,t,Soya beans,2016,9339.26
Export Value,1000 USD,Soya beans,2016,2002
Import Quantity,t,Soya beans,2017,756784.1
Import Value,1000 USD,Soya beans,2017,315824
Export Quantity,t,Soya beans,2017,11330.67
Export Value,1000 USD,Soya beans,2017,3336
Import Quantity,t,Soya beans,2018,811431.9
Import Value,1000 USD,Soya beans,2018,328355
Export Quantity,t,Soya beans,2018,21090.22
Export Value,1000 USD,Soya beans,2018,7449
Import Quantity,t,Soya beans,2019,642696.49
Import Value,1000 USD,Soya beans,2019,248479
Export Quantity,t,Soya beans,2019,23047.24
Export Value,1000 USD,Soya beans,2019,8027
Import Quantity,t,Soya beans,2020,814994.99
Import Value,1000 USD,Soya beans,2020,362920
Export Quantity,t,Soya beans,2020,23274.65
Export Value,1000 USD,Soya beans,2020,8823
Import Quantity,t,Soya beans,2021,583761.79
Import Value,1000 USD,Soya beans,2021,335009
Export Quantity,t,Soya beans,2021,519.64
Export Value,1000 USD,Soya beans,2021,584
Import Quantity,t,Soya beans,2022,906606.67
Import Value,1000 USD,Soya beans,2022,577390
Export Quantity,t,Soya beans,2022,624.45
Export Value,1000 USD,Soya beans,2022,813
Import Quantity,t,Soya sauce,1961,0
Import Value,1000 USD,Soya sauce,1961,0
Export Quantity,t,Soya sauce,1961,0
Export Value,1000 USD,Soya sauce,1961,0
Import Quantity,t,Soya sauce,1962,0
Import Value,1000 USD,Soya sauce,1962,0
Export Quantity,t,Soya sauce,1962,0
Export Value,1000 USD,Soya sauce,1962,0
Import Quantity,t,Soya sauce,1963,0
Import Value,1000 USD,Soya sauce,1963,0
Export Quantity,t,Soya sauce,1963,0
Export Value,1000 USD,Soya sauce,1963,0
Import Quantity,t,Soya sauce,1964,0
Import Value,1000 USD,Soya sauce,1964,0
Export Quantity,t,Soya sauce,1964,0
Export Value,1000 USD,Soya sauce,1964,0
Import Quantity,t,Soya sauce,1965,0
Import Value,1000 USD,Soya sauce,1965,0
Export Quantity,t,Soya sauce,1965,0
Export Value,1000 USD,Soya sauce,1965,0
Import Quantity,t,Soya sauce,1966,0
Import Value,1000 USD,Soya sauce,1966,0
Export Quantity,t,Soya sauce,1966,0
Export Value,1000 USD,Soya sauce,1966,0
Import Quantity,t,Soya sauce,1967,0
Import Value,1000 USD,Soya sauce,1967,0
Export Quantity,t,Soya sauce,1967,0
Export Value,1000 USD,Soya sauce,1967,0
Import Quantity,t,Soya sauce,1968,0
Import Value,1000 USD,Soya sauce,1968,0
Export Quantity,t,Soya sauce,1968,0
Export Value,1000 USD,Soya sauce,1968,0
Import Quantity,t,Soya sauce,1969,0
Import Value,1000 USD,Soya sauce,1969,0
Export Quantity,t,Soya sauce,1969,0
Export Value,1000 USD,Soya sauce,1969,0
Import Quantity,t,Soya sauce,1970,0
Import Value,1000 USD,Soya sauce,1970,0
Export Quantity,t,Soya sauce,1970,0
Export Value,1000 USD,Soya sauce,1970,0
Import Quantity,t,Soya sauce,1971,0
Import Value,1000 USD,Soya sauce,1971,0
Export Quantity,t,Soya sauce,1971,0
Export Value,1000 USD,Soya sauce,1971,0
Import Quantity,t,Soya sauce,1972,0
Import Value,1000 USD,Soya sauce,1972,0
Export Quantity,t,Soya sauce,1972,0
Export Value,1000 USD,Soya sauce,1972,0
Import Quantity,t,Soya sauce,1973,0
Import Value,1000 USD,Soya sauce,1973,0
Export Quantity,t,Soya sauce,1973,0
Export Value,1000 USD,Soya sauce,1973,0
Import Quantity,t,Soya sauce,1974,0
Import Value,1000 USD,Soya sauce,1974,0
Export Quantity,t,Soya sauce,1974,0
Export Value,1000 USD,Soya sauce,1974,0
Import Quantity,t,Soya sauce,1975,0
Import Value,1000 USD,Soya sauce,1975,0
Export Quantity,t,Soya sauce,1975,0
Export Value,1000 USD,Soya sauce,1975,0
Import Quantity,t,Soya sauce,1976,0
Import Value,1000 USD,Soya sauce,1976,0
Export Quantity,t,Soya sauce,1976,0
Export Value,1000 USD,Soya sauce,1976,0
Import Quantity,t,Soya sauce,1977,0
Import Value,1000 USD,Soya sauce,1977,0
Export Quantity,t,Soya sauce,1977,0
Export Value,1000 USD,Soya sauce,1977,0
Import Quantity,t,Soya sauce,1978,0
Import Value,1000 USD,Soya sauce,1978,0
Export Quantity,t,Soya sauce,1978,0
Export Value,1000 USD,Soya sauce,1978,0
Import Quantity,t,Soya sauce,1979,0
Import Value,1000 USD,Soya sauce,1979,0
Export Quantity,t,Soya sauce,1979,0
Export Value,1000 USD,Soya sauce,1979,0
Import Quantity,t,Soya sauce,1980,0
Import Value,1000 USD,Soya sauce,1980,0
Export Quantity,t,Soya sauce,1980,0
Export Value,1000 USD,Soya sauce,1980,0
Import Quantity,t,Soya sauce,1981,0
Import Value,1000 USD,Soya sauce,1981,0
Export Quantity,t,Soya sauce,1981,0
Export Value,1000 USD,Soya sauce,1981,0
Import Quantity,t,Soya sauce,1982,0
Import Value,1000 USD,Soya sauce,1982,0
Export Quantity,t,Soya sauce,1982,0
Export Value,1000 USD,Soya sauce,1982,0
Import Quantity,t,Soya sauce,1983,0
Import Value,1000 USD,Soya sauce,1983,0
Export Quantity,t,Soya sauce,1983,0
Export Value,1000 USD,Soya sauce,1983,0
Import Quantity,t,Soya sauce,1984,0
Import Value,1000 USD,Soya sauce,1984,0
Export Quantity,t,Soya sauce,1984,0
Export Value,1000 USD,Soya sauce,1984,0
Import Quantity,t,Soya sauce,1985,0
Import Value,1000 USD,Soya sauce,1985,0
Export Quantity,t,Soya sauce,1985,0
Export Value,1000 USD,Soya sauce,1985,0
Import Quantity,t,Soya sauce,1986,0
Import Value,1000 USD,Soya sauce,1986,0
Export Quantity,t,Soya sauce,1986,0
Export Value,1000 USD,Soya sauce,1986,0
Import Quantity,t,Soya sauce,1987,0
Import Value,1000 USD,Soya sauce,1987,0
Export Quantity,t,Soya sauce,1987,0
Export Value,1000 USD,Soya sauce,1987,0
Import Quantity,t,Soya sauce,1988,4518
Import Value,1000 USD,Soya sauce,1988,4327
Export Quantity,t,Soya sauce,1988,724
Export Value,1000 USD,Soya sauce,1988,1299
Import Quantity,t,Soya sauce,1989,4711
Import Value,1000 USD,Soya sauce,1989,4708
Export Quantity,t,Soya sauce,1989,472
Export Value,1000 USD,Soya sauce,1989,674
Import Quantity,t,Soya sauce,1990,4666
Import Value,1000 USD,Soya sauce,1990,5276
Export Quantity,t,Soya sauce,1990,595
Export Value,1000 USD,Soya sauce,1990,1160
Import Quantity,t,Soya sauce,1991,4855
Import Value,1000 USD,Soya sauce,1991,5697
Export Quantity,t,Soya sauce,1991,581
Export Value,1000 USD,Soya sauce,1991,1073
Import Quantity,t,Soya sauce,1992,5414
Import Value,1000 USD,Soya sauce,1992,7133
Export Quantity,t,Soya sauce,1992,970
Export Value,1000 USD,Soya sauce,1992,1739
Import Quantity,t,Soya sauce,1993,6149
Import Value,1000 USD,Soya sauce,1993,7082
Export Quantity,t,Soya sauce,1993,574
Export Value,1000 USD,Soya sauce,1993,1028
Import Quantity,t,Soya sauce,1994,5566
Import Value,1000 USD,Soya sauce,1994,8037
Export Quantity,t,Soya sauce,1994,600
Export Value,1000 USD,Soya sauce,1994,1149
Import Quantity,t,Soya sauce,1995,6856
Import Value,1000 USD,Soya sauce,1995,9875
Export Quantity,t,Soya sauce,1995,644
Export Value,1000 USD,Soya sauce,1995,1364
Import Quantity,t,Soya sauce,1996,9222
Import Value,1000 USD,Soya sauce,1996,10892
Export Quantity,t,Soya sauce,1996,470
Export Value,1000 USD,Soya sauce,1996,1521
Import Quantity,t,Soya sauce,1997,7950
Import Value,1000 USD,Soya sauce,1997,10119
Export Quantity,t,Soya sauce,1997,338
Export Value,1000 USD,Soya sauce,1997,1032
Import Quantity,t,Soya sauce,1998,8039
Import Value,1000 USD,Soya sauce,1998,9847
Export Quantity,t,Soya sauce,1998,684
Export Value,1000 USD,Soya sauce,1998,2062
Import Quantity,t,Soya sauce,1999,8437
Import Value,1000 USD,Soya sauce,1999,10368
Export Quantity,t,Soya sauce,1999,969
Export Value,1000 USD,Soya sauce,1999,1825
Import Quantity,t,Soya sauce,2000,11130
Import Value,1000 USD,Soya sauce,2000,12110
Export Quantity,t,Soya sauce,2000,1307
Export Value,1000 USD,Soya sauce,2000,2603
Import Quantity,t,Soya sauce,2001,10137
Import Value,1000 USD,Soya sauce,2001,11454
Export Quantity,t,Soya sauce,2001,1258
Export Value,1000 USD,Soya sauce,2001,2327
Import Quantity,t,Soya sauce,2002,11772
Import Value,1000 USD,Soya sauce,2002,12727
Export Quantity,t,Soya sauce,2002,1691
Export Value,1000 USD,Soya sauce,2002,2906
Import Quantity,t,Soya sauce,2003,11750
Import Value,1000 USD,Soya sauce,2003,13260
Export Quantity,t,Soya sauce,2003,1972
Export Value,1000 USD,Soya sauce,2003,3959
Import Quantity,t,Soya sauce,2004,12793
Import Value,1000 USD,Soya sauce,2004,13304
Export Quantity,t,Soya sauce,2004,2485
Export Value,1000 USD,Soya sauce,2004,5230
Import Quantity,t,Soya sauce,2005,12973
Import Value,1000 USD,Soya sauce,2005,16605
Export Quantity,t,Soya sauce,2005,2839
Export Value,1000 USD,Soya sauce,2005,5909
Import Quantity,t,Soya sauce,2006,12915
Import Value,1000 USD,Soya sauce,2006,18164
Export Quantity,t,Soya sauce,2006,2677
Export Value,1000 USD,Soya sauce,2006,8435
Import Quantity,t,Soya sauce,2007,14640
Import Value,1000 USD,Soya sauce,2007,21851
Export Quantity,t,Soya sauce,2007,1687
Export Value,1000 USD,Soya sauce,2007,5167
Import Quantity,t,Soya sauce,2008,14130
Import Value,1000 USD,Soya sauce,2008,22443
Export Quantity,t,Soya sauce,2008,1928
Export Value,1000 USD,Soya sauce,2008,5024
Import Quantity,t,Soya sauce,2009,14403
Import Value,1000 USD,Soya sauce,2009,19683
Export Quantity,t,Soya sauce,2009,2238
Export Value,1000 USD,Soya sauce,2009,5618
Import Quantity,t,Soya sauce,2010,19258
Import Value,1000 USD,Soya sauce,2010,23640
Export Quantity,t,Soya sauce,2010,2998
Export Value,1000 USD,Soya sauce,2010,7039
Import Quantity,t,Soya sauce,2011,19576
Import Value,1000 USD,Soya sauce,2011,27444
Export Quantity,t,Soya sauce,2011,3316
Export Value,1000 USD,Soya sauce,2011,8125
Import Quantity,t,Soya sauce,2012,19887
Import Value,1000 USD,Soya sauce,2012,28975
Export Quantity,t,Soya sauce,2012,5277
Export Value,1000 USD,Soya sauce,2012,12658
Import Quantity,t,Soya sauce,2013,20109
Import Value,1000 USD,Soya sauce,2013,32258
Export Quantity,t,Soya sauce,2013,10978
Export Value,1000 USD,Soya sauce,2013,13309
Import Quantity,t,Soya sauce,2014,18445.3
Import Value,1000 USD,Soya sauce,2014,31531
Export Quantity,t,Soya sauce,2014,4130.2
Export Value,1000 USD,Soya sauce,2014,10650
Import Quantity,t,Soya sauce,2015,20735
Import Value,1000 USD,Soya sauce,2015,32252
Export Quantity,t,Soya sauce,2015,4708.15
Export Value,1000 USD,Soya sauce,2015,9977
Import Quantity,t,Soya sauce,2016,21065.88
Import Value,1000 USD,Soya sauce,2016,32527
Export Quantity,t,Soya sauce,2016,5975.41
Export Value,1000 USD,Soya sauce,2016,10299
Import Quantity,t,Soya sauce,2017,19807.26
Import Value,1000 USD,Soya sauce,2017,32345
Export Quantity,t,Soya sauce,2017,6001.15
Export Value,1000 USD,Soya sauce,2017,10598
Import Quantity,t,Soya sauce,2018,19395.41
Import Value,1000 USD,Soya sauce,2018,32309
Export Quantity,t,Soya sauce,2018,7113.39
Export Value,1000 USD,Soya sauce,2018,12158
Import Quantity,t,Soya sauce,2019,22230.72
Import Value,1000 USD,Soya sauce,2019,35397
Export Quantity,t,Soya sauce,2019,5895.91
Export Value,1000 USD,Soya sauce,2019,10702
Import Quantity,t,Soya sauce,2020,26314.79
Import Value,1000 USD,Soya sauce,2020,41674
Export Quantity,t,Soya sauce,2020,3437.53
Export Value,1000 USD,Soya sauce,2020,8118
Import Quantity,t,Soya sauce,2021,27681.5
Import Value,1000 USD,Soya sauce,2021,49117
Export Quantity,t,Soya sauce,2021,3807.8
Export Value,1000 USD,Soya sauce,2021,11013
Import Quantity,t,Soya sauce,2022,22626.27
Import Value,1000 USD,Soya sauce,2022,47133
Export Quantity,t,Soya sauce,2022,3377.66
Export Value,1000 USD,Soya sauce,2022,8697
Import Quantity,t,Spinach,1961,0
Import Value,1000 USD,Spinach,1961,0
Export Quantity,t,Spinach,1961,0
Export Value,1000 USD,Spinach,1961,0
Import Quantity,t,Spinach,1962,0
Import Value,1000 USD,Spinach,1962,0
Export Quantity,t,Spinach,1962,0
Export Value,1000 USD,Spinach,1962,0
Import Quantity,t,Spinach,1963,0
Import Value,1000 USD,Spinach,1963,0
Export Quantity,t,Spinach,1963,0
Export Value,1000 USD,Spinach,1963,0
Import Quantity,t,Spinach,1964,0
Import Value,1000 USD,Spinach,1964,0
Export Quantity,t,Spinach,1964,0
Export Value,1000 USD,Spinach,1964,0
Import Quantity,t,Spinach,1965,0
Import Value,1000 USD,Spinach,1965,0
Export Quantity,t,Spinach,1965,0
Export Value,1000 USD,Spinach,1965,0
Import Quantity,t,Spinach,1966,0
Import Value,1000 USD,Spinach,1966,0
Export Quantity,t,Spinach,1966,0
Export Value,1000 USD,Spinach,1966,0
Import Quantity,t,Spinach,1967,0
Import Value,1000 USD,Spinach,1967,0
Export Quantity,t,Spinach,1967,0
Export Value,1000 USD,Spinach,1967,0
Import Quantity,t,Spinach,1968,0
Import Value,1000 USD,Spinach,1968,0
Export Quantity,t,Spinach,1968,0
Export Value,1000 USD,Spinach,1968,0
Import Quantity,t,Spinach,1969,0
Import Value,1000 USD,Spinach,1969,0
Export Quantity,t,Spinach,1969,0
Export Value,1000 USD,Spinach,1969,0
Import Quantity,t,Spinach,1970,0
Import Value,1000 USD,Spinach,1970,0
Export Quantity,t,Spinach,1970,0
Export Value,1000 USD,Spinach,1970,0
Import Quantity,t,Spinach,1971,0
Import Value,1000 USD,Spinach,1971,0
Export Quantity,t,Spinach,1971,0
Export Value,1000 USD,Spinach,1971,0
Import Quantity,t,Spinach,1972,0
Import Value,1000 USD,Spinach,1972,0
Export Quantity,t,Spinach,1972,0
Export Value,1000 USD,Spinach,1972,0
Import Quantity,t,Spinach,1973,302
Import Value,1000 USD,Spinach,1973,139
Export Quantity,t,Spinach,1973,0
Export Value,1000 USD,Spinach,1973,0
Import Quantity,t,Spinach,1974,184
Import Value,1000 USD,Spinach,1974,113
Export Quantity,t,Spinach,1974,0
Export Value,1000 USD,Spinach,1974,0
Import Quantity,t,Spinach,1975,171
Import Value,1000 USD,Spinach,1975,113
Export Quantity,t,Spinach,1975,0
Export Value,1000 USD,Spinach,1975,0
Import Quantity,t,Spinach,1976,205
Import Value,1000 USD,Spinach,1976,150
Export Quantity,t,Spinach,1976,0
Export Value,1000 USD,Spinach,1976,0
Import Quantity,t,Spinach,1977,200
Import Value,1000 USD,Spinach,1977,188
Export Quantity,t,Spinach,1977,0
Export Value,1000 USD,Spinach,1977,0
Import Quantity,t,Spinach,1978,271
Import Value,1000 USD,Spinach,1978,236
Export Quantity,t,Spinach,1978,0
Export Value,1000 USD,Spinach,1978,0
Import Quantity,t,Spinach,1979,339
Import Value,1000 USD,Spinach,1979,348
Export Quantity,t,Spinach,1979,0
Export Value,1000 USD,Spinach,1979,0
Import Quantity,t,Spinach,1980,310
Import Value,1000 USD,Spinach,1980,379
Export Quantity,t,Spinach,1980,1
Export Value,1000 USD,Spinach,1980,2
Import Quantity,t,Spinach,1981,273
Import Value,1000 USD,Spinach,1981,316
Export Quantity,t,Spinach,1981,16
Export Value,1000 USD,Spinach,1981,12
Import Quantity,t,Spinach,1982,668
Import Value,1000 USD,Spinach,1982,574
Export Quantity,t,Spinach,1982,8
Export Value,1000 USD,Spinach,1982,11
Import Quantity,t,Spinach,1983,511
Import Value,1000 USD,Spinach,1983,509
Export Quantity,t,Spinach,1983,0
Export Value,1000 USD,Spinach,1983,0
Import Quantity,t,Spinach,1984,587
Import Value,1000 USD,Spinach,1984,451
Export Quantity,t,Spinach,1984,0
Export Value,1000 USD,Spinach,1984,0
Import Quantity,t,Spinach,1985,933
Import Value,1000 USD,Spinach,1985,836
Export Quantity,t,Spinach,1985,65
Export Value,1000 USD,Spinach,1985,27
Import Quantity,t,Spinach,1986,409
Import Value,1000 USD,Spinach,1986,446
Export Quantity,t,Spinach,1986,0
Export Value,1000 USD,Spinach,1986,1
Import Quantity,t,Spinach,1987,650
Import Value,1000 USD,Spinach,1987,605
Export Quantity,t,Spinach,1987,2
Export Value,1000 USD,Spinach,1987,2
Import Quantity,t,Spinach,1988,631
Import Value,1000 USD,Spinach,1988,749
Export Quantity,t,Spinach,1988,69
Export Value,1000 USD,Spinach,1988,48
Import Quantity,t,Spinach,1989,1002
Import Value,1000 USD,Spinach,1989,1077
Export Quantity,t,Spinach,1989,48
Export Value,1000 USD,Spinach,1989,35
Import Quantity,t,Spinach,1990,1425
Import Value,1000 USD,Spinach,1990,2012
Export Quantity,t,Spinach,1990,28
Export Value,1000 USD,Spinach,1990,57
Import Quantity,t,Spinach,1991,1270
Import Value,1000 USD,Spinach,1991,2304
Export Quantity,t,Spinach,1991,62
Export Value,1000 USD,Spinach,1991,77
Import Quantity,t,Spinach,1992,1029
Import Value,1000 USD,Spinach,1992,1815
Export Quantity,t,Spinach,1992,61
Export Value,1000 USD,Spinach,1992,96
Import Quantity,t,Spinach,1993,1395
Import Value,1000 USD,Spinach,1993,2212
Export Quantity,t,Spinach,1993,9
Export Value,1000 USD,Spinach,1993,66
Import Quantity,t,Spinach,1994,1528
Import Value,1000 USD,Spinach,1994,2398
Export Quantity,t,Spinach,1994,18
Export Value,1000 USD,Spinach,1994,124
Import Quantity,t,Spinach,1995,1637
Import Value,1000 USD,Spinach,1995,2938
Export Quantity,t,Spinach,1995,10
Export Value,1000 USD,Spinach,1995,79
Import Quantity,t,Spinach,1996,2160
Import Value,1000 USD,Spinach,1996,3998
Export Quantity,t,Spinach,1996,28
Export Value,1000 USD,Spinach,1996,188
Import Quantity,t,Spinach,1997,2701
Import Value,1000 USD,Spinach,1997,5136
Export Quantity,t,Spinach,1997,93
Export Value,1000 USD,Spinach,1997,280
Import Quantity,t,Spinach,1998,3876
Import Value,1000 USD,Spinach,1998,8415
Export Quantity,t,Spinach,1998,64
Export Value,1000 USD,Spinach,1998,309
Import Quantity,t,Spinach,1999,4937
Import Value,1000 USD,Spinach,1999,8132
Export Quantity,t,Spinach,1999,58
Export Value,1000 USD,Spinach,1999,243
Import Quantity,t,Spinach,2000,4627
Import Value,1000 USD,Spinach,2000,7771
Export Quantity,t,Spinach,2000,74
Export Value,1000 USD,Spinach,2000,283
Import Quantity,t,Spinach,2001,7166
Import Value,1000 USD,Spinach,2001,11742
Export Quantity,t,Spinach,2001,80
Export Value,1000 USD,Spinach,2001,395
Import Quantity,t,Spinach,2002,4529
Import Value,1000 USD,Spinach,2002,10057
Export Quantity,t,Spinach,2002,66
Export Value,1000 USD,Spinach,2002,545
Import Quantity,t,Spinach,2003,3506
Import Value,1000 USD,Spinach,2003,10291
Export Quantity,t,Spinach,2003,87
Export Value,1000 USD,Spinach,2003,571
Import Quantity,t,Spinach,2004,5273
Import Value,1000 USD,Spinach,2004,16489
Export Quantity,t,Spinach,2004,165
Export Value,1000 USD,Spinach,2004,937
Import Quantity,t,Spinach,2005,8324
Import Value,1000 USD,Spinach,2005,25704
Export Quantity,t,Spinach,2005,115
Export Value,1000 USD,Spinach,2005,722
Import Quantity,t,Spinach,2006,10182
Import Value,1000 USD,Spinach,2006,30590
Export Quantity,t,Spinach,2006,143
Export Value,1000 USD,Spinach,2006,755
Import Quantity,t,Spinach,2007,11269
Import Value,1000 USD,Spinach,2007,34558
Export Quantity,t,Spinach,2007,212
Export Value,1000 USD,Spinach,2007,1189
Import Quantity,t,Spinach,2008,13661
Import Value,1000 USD,Spinach,2008,40891
Export Quantity,t,Spinach,2008,501
Export Value,1000 USD,Spinach,2008,1852
Import Quantity,t,Spinach,2009,11208
Import Value,1000 USD,Spinach,2009,33411
Export Quantity,t,Spinach,2009,289
Export Value,1000 USD,Spinach,2009,1200
Import Quantity,t,Spinach,2010,10954
Import Value,1000 USD,Spinach,2010,29446
Export Quantity,t,Spinach,2010,454
Export Value,1000 USD,Spinach,2010,2737
Import Quantity,t,Spinach,2011,10644
Import Value,1000 USD,Spinach,2011,26571
Export Quantity,t,Spinach,2011,418
Export Value,1000 USD,Spinach,2011,1879
Import Quantity,t,Spinach,2012,11749
Import Value,1000 USD,Spinach,2012,27817
Export Quantity,t,Spinach,2012,202
Export Value,1000 USD,Spinach,2012,857
Import Quantity,t,Spinach,2013,14243
Import Value,1000 USD,Spinach,2013,31450
Export Quantity,t,Spinach,2013,301
Export Value,1000 USD,Spinach,2013,1023
Import Quantity,t,Spinach,2014,12243.7
Import Value,1000 USD,Spinach,2014,31195
Export Quantity,t,Spinach,2014,246.11
Export Value,1000 USD,Spinach,2014,1113
Import Quantity,t,Spinach,2015,15456.13
Import Value,1000 USD,Spinach,2015,36168
Export Quantity,t,Spinach,2015,494.63
Export Value,1000 USD,Spinach,2015,1778
Import Quantity,t,Spinach,2016,17734.47
Import Value,1000 USD,Spinach,2016,39337
Export Quantity,t,Spinach,2016,560.57
Export Value,1000 USD,Spinach,2016,2361
Import Quantity,t,Spinach,2017,17643.79
Import Value,1000 USD,Spinach,2017,37637
Export Quantity,t,Spinach,2017,1079.63
Export Value,1000 USD,Spinach,2017,3186
Import Quantity,t,Spinach,2018,15407.25
Import Value,1000 USD,Spinach,2018,37943
Export Quantity,t,Spinach,2018,1391.19
Export Value,1000 USD,Spinach,2018,4193
Import Quantity,t,Spinach,2019,15368.43
Import Value,1000 USD,Spinach,2019,33822
Export Quantity,t,Spinach,2019,1003.28
Export Value,1000 USD,Spinach,2019,2863
Import Quantity,t,Spinach,2020,20981.44
Import Value,1000 USD,Spinach,2020,45906
Export Quantity,t,Spinach,2020,752.07
Export Value,1000 USD,Spinach,2020,1950
Import Quantity,t,Spinach,2021,20950.87
Import Value,1000 USD,Spinach,2021,50105
Export Quantity,t,Spinach,2021,729.32
Export Value,1000 USD,Spinach,2021,1721
Import Quantity,t,Spinach,2022,26454.06
Import Value,1000 USD,Spinach,2022,59997
Export Quantity,t,Spinach,2022,881.18
Export Value,1000 USD,Spinach,2022,2241
Import Quantity,t,Strawberries,1961,1034
Import Value,1000 USD,Strawberries,1961,924
Export Quantity,t,Strawberries,1961,0
Export Value,1000 USD,Strawberries,1961,0
Import Quantity,t,Strawberries,1962,598
Import Value,1000 USD,Strawberries,1962,973
Export Quantity,t,Strawberries,1962,0
Export Value,1000 USD,Strawberries,1962,0
Import Quantity,t,Strawberries,1963,576
Import Value,1000 USD,Strawberries,1963,1043
Export Quantity,t,Strawberries,1963,0
Export Value,1000 USD,Strawberries,1963,0
Import Quantity,t,Strawberries,1964,685
Import Value,1000 USD,Strawberries,1964,985
Export Quantity,t,Strawberries,1964,0
Export Value,1000 USD,Strawberries,1964,0
Import Quantity,t,Strawberries,1965,594
Import Value,1000 USD,Strawberries,1965,1235
Export Quantity,t,Strawberries,1965,0
Export Value,1000 USD,Strawberries,1965,0
Import Quantity,t,Strawberries,1966,863
Import Value,1000 USD,Strawberries,1966,1168
Export Quantity,t,Strawberries,1966,0
Export Value,1000 USD,Strawberries,1966,0
Import Quantity,t,Strawberries,1967,741
Import Value,1000 USD,Strawberries,1967,1041
Export Quantity,t,Strawberries,1967,0
Export Value,1000 USD,Strawberries,1967,0
Import Quantity,t,Strawberries,1968,809
Import Value,1000 USD,Strawberries,1968,1109
Export Quantity,t,Strawberries,1968,0
Export Value,1000 USD,Strawberries,1968,0
Import Quantity,t,Strawberries,1969,1018
Import Value,1000 USD,Strawberries,1969,1472
Export Quantity,t,Strawberries,1969,0
Export Value,1000 USD,Strawberries,1969,0
Import Quantity,t,Strawberries,1970,1259
Import Value,1000 USD,Strawberries,1970,1863
Export Quantity,t,Strawberries,1970,0
Export Value,1000 USD,Strawberries,1970,0
Import Quantity,t,Strawberries,1971,1945
Import Value,1000 USD,Strawberries,1971,2699
Export Quantity,t,Strawberries,1971,0
Export Value,1000 USD,Strawberries,1971,0
Import Quantity,t,Strawberries,1972,2133
Import Value,1000 USD,Strawberries,1972,2927
Export Quantity,t,Strawberries,1972,0
Export Value,1000 USD,Strawberries,1972,0
Import Quantity,t,Strawberries,1973,1837
Import Value,1000 USD,Strawberries,1973,3399
Export Quantity,t,Strawberries,1973,0
Export Value,1000 USD,Strawberries,1973,0
Import Quantity,t,Strawberries,1974,1800
Import Value,1000 USD,Strawberries,1974,3545
Export Quantity,t,Strawberries,1974,0
Export Value,1000 USD,Strawberries,1974,0
Import Quantity,t,Strawberries,1975,1801
Import Value,1000 USD,Strawberries,1975,3720
Export Quantity,t,Strawberries,1975,0
Export Value,1000 USD,Strawberries,1975,0
Import Quantity,t,Strawberries,1976,1308
Import Value,1000 USD,Strawberries,1976,2978
Export Quantity,t,Strawberries,1976,107
Export Value,1000 USD,Strawberries,1976,70
Import Quantity,t,Strawberries,1977,2085
Import Value,1000 USD,Strawberries,1977,4725
Export Quantity,t,Strawberries,1977,54
Export Value,1000 USD,Strawberries,1977,59
Import Quantity,t,Strawberries,1978,4076
Import Value,1000 USD,Strawberries,1978,9181
Export Quantity,t,Strawberries,1978,44
Export Value,1000 USD,Strawberries,1978,106
Import Quantity,t,Strawberries,1979,5501
Import Value,1000 USD,Strawberries,1979,13101
Export Quantity,t,Strawberries,1979,86
Export Value,1000 USD,Strawberries,1979,185
Import Quantity,t,Strawberries,1980,6875
Import Value,1000 USD,Strawberries,1980,19299
Export Quantity,t,Strawberries,1980,86
Export Value,1000 USD,Strawberries,1980,195
Import Quantity,t,Strawberries,1981,7812
Import Value,1000 USD,Strawberries,1981,17530
Export Quantity,t,Strawberries,1981,196
Export Value,1000 USD,Strawberries,1981,235
Import Quantity,t,Strawberries,1982,7434
Import Value,1000 USD,Strawberries,1982,17776
Export Quantity,t,Strawberries,1982,145
Export Value,1000 USD,Strawberries,1982,303
Import Quantity,t,Strawberries,1983,8994
Import Value,1000 USD,Strawberries,1983,18188
Export Quantity,t,Strawberries,1983,58
Export Value,1000 USD,Strawberries,1983,149
Import Quantity,t,Strawberries,1984,10175
Import Value,1000 USD,Strawberries,1984,17951
Export Quantity,t,Strawberries,1984,82
Export Value,1000 USD,Strawberries,1984,171
Import Quantity,t,Strawberries,1985,12513
Import Value,1000 USD,Strawberries,1985,17503
Export Quantity,t,Strawberries,1985,173
Export Value,1000 USD,Strawberries,1985,282
Import Quantity,t,Strawberries,1986,13735
Import Value,1000 USD,Strawberries,1986,28241
Export Quantity,t,Strawberries,1986,111
Export Value,1000 USD,Strawberries,1986,210
Import Quantity,t,Strawberries,1987,15437
Import Value,1000 USD,Strawberries,1987,33508
Export Quantity,t,Strawberries,1987,91
Export Value,1000 USD,Strawberries,1987,159
Import Quantity,t,Strawberries,1988,17560
Import Value,1000 USD,Strawberries,1988,41291
Export Quantity,t,Strawberries,1988,233
Export Value,1000 USD,Strawberries,1988,445
Import Quantity,t,Strawberries,1989,19691
Import Value,1000 USD,Strawberries,1989,44540
Export Quantity,t,Strawberries,1989,112
Export Value,1000 USD,Strawberries,1989,213
Import Quantity,t,Strawberries,1990,19086
Import Value,1000 USD,Strawberries,1990,55634
Export Quantity,t,Strawberries,1990,209
Export Value,1000 USD,Strawberries,1990,362
Import Quantity,t,Strawberries,1991,19838
Import Value,1000 USD,Strawberries,1991,57052
Export Quantity,t,Strawberries,1991,341
Export Value,1000 USD,Strawberries,1991,499
Import Quantity,t,Strawberries,1992,21756
Import Value,1000 USD,Strawberries,1992,62920
Export Quantity,t,Strawberries,1992,375
Export Value,1000 USD,Strawberries,1992,526
Import Quantity,t,Strawberries,1993,19384
Import Value,1000 USD,Strawberries,1993,44213
Export Quantity,t,Strawberries,1993,34
Export Value,1000 USD,Strawberries,1993,162
Import Quantity,t,Strawberries,1994,26485
Import Value,1000 USD,Strawberries,1994,61117
Export Quantity,t,Strawberries,1994,69
Export Value,1000 USD,Strawberries,1994,424
Import Quantity,t,Strawberries,1995,25480
Import Value,1000 USD,Strawberries,1995,63668
Export Quantity,t,Strawberries,1995,129
Export Value,1000 USD,Strawberries,1995,440
Import Quantity,t,Strawberries,1996,26370
Import Value,1000 USD,Strawberries,1996,62397
Export Quantity,t,Strawberries,1996,181
Export Value,1000 USD,Strawberries,1996,880
Import Quantity,t,Strawberries,1997,32112
Import Value,1000 USD,Strawberries,1997,72445
Export Quantity,t,Strawberries,1997,349
Export Value,1000 USD,Strawberries,1997,1208
Import Quantity,t,Strawberries,1998,36316
Import Value,1000 USD,Strawberries,1998,81916
Export Quantity,t,Strawberries,1998,142
Export Value,1000 USD,Strawberries,1998,712
Import Quantity,t,Strawberries,1999,23512
Import Value,1000 USD,Strawberries,1999,74617
Export Quantity,t,Strawberries,1999,229
Export Value,1000 USD,Strawberries,1999,1147
Import Quantity,t,Strawberries,2000,29047
Import Value,1000 USD,Strawberries,2000,61539
Export Quantity,t,Strawberries,2000,176
Export Value,1000 USD,Strawberries,2000,893
Import Quantity,t,Strawberries,2001,28493
Import Value,1000 USD,Strawberries,2001,65234
Export Quantity,t,Strawberries,2001,192
Export Value,1000 USD,Strawberries,2001,809
Import Quantity,t,Strawberries,2002,36657
Import Value,1000 USD,Strawberries,2002,108502
Export Quantity,t,Strawberries,2002,181
Export Value,1000 USD,Strawberries,2002,788
Import Quantity,t,Strawberries,2003,35900
Import Value,1000 USD,Strawberries,2003,105214
Export Quantity,t,Strawberries,2003,293
Export Value,1000 USD,Strawberries,2003,1191
Import Quantity,t,Strawberries,2004,39946
Import Value,1000 USD,Strawberries,2004,138621
Export Quantity,t,Strawberries,2004,177
Export Value,1000 USD,Strawberries,2004,1217
Import Quantity,t,Strawberries,2005,46794
Import Value,1000 USD,Strawberries,2005,155287
Export Quantity,t,Strawberries,2005,320
Export Value,1000 USD,Strawberries,2005,1828
Import Quantity,t,Strawberries,2006,47823
Import Value,1000 USD,Strawberries,2006,168959
Export Quantity,t,Strawberries,2006,292
Export Value,1000 USD,Strawberries,2006,1998
Import Quantity,t,Strawberries,2007,66589
Import Value,1000 USD,Strawberries,2007,185462
Export Quantity,t,Strawberries,2007,270
Export Value,1000 USD,Strawberries,2007,1079
Import Quantity,t,Strawberries,2008,44894
Import Value,1000 USD,Strawberries,2008,193315
Export Quantity,t,Strawberries,2008,530
Export Value,1000 USD,Strawberries,2008,2645
Import Quantity,t,Strawberries,2009,39254
Import Value,1000 USD,Strawberries,2009,158494
Export Quantity,t,Strawberries,2009,279
Export Value,1000 USD,Strawberries,2009,1174
Import Quantity,t,Strawberries,2010,38057
Import Value,1000 USD,Strawberries,2010,146087
Export Quantity,t,Strawberries,2010,400
Export Value,1000 USD,Strawberries,2010,2213
Import Quantity,t,Strawberries,2011,47077
Import Value,1000 USD,Strawberries,2011,192559
Export Quantity,t,Strawberries,2011,292
Export Value,1000 USD,Strawberries,2011,1676
Import Quantity,t,Strawberries,2012,49678
Import Value,1000 USD,Strawberries,2012,192836
Export Quantity,t,Strawberries,2012,312
Export Value,1000 USD,Strawberries,2012,1332
Import Quantity,t,Strawberries,2013,46187
Import Value,1000 USD,Strawberries,2013,183278
Export Quantity,t,Strawberries,2013,710
Export Value,1000 USD,Strawberries,2013,3066
Import Quantity,t,Strawberries,2014,47397.9
Import Value,1000 USD,Strawberries,2014,205694
Export Quantity,t,Strawberries,2014,760
Export Value,1000 USD,Strawberries,2014,2571
Import Quantity,t,Strawberries,2015,52840.6
Import Value,1000 USD,Strawberries,2015,218416
Export Quantity,t,Strawberries,2015,1022
Export Value,1000 USD,Strawberries,2015,3329
Import Quantity,t,Strawberries,2016,56396.45
Import Value,1000 USD,Strawberries,2016,218980
Export Quantity,t,Strawberries,2016,438.41
Export Value,1000 USD,Strawberries,2016,1242
Import Quantity,t,Strawberries,2017,53225.77
Import Value,1000 USD,Strawberries,2017,219975
Export Quantity,t,Strawberries,2017,826.21
Export Value,1000 USD,Strawberries,2017,3212
Import Quantity,t,Strawberries,2018,48465.68
Import Value,1000 USD,Strawberries,2018,201323
Export Quantity,t,Strawberries,2018,1208.84
Export Value,1000 USD,Strawberries,2018,5191
Import Quantity,t,Strawberries,2019,57378.93
Import Value,1000 USD,Strawberries,2019,206733
Export Quantity,t,Strawberries,2019,1564.91
Export Value,1000 USD,Strawberries,2019,4053
Import Quantity,t,Strawberries,2020,58608.15
Import Value,1000 USD,Strawberries,2020,239526
Export Quantity,t,Strawberries,2020,3982.99
Export Value,1000 USD,Strawberries,2020,13481
Import Quantity,t,Strawberries,2021,64732.42
Import Value,1000 USD,Strawberries,2021,295012
Export Quantity,t,Strawberries,2021,266.94
Export Value,1000 USD,Strawberries,2021,1522
Import Quantity,t,Strawberries,2022,58857.27
Import Value,1000 USD,Strawberries,2022,261169
Export Quantity,t,Strawberries,2022,739.38
Export Value,1000 USD,Strawberries,2022,3148
Import Quantity,t,Sugar beet,1961,0
Import Value,1000 USD,Sugar beet,1961,0
Export Quantity,t,Sugar beet,1961,0
Export Value,1000 USD,Sugar beet,1961,0
Import Quantity,t,Sugar beet,1962,0
Import Value,1000 USD,Sugar beet,1962,0
Export Quantity,t,Sugar beet,1962,0
Export Value,1000 USD,Sugar beet,1962,0
Import Quantity,t,Sugar beet,1963,44
Import Value,1000 USD,Sugar beet,1963,5
Export Quantity,t,Sugar beet,1963,0
Export Value,1000 USD,Sugar beet,1963,0
Import Quantity,t,Sugar beet,1964,2
Import Value,1000 USD,Sugar beet,1964,0
Export Quantity,t,Sugar beet,1964,0
Export Value,1000 USD,Sugar beet,1964,0
Import Quantity,t,Sugar beet,1965,622
Import Value,1000 USD,Sugar beet,1965,50
Export Quantity,t,Sugar beet,1965,0
Export Value,1000 USD,Sugar beet,1965,0
Import Quantity,t,Sugar beet,1966,2319
Import Value,1000 USD,Sugar beet,1966,188
Export Quantity,t,Sugar beet,1966,0
Export Value,1000 USD,Sugar beet,1966,0
Import Quantity,t,Sugar beet,1967,3227
Import Value,1000 USD,Sugar beet,1967,245
Export Quantity,t,Sugar beet,1967,0
Export Value,1000 USD,Sugar beet,1967,0
Import Quantity,t,Sugar beet,1968,2250
Import Value,1000 USD,Sugar beet,1968,139
Export Quantity,t,Sugar beet,1968,0
Export Value,1000 USD,Sugar beet,1968,0
Import Quantity,t,Sugar beet,1969,993
Import Value,1000 USD,Sugar beet,1969,54
Export Quantity,t,Sugar beet,1969,0
Export Value,1000 USD,Sugar beet,1969,0
Import Quantity,t,Sugar beet,1970,5
Import Value,1000 USD,Sugar beet,1970,2
Export Quantity,t,Sugar beet,1970,81
Export Value,1000 USD,Sugar beet,1970,29
Import Quantity,t,Sugar beet,1971,11
Import Value,1000 USD,Sugar beet,1971,6
Export Quantity,t,Sugar beet,1971,110
Export Value,1000 USD,Sugar beet,1971,17
Import Quantity,t,Sugar beet,1972,3
Import Value,1000 USD,Sugar beet,1972,3
Export Quantity,t,Sugar beet,1972,9
Export Value,1000 USD,Sugar beet,1972,3
Import Quantity,t,Sugar beet,1973,11
Import Value,1000 USD,Sugar beet,1973,5
Export Quantity,t,Sugar beet,1973,4
Export Value,1000 USD,Sugar beet,1973,0
Import Quantity,t,Sugar beet,1974,2
Import Value,1000 USD,Sugar beet,1974,2
Export Quantity,t,Sugar beet,1974,9
Export Value,1000 USD,Sugar beet,1974,4
Import Quantity,t,Sugar beet,1975,6
Import Value,1000 USD,Sugar beet,1975,5
Export Quantity,t,Sugar beet,1975,0
Export Value,1000 USD,Sugar beet,1975,0
Import Quantity,t,Sugar beet,1976,1
Import Value,1000 USD,Sugar beet,1976,2
Export Quantity,t,Sugar beet,1976,0
Export Value,1000 USD,Sugar beet,1976,0
Import Quantity,t,Sugar beet,1977,0
Import Value,1000 USD,Sugar beet,1977,0
Export Quantity,t,Sugar beet,1977,0
Export Value,1000 USD,Sugar beet,1977,0
Import Quantity,t,Sugar beet,1978,0
Import Value,1000 USD,Sugar beet,1978,0
Export Quantity,t,Sugar beet,1978,0
Export Value,1000 USD,Sugar beet,1978,0
Import Quantity,t,Sugar beet,1979,0
Import Value,1000 USD,Sugar beet,1979,0
Export Quantity,t,Sugar beet,1979,1
Export Value,1000 USD,Sugar beet,1979,8
Import Quantity,t,Sugar beet,1980,40
Import Value,1000 USD,Sugar beet,1980,21
Export Quantity,t,Sugar beet,1980,0
Export Value,1000 USD,Sugar beet,1980,0
Import Quantity,t,Sugar beet,1981,24
Import Value,1000 USD,Sugar beet,1981,6
Export Quantity,t,Sugar beet,1981,71
Export Value,1000 USD,Sugar beet,1981,63
Import Quantity,t,Sugar beet,1982,55
Import Value,1000 USD,Sugar beet,1982,11
Export Quantity,t,Sugar beet,1982,4
Export Value,1000 USD,Sugar beet,1982,0
Import Quantity,t,Sugar beet,1983,21
Import Value,1000 USD,Sugar beet,1983,4
Export Quantity,t,Sugar beet,1983,1
Export Value,1000 USD,Sugar beet,1983,0
Import Quantity,t,Sugar beet,1984,21
Import Value,1000 USD,Sugar beet,1984,4
Export Quantity,t,Sugar beet,1984,0
Export Value,1000 USD,Sugar beet,1984,0
Import Quantity,t,Sugar beet,1985,22
Import Value,1000 USD,Sugar beet,1985,4
Export Quantity,t,Sugar beet,1985,2236
Export Value,1000 USD,Sugar beet,1985,247
Import Quantity,t,Sugar beet,1986,26
Import Value,1000 USD,Sugar beet,1986,7
Export Quantity,t,Sugar beet,1986,77
Export Value,1000 USD,Sugar beet,1986,4
Import Quantity,t,Sugar beet,1987,0
Import Value,1000 USD,Sugar beet,1987,0
Export Quantity,t,Sugar beet,1987,36
Export Value,1000 USD,Sugar beet,1987,8
Import Quantity,t,Sugar beet,1988,20
Import Value,1000 USD,Sugar beet,1988,4
Export Quantity,t,Sugar beet,1988,20
Export Value,1000 USD,Sugar beet,1988,117
Import Quantity,t,Sugar beet,1989,1897
Import Value,1000 USD,Sugar beet,1989,293
Export Quantity,t,Sugar beet,1989,93
Export Value,1000 USD,Sugar beet,1989,80
Import Quantity,t,Sugar beet,1990,1091
Import Value,1000 USD,Sugar beet,1990,236
Export Quantity,t,Sugar beet,1990,169
Export Value,1000 USD,Sugar beet,1990,150
Import Quantity,t,Sugar beet,1991,373
Import Value,1000 USD,Sugar beet,1991,361
Export Quantity,t,Sugar beet,1991,85
Export Value,1000 USD,Sugar beet,1991,322
Import Quantity,t,Sugar beet,1992,91
Import Value,1000 USD,Sugar beet,1992,20
Export Quantity,t,Sugar beet,1992,287
Export Value,1000 USD,Sugar beet,1992,61
Import Quantity,t,Sugar beet,1993,2462
Import Value,1000 USD,Sugar beet,1993,450
Export Quantity,t,Sugar beet,1993,66
Export Value,1000 USD,Sugar beet,1993,22
Import Quantity,t,Sugar beet,1994,2929
Import Value,1000 USD,Sugar beet,1994,439
Export Quantity,t,Sugar beet,1994,7
Export Value,1000 USD,Sugar beet,1994,5
Import Quantity,t,Sugar beet,1995,80
Import Value,1000 USD,Sugar beet,1995,21
Export Quantity,t,Sugar beet,1995,49
Export Value,1000 USD,Sugar beet,1995,16
Import Quantity,t,Sugar beet,1996,4
Import Value,1000 USD,Sugar beet,1996,10
Export Quantity,t,Sugar beet,1996,5
Export Value,1000 USD,Sugar beet,1996,5
Import Quantity,t,Sugar beet,1997,179
Import Value,1000 USD,Sugar beet,1997,49
Export Quantity,t,Sugar beet,1997,28
Export Value,1000 USD,Sugar beet,1997,14
Import Quantity,t,Sugar beet,1998,17270
Import Value,1000 USD,Sugar beet,1998,202
Export Quantity,t,Sugar beet,1998,2
Export Value,1000 USD,Sugar beet,1998,92
Import Quantity,t,Sugar beet,1999,5751
Import Value,1000 USD,Sugar beet,1999,737
Export Quantity,t,Sugar beet,1999,398
Export Value,1000 USD,Sugar beet,1999,224
Import Quantity,t,Sugar beet,2000,6110
Import Value,1000 USD,Sugar beet,2000,228
Export Quantity,t,Sugar beet,2000,279
Export Value,1000 USD,Sugar beet,2000,128
Import Quantity,t,Sugar beet,2001,8266
Import Value,1000 USD,Sugar beet,2001,1083
Export Quantity,t,Sugar beet,2001,478
Export Value,1000 USD,Sugar beet,2001,101
Import Quantity,t,Sugar beet,2002,5429
Import Value,1000 USD,Sugar beet,2002,1066
Export Quantity,t,Sugar beet,2002,461
Export Value,1000 USD,Sugar beet,2002,104
Import Quantity,t,Sugar beet,2003,8977
Import Value,1000 USD,Sugar beet,2003,2659
Export Quantity,t,Sugar beet,2003,44
Export Value,1000 USD,Sugar beet,2003,12
Import Quantity,t,Sugar beet,2004,6241
Import Value,1000 USD,Sugar beet,2004,4347
Export Quantity,t,Sugar beet,2004,3
Export Value,1000 USD,Sugar beet,2004,3
Import Quantity,t,Sugar beet,2005,9006
Import Value,1000 USD,Sugar beet,2005,5100
Export Quantity,t,Sugar beet,2005,30
Export Value,1000 USD,Sugar beet,2005,12
Import Quantity,t,Sugar beet,2006,10546
Import Value,1000 USD,Sugar beet,2006,5346
Export Quantity,t,Sugar beet,2006,137
Export Value,1000 USD,Sugar beet,2006,99
Import Quantity,t,Sugar beet,2007,5046
Import Value,1000 USD,Sugar beet,2007,1834
Export Quantity,t,Sugar beet,2007,794
Export Value,1000 USD,Sugar beet,2007,362
Import Quantity,t,Sugar beet,2008,11742
Import Value,1000 USD,Sugar beet,2008,3469
Export Quantity,t,Sugar beet,2008,210
Export Value,1000 USD,Sugar beet,2008,46
Import Quantity,t,Sugar beet,2009,35038
Import Value,1000 USD,Sugar beet,2009,10027
Export Quantity,t,Sugar beet,2009,70
Export Value,1000 USD,Sugar beet,2009,69
Import Quantity,t,Sugar beet,2010,35856
Import Value,1000 USD,Sugar beet,2010,8272
Export Quantity,t,Sugar beet,2010,24
Export Value,1000 USD,Sugar beet,2010,9
Import Quantity,t,Sugar beet,2011,9467
Import Value,1000 USD,Sugar beet,2011,3508
Export Quantity,t,Sugar beet,2011,317
Export Value,1000 USD,Sugar beet,2011,169
Import Quantity,t,Sugar beet,2012,4794
Import Value,1000 USD,Sugar beet,2012,2768
Export Quantity,t,Sugar beet,2012,432
Export Value,1000 USD,Sugar beet,2012,199
Import Quantity,t,Sugar beet,2013,10932
Import Value,1000 USD,Sugar beet,2013,5102
Export Quantity,t,Sugar beet,2013,593
Export Value,1000 USD,Sugar beet,2013,470
Import Quantity,t,Sugar beet,2014,14365.1
Import Value,1000 USD,Sugar beet,2014,6678
Export Quantity,t,Sugar beet,2014,737.98
Export Value,1000 USD,Sugar beet,2014,525
Import Quantity,t,Sugar beet,2015,11080.6
Import Value,1000 USD,Sugar beet,2015,3844
Export Quantity,t,Sugar beet,2015,978.05
Export Value,1000 USD,Sugar beet,2015,1146
Import Quantity,t,Sugar beet,2016,8648.51
Import Value,1000 USD,Sugar beet,2016,2346
Export Quantity,t,Sugar beet,2016,411.86
Export Value,1000 USD,Sugar beet,2016,143
Import Quantity,t,Sugar beet,2017,3904.6
Import Value,1000 USD,Sugar beet,2017,1770
Export Quantity,t,Sugar beet,2017,80.4
Export Value,1000 USD,Sugar beet,2017,95
Import Quantity,t,Sugar beet,2018,402.24
Import Value,1000 USD,Sugar beet,2018,1083
Export Quantity,t,Sugar beet,2018,32.94
Export Value,1000 USD,Sugar beet,2018,34
Import Quantity,t,Sugar beet,2019,239.48
Import Value,1000 USD,Sugar beet,2019,508
Export Quantity,t,Sugar beet,2019,26.48
Export Value,1000 USD,Sugar beet,2019,48
Import Quantity,t,Sugar beet,2020,335.33
Import Value,1000 USD,Sugar beet,2020,462
Export Quantity,t,Sugar beet,2020,56.85
Export Value,1000 USD,Sugar beet,2020,37
Import Quantity,t,Sugar beet,2021,18094.04
Import Value,1000 USD,Sugar beet,2021,5454
Export Quantity,t,Sugar beet,2021,72.87
Export Value,1000 USD,Sugar beet,2021,53
Import Quantity,t,Sugar beet,2022,1880.41
Import Value,1000 USD,Sugar beet,2022,869
Export Quantity,t,Sugar beet,2022,429.63
Export Value,1000 USD,Sugar beet,2022,230
Import Quantity,t,Sugar cane,2014,15.85
Import Value,1000 USD,Sugar cane,2014,55
Export Quantity,t,Sugar cane,2014,0.73
Export Value,1000 USD,Sugar cane,2014,1
Import Quantity,t,Sugar cane,2015,21.5
Import Value,1000 USD,Sugar cane,2015,88
Export Quantity,t,Sugar cane,2015,8.67
Export Value,1000 USD,Sugar cane,2015,16
Import Quantity,t,Sugar cane,2016,14.43
Import Value,1000 USD,Sugar cane,2016,40
Export Quantity,t,Sugar cane,2016,1.99
Export Value,1000 USD,Sugar cane,2016,21
Import Quantity,t,Sugar cane,2017,14.98
Import Value,1000 USD,Sugar cane,2017,37
Export Quantity,t,Sugar cane,2017,4.35
Export Value,1000 USD,Sugar cane,2017,14
Import Quantity,t,Sugar cane,2018,47.98
Import Value,1000 USD,Sugar cane,2018,75
Export Quantity,t,Sugar cane,2018,3.6
Export Value,1000 USD,Sugar cane,2018,16
Import Quantity,t,Sugar cane,2019,76.63
Import Value,1000 USD,Sugar cane,2019,109
Export Quantity,t,Sugar cane,2019,1.64
Export Value,1000 USD,Sugar cane,2019,8
Import Quantity,t,Sugar cane,2020,76.22
Import Value,1000 USD,Sugar cane,2020,154
Export Quantity,t,Sugar cane,2020,2.21
Export Value,1000 USD,Sugar cane,2020,10
Import Quantity,t,Sugar cane,2021,349.63
Import Value,1000 USD,Sugar cane,2021,488
Export Quantity,t,Sugar cane,2021,13.23
Export Value,1000 USD,Sugar cane,2021,29
Import Quantity,t,Sugar cane,2022,435.73
Import Value,1000 USD,Sugar cane,2022,473
Export Quantity,t,Sugar cane,2022,0.06
Export Value,1000 USD,Sugar cane,2022,0
Import Quantity,t,Sunflower seed,1961,0
Import Value,1000 USD,Sunflower seed,1961,0
Export Quantity,t,Sunflower seed,1961,0
Export Value,1000 USD,Sunflower seed,1961,0
Import Quantity,t,Sunflower seed,1962,0
Import Value,1000 USD,Sunflower seed,1962,0
Export Quantity,t,Sunflower seed,1962,0
Export Value,1000 USD,Sunflower seed,1962,0
Import Quantity,t,Sunflower seed,1963,0
Import Value,1000 USD,Sunflower seed,1963,0
Export Quantity,t,Sunflower seed,1963,0
Export Value,1000 USD,Sunflower seed,1963,0
Import Quantity,t,Sunflower seed,1964,0
Import Value,1000 USD,Sunflower seed,1964,0
Export Quantity,t,Sunflower seed,1964,0
Export Value,1000 USD,Sunflower seed,1964,0
Import Quantity,t,Sunflower seed,1965,0
Import Value,1000 USD,Sunflower seed,1965,0
Export Quantity,t,Sunflower seed,1965,0
Export Value,1000 USD,Sunflower seed,1965,0
Import Quantity,t,Sunflower seed,1966,0
Import Value,1000 USD,Sunflower seed,1966,0
Export Quantity,t,Sunflower seed,1966,0
Export Value,1000 USD,Sunflower seed,1966,0
Import Quantity,t,Sunflower seed,1967,0
Import Value,1000 USD,Sunflower seed,1967,0
Export Quantity,t,Sunflower seed,1967,0
Export Value,1000 USD,Sunflower seed,1967,0
Import Quantity,t,Sunflower seed,1968,0
Import Value,1000 USD,Sunflower seed,1968,0
Export Quantity,t,Sunflower seed,1968,0
Export Value,1000 USD,Sunflower seed,1968,0
Import Quantity,t,Sunflower seed,1969,0
Import Value,1000 USD,Sunflower seed,1969,0
Export Quantity,t,Sunflower seed,1969,0
Export Value,1000 USD,Sunflower seed,1969,0
Import Quantity,t,Sunflower seed,1970,0
Import Value,1000 USD,Sunflower seed,1970,0
Export Quantity,t,Sunflower seed,1970,0
Export Value,1000 USD,Sunflower seed,1970,0
Import Quantity,t,Sunflower seed,1971,0
Import Value,1000 USD,Sunflower seed,1971,0
Export Quantity,t,Sunflower seed,1971,0
Export Value,1000 USD,Sunflower seed,1971,0
Import Quantity,t,Sunflower seed,1972,0
Import Value,1000 USD,Sunflower seed,1972,0
Export Quantity,t,Sunflower seed,1972,0
Export Value,1000 USD,Sunflower seed,1972,0
Import Quantity,t,Sunflower seed,1973,0
Import Value,1000 USD,Sunflower seed,1973,0
Export Quantity,t,Sunflower seed,1973,0
Export Value,1000 USD,Sunflower seed,1973,0
Import Quantity,t,Sunflower seed,1974,0
Import Value,1000 USD,Sunflower seed,1974,0
Export Quantity,t,Sunflower seed,1974,0
Export Value,1000 USD,Sunflower seed,1974,0
Import Quantity,t,Sunflower seed,1975,2073
Import Value,1000 USD,Sunflower seed,1975,878
Export Quantity,t,Sunflower seed,1975,0
Export Value,1000 USD,Sunflower seed,1975,0
Import Quantity,t,Sunflower seed,1976,17200
Import Value,1000 USD,Sunflower seed,1976,5694
Export Quantity,t,Sunflower seed,1976,49
Export Value,1000 USD,Sunflower seed,1976,27
Import Quantity,t,Sunflower seed,1977,9641
Import Value,1000 USD,Sunflower seed,1977,3262
Export Quantity,t,Sunflower seed,1977,25
Export Value,1000 USD,Sunflower seed,1977,16
Import Quantity,t,Sunflower seed,1978,43253
Import Value,1000 USD,Sunflower seed,1978,13356
Export Quantity,t,Sunflower seed,1978,5
Export Value,1000 USD,Sunflower seed,1978,8
Import Quantity,t,Sunflower seed,1979,114225
Import Value,1000 USD,Sunflower seed,1979,39060
Export Quantity,t,Sunflower seed,1979,0
Export Value,1000 USD,Sunflower seed,1979,0
Import Quantity,t,Sunflower seed,1980,124978
Import Value,1000 USD,Sunflower seed,1980,39981
Export Quantity,t,Sunflower seed,1980,14
Export Value,1000 USD,Sunflower seed,1980,23
Import Quantity,t,Sunflower seed,1981,64236
Import Value,1000 USD,Sunflower seed,1981,22989
Export Quantity,t,Sunflower seed,1981,35
Export Value,1000 USD,Sunflower seed,1981,65
Import Quantity,t,Sunflower seed,1982,26867
Import Value,1000 USD,Sunflower seed,1982,11178
Export Quantity,t,Sunflower seed,1982,117
Export Value,1000 USD,Sunflower seed,1982,110
Import Quantity,t,Sunflower seed,1983,28803
Import Value,1000 USD,Sunflower seed,1983,12840
Export Quantity,t,Sunflower seed,1983,50
Export Value,1000 USD,Sunflower seed,1983,56
Import Quantity,t,Sunflower seed,1984,24176
Import Value,1000 USD,Sunflower seed,1984,10099
Export Quantity,t,Sunflower seed,1984,35
Export Value,1000 USD,Sunflower seed,1984,51
Import Quantity,t,Sunflower seed,1985,69163
Import Value,1000 USD,Sunflower seed,1985,26650
Export Quantity,t,Sunflower seed,1985,600
Export Value,1000 USD,Sunflower seed,1985,210
Import Quantity,t,Sunflower seed,1986,79323
Import Value,1000 USD,Sunflower seed,1986,46727
Export Quantity,t,Sunflower seed,1986,115
Export Value,1000 USD,Sunflower seed,1986,141
Import Quantity,t,Sunflower seed,1987,110538
Import Value,1000 USD,Sunflower seed,1987,68243
Export Quantity,t,Sunflower seed,1987,257
Export Value,1000 USD,Sunflower seed,1987,269
Import Quantity,t,Sunflower seed,1988,88639
Import Value,1000 USD,Sunflower seed,1988,50884
Export Quantity,t,Sunflower seed,1988,230
Export Value,1000 USD,Sunflower seed,1988,285
Import Quantity,t,Sunflower seed,1989,99003
Import Value,1000 USD,Sunflower seed,1989,52326
Export Quantity,t,Sunflower seed,1989,210
Export Value,1000 USD,Sunflower seed,1989,202
Import Quantity,t,Sunflower seed,1990,63531
Import Value,1000 USD,Sunflower seed,1990,31354
Export Quantity,t,Sunflower seed,1990,173
Export Value,1000 USD,Sunflower seed,1990,183
Import Quantity,t,Sunflower seed,1991,45160
Import Value,1000 USD,Sunflower seed,1991,26535
Export Quantity,t,Sunflower seed,1991,129
Export Value,1000 USD,Sunflower seed,1991,134
Import Quantity,t,Sunflower seed,1992,102414
Import Value,1000 USD,Sunflower seed,1992,31354
Export Quantity,t,Sunflower seed,1992,168
Export Value,1000 USD,Sunflower seed,1992,107
Import Quantity,t,Sunflower seed,1993,145222
Import Value,1000 USD,Sunflower seed,1993,38451
Export Quantity,t,Sunflower seed,1993,15008
Export Value,1000 USD,Sunflower seed,1993,3651
Import Quantity,t,Sunflower seed,1994,203158
Import Value,1000 USD,Sunflower seed,1994,63803
Export Quantity,t,Sunflower seed,1994,2597
Export Value,1000 USD,Sunflower seed,1994,634
Import Quantity,t,Sunflower seed,1995,207476
Import Value,1000 USD,Sunflower seed,1995,57990
Export Quantity,t,Sunflower seed,1995,127
Export Value,1000 USD,Sunflower seed,1995,153
Import Quantity,t,Sunflower seed,1996,190357
Import Value,1000 USD,Sunflower seed,1996,60057
Export Quantity,t,Sunflower seed,1996,421
Export Value,1000 USD,Sunflower seed,1996,345
Import Quantity,t,Sunflower seed,1997,196954
Import Value,1000 USD,Sunflower seed,1997,55981
Export Quantity,t,Sunflower seed,1997,178
Export Value,1000 USD,Sunflower seed,1997,264
Import Quantity,t,Sunflower seed,1998,77354
Import Value,1000 USD,Sunflower seed,1998,24166
Export Quantity,t,Sunflower seed,1998,114
Export Value,1000 USD,Sunflower seed,1998,212
Import Quantity,t,Sunflower seed,1999,24181
Import Value,1000 USD,Sunflower seed,1999,9542
Export Quantity,t,Sunflower seed,1999,191
Export Value,1000 USD,Sunflower seed,1999,362
Import Quantity,t,Sunflower seed,2000,20536
Import Value,1000 USD,Sunflower seed,2000,8616
Export Quantity,t,Sunflower seed,2000,224
Export Value,1000 USD,Sunflower seed,2000,361
Import Quantity,t,Sunflower seed,2001,27267
Import Value,1000 USD,Sunflower seed,2001,9761
Export Quantity,t,Sunflower seed,2001,150
Export Value,1000 USD,Sunflower seed,2001,264
Import Quantity,t,Sunflower seed,2002,39379
Import Value,1000 USD,Sunflower seed,2002,14451
Export Quantity,t,Sunflower seed,2002,221
Export Value,1000 USD,Sunflower seed,2002,347
Import Quantity,t,Sunflower seed,2003,42664
Import Value,1000 USD,Sunflower seed,2003,18451
Export Quantity,t,Sunflower seed,2003,306
Export Value,1000 USD,Sunflower seed,2003,324
Import Quantity,t,Sunflower seed,2004,50393
Import Value,1000 USD,Sunflower seed,2004,22182
Export Quantity,t,Sunflower seed,2004,722
Export Value,1000 USD,Sunflower seed,2004,460
Import Quantity,t,Sunflower seed,2005,52686
Import Value,1000 USD,Sunflower seed,2005,31590
Export Quantity,t,Sunflower seed,2005,694
Export Value,1000 USD,Sunflower seed,2005,1262
Import Quantity,t,Sunflower seed,2006,51257
Import Value,1000 USD,Sunflower seed,2006,33944
Export Quantity,t,Sunflower seed,2006,403
Export Value,1000 USD,Sunflower seed,2006,1152
Import Quantity,t,Sunflower seed,2007,45066
Import Value,1000 USD,Sunflower seed,2007,35829
Export Quantity,t,Sunflower seed,2007,2579
Export Value,1000 USD,Sunflower seed,2007,4526
Import Quantity,t,Sunflower seed,2008,88345
Import Value,1000 USD,Sunflower seed,2008,72325
Export Quantity,t,Sunflower seed,2008,2263
Export Value,1000 USD,Sunflower seed,2008,3508
Import Quantity,t,Sunflower seed,2009,71361
Import Value,1000 USD,Sunflower seed,2009,50803
Export Quantity,t,Sunflower seed,2009,682
Export Value,1000 USD,Sunflower seed,2009,1371
Import Quantity,t,Sunflower seed,2010,55692
Import Value,1000 USD,Sunflower seed,2010,44699
Export Quantity,t,Sunflower seed,2010,1068
Export Value,1000 USD,Sunflower seed,2010,1776
Import Quantity,t,Sunflower seed,2011,66236
Import Value,1000 USD,Sunflower seed,2011,64030
Export Quantity,t,Sunflower seed,2011,1038
Export Value,1000 USD,Sunflower seed,2011,2519
Import Quantity,t,Sunflower seed,2012,44085
Import Value,1000 USD,Sunflower seed,2012,51526
Export Quantity,t,Sunflower seed,2012,2060
Export Value,1000 USD,Sunflower seed,2012,2779
Import Quantity,t,Sunflower seed,2013,39957
Import Value,1000 USD,Sunflower seed,2013,49249
Export Quantity,t,Sunflower seed,2013,2506
Export Value,1000 USD,Sunflower seed,2013,3612
Import Quantity,t,Sunflower seed,2014,32616.81
Import Value,1000 USD,Sunflower seed,2014,34798
Export Quantity,t,Sunflower seed,2014,630.49
Export Value,1000 USD,Sunflower seed,2014,1306
Import Quantity,t,Sunflower seed,2015,30820.37
Import Value,1000 USD,Sunflower seed,2015,29329
Export Quantity,t,Sunflower seed,2015,622.51
Export Value,1000 USD,Sunflower seed,2015,1169
Import Quantity,t,Sunflower seed,2016,35878.53
Import Value,1000 USD,Sunflower seed,2016,29342
Export Quantity,t,Sunflower seed,2016,522.86
Export Value,1000 USD,Sunflower seed,2016,1161
Import Quantity,t,Sunflower seed,2017,32591.52
Import Value,1000 USD,Sunflower seed,2017,26900
Export Quantity,t,Sunflower seed,2017,528.49
Export Value,1000 USD,Sunflower seed,2017,1001
Import Quantity,t,Sunflower seed,2018,33969.86
Import Value,1000 USD,Sunflower seed,2018,30101
Export Quantity,t,Sunflower seed,2018,587.58
Export Value,1000 USD,Sunflower seed,2018,1216
Import Quantity,t,Sunflower seed,2019,35058.52
Import Value,1000 USD,Sunflower seed,2019,27888
Export Quantity,t,Sunflower seed,2019,888.07
Export Value,1000 USD,Sunflower seed,2019,1840
Import Quantity,t,Sunflower seed,2020,64154.31
Import Value,1000 USD,Sunflower seed,2020,52522
Export Quantity,t,Sunflower seed,2020,8946.56
Export Value,1000 USD,Sunflower seed,2020,11336
Import Quantity,t,Sunflower seed,2021,63003.84
Import Value,1000 USD,Sunflower seed,2021,61682
Export Quantity,t,Sunflower seed,2021,8193.42
Export Value,1000 USD,Sunflower seed,2021,12997
Import Quantity,t,Sunflower seed,2022,74939.26
Import Value,1000 USD,Sunflower seed,2022,92344
Export Quantity,t,Sunflower seed,2022,760.25
Export Value,1000 USD,Sunflower seed,2022,4243
Import Quantity,t,"Sweet corn, frozen",1961,0
Import Value,1000 USD,"Sweet corn, frozen",1961,0
Export Quantity,t,"Sweet corn, frozen",1961,0
Export Value,1000 USD,"Sweet corn, frozen",1961,0
Import Quantity,t,"Sweet corn, frozen",1962,0
Import Value,1000 USD,"Sweet corn, frozen",1962,0
Export Quantity,t,"Sweet corn, frozen",1962,0
Export Value,1000 USD,"Sweet corn, frozen",1962,0
Import Quantity,t,"Sweet corn, frozen",1963,0
Import Value,1000 USD,"Sweet corn, frozen",1963,0
Export Quantity,t,"Sweet corn, frozen",1963,0
Export Value,1000 USD,"Sweet corn, frozen",1963,0
Import Quantity,t,"Sweet corn, frozen",1964,0
Import Value,1000 USD,"Sweet corn, frozen",1964,0
Export Quantity,t,"Sweet corn, frozen",1964,0
Export Value,1000 USD,"Sweet corn, frozen",1964,0
Import Quantity,t,"Sweet corn, frozen",1965,0
Import Value,1000 USD,"Sweet corn, frozen",1965,0
Export Quantity,t,"Sweet corn, frozen",1965,0
Export Value,1000 USD,"Sweet corn, frozen",1965,0
Import Quantity,t,"Sweet corn, frozen",1966,0
Import Value,1000 USD,"Sweet corn, frozen",1966,0
Export Quantity,t,"Sweet corn, frozen",1966,0
Export Value,1000 USD,"Sweet corn, frozen",1966,0
Import Quantity,t,"Sweet corn, frozen",1967,0
Import Value,1000 USD,"Sweet corn, frozen",1967,0
Export Quantity,t,"Sweet corn, frozen",1967,0
Export Value,1000 USD,"Sweet corn, frozen",1967,0
Import Quantity,t,"Sweet corn, frozen",1968,0
Import Value,1000 USD,"Sweet corn, frozen",1968,0
Export Quantity,t,"Sweet corn, frozen",1968,0
Export Value,1000 USD,"Sweet corn, frozen",1968,0
Import Quantity,t,"Sweet corn, frozen",1969,0
Import Value,1000 USD,"Sweet corn, frozen",1969,0
Export Quantity,t,"Sweet corn, frozen",1969,0
Export Value,1000 USD,"Sweet corn, frozen",1969,0
Import Quantity,t,"Sweet corn, frozen",1970,0
Import Value,1000 USD,"Sweet corn, frozen",1970,0
Export Quantity,t,"Sweet corn, frozen",1970,0
Export Value,1000 USD,"Sweet corn, frozen",1970,0
Import Quantity,t,"Sweet corn, frozen",1971,0
Import Value,1000 USD,"Sweet corn, frozen",1971,0
Export Quantity,t,"Sweet corn, frozen",1971,0
Export Value,1000 USD,"Sweet corn, frozen",1971,0
Import Quantity,t,"Sweet corn, frozen",1972,0
Import Value,1000 USD,"Sweet corn, frozen",1972,0
Export Quantity,t,"Sweet corn, frozen",1972,0
Export Value,1000 USD,"Sweet corn, frozen",1972,0
Import Quantity,t,"Sweet corn, frozen",1973,0
Import Value,1000 USD,"Sweet corn, frozen",1973,0
Export Quantity,t,"Sweet corn, frozen",1973,0
Export Value,1000 USD,"Sweet corn, frozen",1973,0
Import Quantity,t,"Sweet corn, frozen",1974,0
Import Value,1000 USD,"Sweet corn, frozen",1974,0
Export Quantity,t,"Sweet corn, frozen",1974,0
Export Value,1000 USD,"Sweet corn, frozen",1974,0
Import Quantity,t,"Sweet corn, frozen",1975,0
Import Value,1000 USD,"Sweet corn, frozen",1975,0
Export Quantity,t,"Sweet corn, frozen",1975,0
Export Value,1000 USD,"Sweet corn, frozen",1975,0
Import Quantity,t,"Sweet corn, frozen",1976,0
Import Value,1000 USD,"Sweet corn, frozen",1976,0
Export Quantity,t,"Sweet corn, frozen",1976,0
Export Value,1000 USD,"Sweet corn, frozen",1976,0
Import Quantity,t,"Sweet corn, frozen",1977,0
Import Value,1000 USD,"Sweet corn, frozen",1977,0
Export Quantity,t,"Sweet corn, frozen",1977,0
Export Value,1000 USD,"Sweet corn, frozen",1977,0
Import Quantity,t,"Sweet corn, frozen",1978,0
Import Value,1000 USD,"Sweet corn, frozen",1978,0
Export Quantity,t,"Sweet corn, frozen",1978,0
Export Value,1000 USD,"Sweet corn, frozen",1978,0
Import Quantity,t,"Sweet corn, frozen",1979,0
Import Value,1000 USD,"Sweet corn, frozen",1979,0
Export Quantity,t,"Sweet corn, frozen",1979,0
Export Value,1000 USD,"Sweet corn, frozen",1979,0
Import Quantity,t,"Sweet corn, frozen",1980,0
Import Value,1000 USD,"Sweet corn, frozen",1980,0
Export Quantity,t,"Sweet corn, frozen",1980,0
Export Value,1000 USD,"Sweet corn, frozen",1980,0
Import Quantity,t,"Sweet corn, frozen",1981,0
Import Value,1000 USD,"Sweet corn, frozen",1981,0
Export Quantity,t,"Sweet corn, frozen",1981,0
Export Value,1000 USD,"Sweet corn, frozen",1981,0
Import Quantity,t,"Sweet corn, frozen",1982,0
Import Value,1000 USD,"Sweet corn, frozen",1982,0
Export Quantity,t,"Sweet corn, frozen",1982,0
Export Value,1000 USD,"Sweet corn, frozen",1982,0
Import Quantity,t,"Sweet corn, frozen",1983,0
Import Value,1000 USD,"Sweet corn, frozen",1983,0
Export Quantity,t,"Sweet corn, frozen",1983,0
Export Value,1000 USD,"Sweet corn, frozen",1983,0
Import Quantity,t,"Sweet corn, frozen",1984,0
Import Value,1000 USD,"Sweet corn, frozen",1984,0
Export Quantity,t,"Sweet corn, frozen",1984,0
Export Value,1000 USD,"Sweet corn, frozen",1984,0
Import Quantity,t,"Sweet corn, frozen",1985,0
Import Value,1000 USD,"Sweet corn, frozen",1985,0
Export Quantity,t,"Sweet corn, frozen",1985,0
Export Value,1000 USD,"Sweet corn, frozen",1985,0
Import Quantity,t,"Sweet corn, frozen",1986,0
Import Value,1000 USD,"Sweet corn, frozen",1986,0
Export Quantity,t,"Sweet corn, frozen",1986,0
Export Value,1000 USD,"Sweet corn, frozen",1986,0
Import Quantity,t,"Sweet corn, frozen",1987,0
Import Value,1000 USD,"Sweet corn, frozen",1987,0
Export Quantity,t,"Sweet corn, frozen",1987,0
Export Value,1000 USD,"Sweet corn, frozen",1987,0
Import Quantity,t,"Sweet corn, frozen",1988,37535
Import Value,1000 USD,"Sweet corn, frozen",1988,40401
Export Quantity,t,"Sweet corn, frozen",1988,664
Export Value,1000 USD,"Sweet corn, frozen",1988,1360
Import Quantity,t,"Sweet corn, frozen",1989,38654
Import Value,1000 USD,"Sweet corn, frozen",1989,39001
Export Quantity,t,"Sweet corn, frozen",1989,798
Export Value,1000 USD,"Sweet corn, frozen",1989,1315
Import Quantity,t,"Sweet corn, frozen",1990,36629
Import Value,1000 USD,"Sweet corn, frozen",1990,42364
Export Quantity,t,"Sweet corn, frozen",1990,1083
Export Value,1000 USD,"Sweet corn, frozen",1990,2050
Import Quantity,t,"Sweet corn, frozen",1991,38501
Import Value,1000 USD,"Sweet corn, frozen",1991,43786
Export Quantity,t,"Sweet corn, frozen",1991,947
Export Value,1000 USD,"Sweet corn, frozen",1991,1729
Import Quantity,t,"Sweet corn, frozen",1992,37648
Import Value,1000 USD,"Sweet corn, frozen",1992,43082
Export Quantity,t,"Sweet corn, frozen",1992,1340
Export Value,1000 USD,"Sweet corn, frozen",1992,2166
Import Quantity,t,"Sweet corn, frozen",1993,37279
Import Value,1000 USD,"Sweet corn, frozen",1993,38331
Export Quantity,t,"Sweet corn, frozen",1993,1081
Export Value,1000 USD,"Sweet corn, frozen",1993,1663
Import Quantity,t,"Sweet corn, frozen",1994,41363
Import Value,1000 USD,"Sweet corn, frozen",1994,42620
Export Quantity,t,"Sweet corn, frozen",1994,1550
Export Value,1000 USD,"Sweet corn, frozen",1994,2579
Import Quantity,t,"Sweet corn, frozen",1995,41268
Import Value,1000 USD,"Sweet corn, frozen",1995,43423
Export Quantity,t,"Sweet corn, frozen",1995,1055
Export Value,1000 USD,"Sweet corn, frozen",1995,1694
Import Quantity,t,"Sweet corn, frozen",1996,39453
Import Value,1000 USD,"Sweet corn, frozen",1996,41510
Export Quantity,t,"Sweet corn, frozen",1996,888
Export Value,1000 USD,"Sweet corn, frozen",1996,1903
Import Quantity,t,"Sweet corn, frozen",1997,36929
Import Value,1000 USD,"Sweet corn, frozen",1997,37084
Export Quantity,t,"Sweet corn, frozen",1997,1763
Export Value,1000 USD,"Sweet corn, frozen",1997,2877
Import Quantity,t,"Sweet corn, frozen",1998,46973
Import Value,1000 USD,"Sweet corn, frozen",1998,46603
Export Quantity,t,"Sweet corn, frozen",1998,3099
Export Value,1000 USD,"Sweet corn, frozen",1998,3260
Import Quantity,t,"Sweet corn, frozen",1999,45260
Import Value,1000 USD,"Sweet corn, frozen",1999,44694
Export Quantity,t,"Sweet corn, frozen",1999,3786
Export Value,1000 USD,"Sweet corn, frozen",1999,3151
Import Quantity,t,"Sweet corn, frozen",2000,43769
Import Value,1000 USD,"Sweet corn, frozen",2000,39021
Export Quantity,t,"Sweet corn, frozen",2000,1938
Export Value,1000 USD,"Sweet corn, frozen",2000,2511
Import Quantity,t,"Sweet corn, frozen",2001,82967
Import Value,1000 USD,"Sweet corn, frozen",2001,40405
Export Quantity,t,"Sweet corn, frozen",2001,1962
Export Value,1000 USD,"Sweet corn, frozen",2001,2257
Import Quantity,t,"Sweet corn, frozen",2002,64535
Import Value,1000 USD,"Sweet corn, frozen",2002,42107
Export Quantity,t,"Sweet corn, frozen",2002,1671
Export Value,1000 USD,"Sweet corn, frozen",2002,2483
Import Quantity,t,"Sweet corn, frozen",2003,83558
Import Value,1000 USD,"Sweet corn, frozen",2003,48192
Export Quantity,t,"Sweet corn, frozen",2003,1548
Export Value,1000 USD,"Sweet corn, frozen",2003,2188
Import Quantity,t,"Sweet corn, frozen",2004,74819
Import Value,1000 USD,"Sweet corn, frozen",2004,49229
Export Quantity,t,"Sweet corn, frozen",2004,1775
Export Value,1000 USD,"Sweet corn, frozen",2004,2896
Import Quantity,t,"Sweet corn, frozen",2005,54873
Import Value,1000 USD,"Sweet corn, frozen",2005,43680
Export Quantity,t,"Sweet corn, frozen",2005,1963
Export Value,1000 USD,"Sweet corn, frozen",2005,2955
Import Quantity,t,"Sweet corn, frozen",2006,63555
Import Value,1000 USD,"Sweet corn, frozen",2006,46091
Export Quantity,t,"Sweet corn, frozen",2006,1754
Export Value,1000 USD,"Sweet corn, frozen",2006,2731
Import Quantity,t,"Sweet corn, frozen",2007,44579
Import Value,1000 USD,"Sweet corn, frozen",2007,49133
Export Quantity,t,"Sweet corn, frozen",2007,2956
Export Value,1000 USD,"Sweet corn, frozen",2007,4681
Import Quantity,t,"Sweet corn, frozen",2008,38542
Import Value,1000 USD,"Sweet corn, frozen",2008,50517
Export Quantity,t,"Sweet corn, frozen",2008,2277
Export Value,1000 USD,"Sweet corn, frozen",2008,3649
Import Quantity,t,"Sweet corn, frozen",2009,42939
Import Value,1000 USD,"Sweet corn, frozen",2009,51267
Export Quantity,t,"Sweet corn, frozen",2009,1868
Export Value,1000 USD,"Sweet corn, frozen",2009,3208
Import Quantity,t,"Sweet corn, frozen",2010,44069
Import Value,1000 USD,"Sweet corn, frozen",2010,45960
Export Quantity,t,"Sweet corn, frozen",2010,1437
Export Value,1000 USD,"Sweet corn, frozen",2010,2400
Import Quantity,t,"Sweet corn, frozen",2011,44780
Import Value,1000 USD,"Sweet corn, frozen",2011,51301
Export Quantity,t,"Sweet corn, frozen",2011,1656
Export Value,1000 USD,"Sweet corn, frozen",2011,2944
Import Quantity,t,"Sweet corn, frozen",2012,49587
Import Value,1000 USD,"Sweet corn, frozen",2012,58532
Export Quantity,t,"Sweet corn, frozen",2012,1413
Export Value,1000 USD,"Sweet corn, frozen",2012,2918
Import Quantity,t,"Sweet corn, frozen",2013,45821
Import Value,1000 USD,"Sweet corn, frozen",2013,55147
Export Quantity,t,"Sweet corn, frozen",2013,2115
Export Value,1000 USD,"Sweet corn, frozen",2013,3965
Import Quantity,t,"Sweet corn, frozen",2014,47343.4
Import Value,1000 USD,"Sweet corn, frozen",2014,56577
Export Quantity,t,"Sweet corn, frozen",2014,602.98
Export Value,1000 USD,"Sweet corn, frozen",2014,1077
Import Quantity,t,"Sweet corn, frozen",2015,49038.16
Import Value,1000 USD,"Sweet corn, frozen",2015,48822
Export Quantity,t,"Sweet corn, frozen",2015,650.86
Export Value,1000 USD,"Sweet corn, frozen",2015,873
Import Quantity,t,"Sweet corn, frozen",2016,48061.05
Import Value,1000 USD,"Sweet corn, frozen",2016,42801
Export Quantity,t,"Sweet corn, frozen",2016,559.53
Export Value,1000 USD,"Sweet corn, frozen",2016,804
Import Quantity,t,"Sweet corn, frozen",2017,51429.24
Import Value,1000 USD,"Sweet corn, frozen",2017,45768
Export Quantity,t,"Sweet corn, frozen",2017,967.64
Export Value,1000 USD,"Sweet corn, frozen",2017,1305
Import Quantity,t,"Sweet corn, frozen",2018,50392.09
Import Value,1000 USD,"Sweet corn, frozen",2018,48786
Export Quantity,t,"Sweet corn, frozen",2018,1257.41
Export Value,1000 USD,"Sweet corn, frozen",2018,1523
Import Quantity,t,"Sweet corn, frozen",2019,40257.35
Import Value,1000 USD,"Sweet corn, frozen",2019,39822
Export Quantity,t,"Sweet corn, frozen",2019,1320.19
Export Value,1000 USD,"Sweet corn, frozen",2019,1536
Import Quantity,t,"Sweet corn, frozen",2020,49397.05
Import Value,1000 USD,"Sweet corn, frozen",2020,51863
Export Quantity,t,"Sweet corn, frozen",2020,866.33
Export Value,1000 USD,"Sweet corn, frozen",2020,1237
Import Quantity,t,"Sweet corn, frozen",2021,44974.01
Import Value,1000 USD,"Sweet corn, frozen",2021,53473
Export Quantity,t,"Sweet corn, frozen",2021,786.34
Export Value,1000 USD,"Sweet corn, frozen",2021,1363
Import Quantity,t,"Sweet corn, frozen",2022,52055.47
Import Value,1000 USD,"Sweet corn, frozen",2022,61915
Export Quantity,t,"Sweet corn, frozen",2022,1533.47
Export Value,1000 USD,"Sweet corn, frozen",2022,2556
Import Quantity,t,Sweet potatoes,1961,1182
Import Value,1000 USD,Sweet potatoes,1961,88
Export Quantity,t,Sweet potatoes,1961,0
Export Value,1000 USD,Sweet potatoes,1961,0
Import Quantity,t,Sweet potatoes,1962,201
Import Value,1000 USD,Sweet potatoes,1962,17
Export Quantity,t,Sweet potatoes,1962,0
Export Value,1000 USD,Sweet potatoes,1962,0
Import Quantity,t,Sweet potatoes,1963,11186
Import Value,1000 USD,Sweet potatoes,1963,1982
Export Quantity,t,Sweet potatoes,1963,38
Export Value,1000 USD,Sweet potatoes,1963,16
Import Quantity,t,Sweet potatoes,1964,12267
Import Value,1000 USD,Sweet potatoes,1964,1984
Export Quantity,t,Sweet potatoes,1964,42
Export Value,1000 USD,Sweet potatoes,1964,18
Import Quantity,t,Sweet potatoes,1965,13886
Import Value,1000 USD,Sweet potatoes,1965,2380
Export Quantity,t,Sweet potatoes,1965,24
Export Value,1000 USD,Sweet potatoes,1965,11
Import Quantity,t,Sweet potatoes,1966,11912
Import Value,1000 USD,Sweet potatoes,1966,2271
Export Quantity,t,Sweet potatoes,1966,14
Export Value,1000 USD,Sweet potatoes,1966,6
Import Quantity,t,Sweet potatoes,1967,12874
Import Value,1000 USD,Sweet potatoes,1967,3072
Export Quantity,t,Sweet potatoes,1967,20
Export Value,1000 USD,Sweet potatoes,1967,8
Import Quantity,t,Sweet potatoes,1968,10996
Import Value,1000 USD,Sweet potatoes,1968,2326
Export Quantity,t,Sweet potatoes,1968,19
Export Value,1000 USD,Sweet potatoes,1968,7
Import Quantity,t,Sweet potatoes,1969,11184
Import Value,1000 USD,Sweet potatoes,1969,2165
Export Quantity,t,Sweet potatoes,1969,169
Export Value,1000 USD,Sweet potatoes,1969,54
Import Quantity,t,Sweet potatoes,1970,10432
Import Value,1000 USD,Sweet potatoes,1970,2247
Export Quantity,t,Sweet potatoes,1970,70
Export Value,1000 USD,Sweet potatoes,1970,29
Import Quantity,t,Sweet potatoes,1971,10112
Import Value,1000 USD,Sweet potatoes,1971,2286
Export Quantity,t,Sweet potatoes,1971,72
Export Value,1000 USD,Sweet potatoes,1971,30
Import Quantity,t,Sweet potatoes,1972,10214
Import Value,1000 USD,Sweet potatoes,1972,2510
Export Quantity,t,Sweet potatoes,1972,107
Export Value,1000 USD,Sweet potatoes,1972,35
Import Quantity,t,Sweet potatoes,1973,9951
Import Value,1000 USD,Sweet potatoes,1973,2865
Export Quantity,t,Sweet potatoes,1973,65
Export Value,1000 USD,Sweet potatoes,1973,42
Import Quantity,t,Sweet potatoes,1974,9720
Import Value,1000 USD,Sweet potatoes,1974,3774
Export Quantity,t,Sweet potatoes,1974,65
Export Value,1000 USD,Sweet potatoes,1974,35
Import Quantity,t,Sweet potatoes,1975,8183
Import Value,1000 USD,Sweet potatoes,1975,3629
Export Quantity,t,Sweet potatoes,1975,206
Export Value,1000 USD,Sweet potatoes,1975,63
Import Quantity,t,Sweet potatoes,1976,8964
Import Value,1000 USD,Sweet potatoes,1976,3995
Export Quantity,t,Sweet potatoes,1976,78
Export Value,1000 USD,Sweet potatoes,1976,32
Import Quantity,t,Sweet potatoes,1977,8134
Import Value,1000 USD,Sweet potatoes,1977,4206
Export Quantity,t,Sweet potatoes,1977,110
Export Value,1000 USD,Sweet potatoes,1977,54
Import Quantity,t,Sweet potatoes,1978,2596
Import Value,1000 USD,Sweet potatoes,1978,1190
Export Quantity,t,Sweet potatoes,1978,67
Export Value,1000 USD,Sweet potatoes,1978,58
Import Quantity,t,Sweet potatoes,1979,2435
Import Value,1000 USD,Sweet potatoes,1979,1511
Export Quantity,t,Sweet potatoes,1979,150
Export Value,1000 USD,Sweet potatoes,1979,47
Import Quantity,t,Sweet potatoes,1980,3051
Import Value,1000 USD,Sweet potatoes,1980,2189
Export Quantity,t,Sweet potatoes,1980,94
Export Value,1000 USD,Sweet potatoes,1980,95
Import Quantity,t,Sweet potatoes,1981,5455
Import Value,1000 USD,Sweet potatoes,1981,2985
Export Quantity,t,Sweet potatoes,1981,75
Export Value,1000 USD,Sweet potatoes,1981,51
Import Quantity,t,Sweet potatoes,1982,2725
Import Value,1000 USD,Sweet potatoes,1982,2131
Export Quantity,t,Sweet potatoes,1982,135
Export Value,1000 USD,Sweet potatoes,1982,109
Import Quantity,t,Sweet potatoes,1983,2748
Import Value,1000 USD,Sweet potatoes,1983,1809
Export Quantity,t,Sweet potatoes,1983,328
Export Value,1000 USD,Sweet potatoes,1983,192
Import Quantity,t,Sweet potatoes,1984,2205
Import Value,1000 USD,Sweet potatoes,1984,1648
Export Quantity,t,Sweet potatoes,1984,299
Export Value,1000 USD,Sweet potatoes,1984,111
Import Quantity,t,Sweet potatoes,1985,15867
Import Value,1000 USD,Sweet potatoes,1985,3640
Export Quantity,t,Sweet potatoes,1985,135
Export Value,1000 USD,Sweet potatoes,1985,132
Import Quantity,t,Sweet potatoes,1986,30937
Import Value,1000 USD,Sweet potatoes,1986,6679
Export Quantity,t,Sweet potatoes,1986,172
Export Value,1000 USD,Sweet potatoes,1986,101
Import Quantity,t,Sweet potatoes,1987,18318
Import Value,1000 USD,Sweet potatoes,1987,5401
Export Quantity,t,Sweet potatoes,1987,172
Export Value,1000 USD,Sweet potatoes,1987,168
Import Quantity,t,Sweet potatoes,1988,2769
Import Value,1000 USD,Sweet potatoes,1988,2908
Export Quantity,t,Sweet potatoes,1988,112
Export Value,1000 USD,Sweet potatoes,1988,87
Import Quantity,t,Sweet potatoes,1989,2954
Import Value,1000 USD,Sweet potatoes,1989,2907
Export Quantity,t,Sweet potatoes,1989,564
Export Value,1000 USD,Sweet potatoes,1989,322
Import Quantity,t,Sweet potatoes,1990,3174
Import Value,1000 USD,Sweet potatoes,1990,3650
Export Quantity,t,Sweet potatoes,1990,513
Export Value,1000 USD,Sweet potatoes,1990,384
Import Quantity,t,Sweet potatoes,1991,94602
Import Value,1000 USD,Sweet potatoes,1991,20743
Export Quantity,t,Sweet potatoes,1991,348
Export Value,1000 USD,Sweet potatoes,1991,110
Import Quantity,t,Sweet potatoes,1992,57318
Import Value,1000 USD,Sweet potatoes,1992,14555
Export Quantity,t,Sweet potatoes,1992,81
Export Value,1000 USD,Sweet potatoes,1992,47
Import Quantity,t,Sweet potatoes,1993,13045
Import Value,1000 USD,Sweet potatoes,1993,4562
Export Quantity,t,Sweet potatoes,1993,100
Export Value,1000 USD,Sweet potatoes,1993,31
Import Quantity,t,Sweet potatoes,1994,3199
Import Value,1000 USD,Sweet potatoes,1994,2652
Export Quantity,t,Sweet potatoes,1994,27
Export Value,1000 USD,Sweet potatoes,1994,14
Import Quantity,t,Sweet potatoes,1995,7387
Import Value,1000 USD,Sweet potatoes,1995,3478
Export Quantity,t,Sweet potatoes,1995,95
Export Value,1000 USD,Sweet potatoes,1995,64
Import Quantity,t,Sweet potatoes,1996,4195
Import Value,1000 USD,Sweet potatoes,1996,3837
Export Quantity,t,Sweet potatoes,1996,118
Export Value,1000 USD,Sweet potatoes,1996,94
Import Quantity,t,Sweet potatoes,1997,4272
Import Value,1000 USD,Sweet potatoes,1997,4064
Export Quantity,t,Sweet potatoes,1997,201
Export Value,1000 USD,Sweet potatoes,1997,134
Import Quantity,t,Sweet potatoes,1998,5065
Import Value,1000 USD,Sweet potatoes,1998,5180
Export Quantity,t,Sweet potatoes,1998,175
Export Value,1000 USD,Sweet potatoes,1998,171
Import Quantity,t,Sweet potatoes,1999,6145
Import Value,1000 USD,Sweet potatoes,1999,5463
Export Quantity,t,Sweet potatoes,1999,985
Export Value,1000 USD,Sweet potatoes,1999,670
Import Quantity,t,Sweet potatoes,2000,7431
Import Value,1000 USD,Sweet potatoes,2000,5514
Export Quantity,t,Sweet potatoes,2000,587
Export Value,1000 USD,Sweet potatoes,2000,309
Import Quantity,t,Sweet potatoes,2001,9604
Import Value,1000 USD,Sweet potatoes,2001,7750
Export Quantity,t,Sweet potatoes,2001,585
Export Value,1000 USD,Sweet potatoes,2001,381
Import Quantity,t,Sweet potatoes,2002,11578
Import Value,1000 USD,Sweet potatoes,2002,9849
Export Quantity,t,Sweet potatoes,2002,370
Export Value,1000 USD,Sweet potatoes,2002,291
Import Quantity,t,Sweet potatoes,2003,13290
Import Value,1000 USD,Sweet potatoes,2003,14846
Export Quantity,t,Sweet potatoes,2003,116
Export Value,1000 USD,Sweet potatoes,2003,208
Import Quantity,t,Sweet potatoes,2004,15426
Import Value,1000 USD,Sweet potatoes,2004,17764
Export Quantity,t,Sweet potatoes,2004,134
Export Value,1000 USD,Sweet potatoes,2004,264
Import Quantity,t,Sweet potatoes,2005,25382
Import Value,1000 USD,Sweet potatoes,2005,29493
Export Quantity,t,Sweet potatoes,2005,342
Export Value,1000 USD,Sweet potatoes,2005,680
Import Quantity,t,Sweet potatoes,2006,35122
Import Value,1000 USD,Sweet potatoes,2006,38509
Export Quantity,t,Sweet potatoes,2006,474
Export Value,1000 USD,Sweet potatoes,2006,816
Import Quantity,t,Sweet potatoes,2007,37055
Import Value,1000 USD,Sweet potatoes,2007,40268
Export Quantity,t,Sweet potatoes,2007,311
Export Value,1000 USD,Sweet potatoes,2007,526
Import Quantity,t,Sweet potatoes,2008,40743
Import Value,1000 USD,Sweet potatoes,2008,38380
Export Quantity,t,Sweet potatoes,2008,394
Export Value,1000 USD,Sweet potatoes,2008,609
Import Quantity,t,Sweet potatoes,2009,38974
Import Value,1000 USD,Sweet potatoes,2009,29233
Export Quantity,t,Sweet potatoes,2009,2930
Export Value,1000 USD,Sweet potatoes,2009,3706
Import Quantity,t,Sweet potatoes,2010,42617
Import Value,1000 USD,Sweet potatoes,2010,31394
Export Quantity,t,Sweet potatoes,2010,2491
Export Value,1000 USD,Sweet potatoes,2010,3138
Import Quantity,t,Sweet potatoes,2011,45299
Import Value,1000 USD,Sweet potatoes,2011,38818
Export Quantity,t,Sweet potatoes,2011,3786
Export Value,1000 USD,Sweet potatoes,2011,4545
Import Quantity,t,Sweet potatoes,2012,52090
Import Value,1000 USD,Sweet potatoes,2012,42120
Export Quantity,t,Sweet potatoes,2012,3711
Export Value,1000 USD,Sweet potatoes,2012,3670
Import Quantity,t,Sweet potatoes,2013,66128
Import Value,1000 USD,Sweet potatoes,2013,50881
Export Quantity,t,Sweet potatoes,2013,6345
Export Value,1000 USD,Sweet potatoes,2013,7079
Import Quantity,t,Sweet potatoes,2014,81280.6
Import Value,1000 USD,Sweet potatoes,2014,72679
Export Quantity,t,Sweet potatoes,2014,4128.85
Export Value,1000 USD,Sweet potatoes,2014,5601
Import Quantity,t,Sweet potatoes,2015,133271.51
Import Value,1000 USD,Sweet potatoes,2015,100937
Export Quantity,t,Sweet potatoes,2015,6858.6
Export Value,1000 USD,Sweet potatoes,2015,7654
Import Quantity,t,Sweet potatoes,2016,157375.79
Import Value,1000 USD,Sweet potatoes,2016,112657
Export Quantity,t,Sweet potatoes,2016,14518.28
Export Value,1000 USD,Sweet potatoes,2016,14065
Import Quantity,t,Sweet potatoes,2017,156824.67
Import Value,1000 USD,Sweet potatoes,2017,106519
Export Quantity,t,Sweet potatoes,2017,14582.97
Export Value,1000 USD,Sweet potatoes,2017,14980
Import Quantity,t,Sweet potatoes,2018,147461.41
Import Value,1000 USD,Sweet potatoes,2018,103181
Export Quantity,t,Sweet potatoes,2018,11119.55
Export Value,1000 USD,Sweet potatoes,2018,11245
Import Quantity,t,Sweet potatoes,2019,136525.93
Import Value,1000 USD,Sweet potatoes,2019,105663
Export Quantity,t,Sweet potatoes,2019,10958.34
Export Value,1000 USD,Sweet potatoes,2019,14554
Import Quantity,t,Sweet potatoes,2020,159477.01
Import Value,1000 USD,Sweet potatoes,2020,120270
Export Quantity,t,Sweet potatoes,2020,10906.82
Export Value,1000 USD,Sweet potatoes,2020,12490
Import Quantity,t,Sweet potatoes,2021,159154.27
Import Value,1000 USD,Sweet potatoes,2021,124855
Export Quantity,t,Sweet potatoes,2021,7189.77
Export Value,1000 USD,Sweet potatoes,2021,10236
Import Quantity,t,Sweet potatoes,2022,125498.94
Import Value,1000 USD,Sweet potatoes,2022,94343
Export Quantity,t,Sweet potatoes,2022,3903.59
Export Value,1000 USD,Sweet potatoes,2022,6636
Import Quantity,t,Tea leaves,1961,251999
Import Value,1000 USD,Tea leaves,1961,322850
Export Quantity,t,Tea leaves,1961,14387
Export Value,1000 USD,Tea leaves,1961,24946
Import Quantity,t,Tea leaves,1962,252808
Import Value,1000 USD,Tea leaves,1962,323512
Export Quantity,t,Tea leaves,1962,17538
Export Value,1000 USD,Tea leaves,1962,27708
Import Quantity,t,Tea leaves,1963,255420
Import Value,1000 USD,Tea leaves,1963,319652
Export Quantity,t,Tea leaves,1963,16794
Export Value,1000 USD,Tea leaves,1963,26856
Import Quantity,t,Tea leaves,1964,242944
Import Value,1000 USD,Tea leaves,1964,305164
Export Quantity,t,Tea leaves,1964,18382
Export Value,1000 USD,Tea leaves,1964,29369
Import Quantity,t,Tea leaves,1965,253434
Import Value,1000 USD,Tea leaves,1965,301056
Export Quantity,t,Tea leaves,1965,17778
Export Value,1000 USD,Tea leaves,1965,31258
Import Quantity,t,Tea leaves,1966,232760
Import Value,1000 USD,Tea leaves,1966,277236
Export Quantity,t,Tea leaves,1966,18987
Export Value,1000 USD,Tea leaves,1966,33214
Import Quantity,t,Tea leaves,1967,247234
Import Value,1000 USD,Tea leaves,1967,290324
Export Quantity,t,Tea leaves,1967,17058
Export Value,1000 USD,Tea leaves,1967,28463
Import Quantity,t,Tea leaves,1968,269640
Import Value,1000 USD,Tea leaves,1968,269160
Export Quantity,t,Tea leaves,1968,20264
Export Value,1000 USD,Tea leaves,1968,33138
Import Quantity,t,Tea leaves,1969,212157
Import Value,1000 USD,Tea leaves,1969,198739
Export Quantity,t,Tea leaves,1969,22158
Export Value,1000 USD,Tea leaves,1969,36707
Import Quantity,t,Tea leaves,1970,252725
Import Value,1000 USD,Tea leaves,1970,251639
Export Quantity,t,Tea leaves,1970,19139
Export Value,1000 USD,Tea leaves,1970,35435
Import Quantity,t,Tea leaves,1971,226289
Import Value,1000 USD,Tea leaves,1971,231033
Export Quantity,t,Tea leaves,1971,22889
Export Value,1000 USD,Tea leaves,1971,44242
Import Quantity,t,Tea leaves,1972,211814
Import Value,1000 USD,Tea leaves,1972,205667
Export Quantity,t,Tea leaves,1972,19669
Export Value,1000 USD,Tea leaves,1972,43190
Import Quantity,t,Tea leaves,1973,211117
Import Value,1000 USD,Tea leaves,1973,203126
Export Quantity,t,Tea leaves,1973,25672
Export Value,1000 USD,Tea leaves,1973,54709
Import Quantity,t,Tea leaves,1974,234023
Import Value,1000 USD,Tea leaves,1974,274554
Export Quantity,t,Tea leaves,1974,25988
Export Value,1000 USD,Tea leaves,1974,64088
Import Quantity,t,Tea leaves,1975,218349
Import Value,1000 USD,Tea leaves,1975,285662
Export Quantity,t,Tea leaves,1975,25004
Export Value,1000 USD,Tea leaves,1975,70092
Import Quantity,t,Tea leaves,1976,224379
Import Value,1000 USD,Tea leaves,1976,300641
Export Quantity,t,Tea leaves,1976,24959
Export Value,1000 USD,Tea leaves,1976,68409
Import Quantity,t,Tea leaves,1977,243177
Import Value,1000 USD,Tea leaves,1977,585544
Export Quantity,t,Tea leaves,1977,34851
Export Value,1000 USD,Tea leaves,1977,137662
Import Quantity,t,Tea leaves,1978,177811
Import Value,1000 USD,Tea leaves,1978,368857
Export Quantity,t,Tea leaves,1978,28717
Export Value,1000 USD,Tea leaves,1978,133609
Import Quantity,t,Tea leaves,1979,197750
Import Value,1000 USD,Tea leaves,1979,403602
Export Quantity,t,Tea leaves,1979,24021
Export Value,1000 USD,Tea leaves,1979,132058
Import Quantity,t,Tea leaves,1980,210412
Import Value,1000 USD,Tea leaves,1980,463107
Export Quantity,t,Tea leaves,1980,24314
Export Value,1000 USD,Tea leaves,1980,149530
Import Quantity,t,Tea leaves,1981,160408
Import Value,1000 USD,Tea leaves,1981,301519
Export Quantity,t,Tea leaves,1981,25106
Export Value,1000 USD,Tea leaves,1981,144594
Import Quantity,t,Tea leaves,1982,207697
Import Value,1000 USD,Tea leaves,1982,367059
Export Quantity,t,Tea leaves,1982,24110
Export Value,1000 USD,Tea leaves,1982,130492
Import Quantity,t,Tea leaves,1983,184261
Import Value,1000 USD,Tea leaves,1983,351825
Export Quantity,t,Tea leaves,1983,29077
Export Value,1000 USD,Tea leaves,1983,141763
Import Quantity,t,Tea leaves,1984,217517
Import Value,1000 USD,Tea leaves,1984,646532
Export Quantity,t,Tea leaves,1984,33314
Export Value,1000 USD,Tea leaves,1984,181422
Import Quantity,t,Tea leaves,1985,188366
Import Value,1000 USD,Tea leaves,1985,430834
Export Quantity,t,Tea leaves,1985,33006
Export Value,1000 USD,Tea leaves,1985,182794
Import Quantity,t,Tea leaves,1986,202718
Import Value,1000 USD,Tea leaves,1986,381079
Export Quantity,t,Tea leaves,1986,31608
Export Value,1000 USD,Tea leaves,1986,174794
Import Quantity,t,Tea leaves,1987,177428
Import Value,1000 USD,Tea leaves,1987,325980
Export Quantity,t,Tea leaves,1987,34940
Export Value,1000 USD,Tea leaves,1987,201182
Import Quantity,t,Tea leaves,1988,191514
Import Value,1000 USD,Tea leaves,1988,352045
Export Quantity,t,Tea leaves,1988,28859
Export Value,1000 USD,Tea leaves,1988,193621
Import Quantity,t,Tea leaves,1989,192280
Import Value,1000 USD,Tea leaves,1989,347200
Export Quantity,t,Tea leaves,1989,29418
Export Value,1000 USD,Tea leaves,1989,194523
Import Quantity,t,Tea leaves,1990,177927
Import Value,1000 USD,Tea leaves,1990,380884
Export Quantity,t,Tea leaves,1990,36045
Export Value,1000 USD,Tea leaves,1990,244842
Import Quantity,t,Tea leaves,1991,178148
Import Value,1000 USD,Tea leaves,1991,332588
Export Quantity,t,Tea leaves,1991,32092
Export Value,1000 USD,Tea leaves,1991,242487
Import Quantity,t,Tea leaves,1992,175606
Import Value,1000 USD,Tea leaves,1992,329408
Export Quantity,t,Tea leaves,1992,30950
Export Value,1000 USD,Tea leaves,1992,241476
Import Quantity,t,Tea leaves,1993,193910
Import Value,1000 USD,Tea leaves,1993,341816
Export Quantity,t,Tea leaves,1993,46673
Export Value,1000 USD,Tea leaves,1993,232293
Import Quantity,t,Tea leaves,1994,182746
Import Value,1000 USD,Tea leaves,1994,327301
Export Quantity,t,Tea leaves,1994,34205
Export Value,1000 USD,Tea leaves,1994,198117
Import Quantity,t,Tea leaves,1995,169698
Import Value,1000 USD,Tea leaves,1995,296657
Export Quantity,t,Tea leaves,1995,33138
Export Value,1000 USD,Tea leaves,1995,202742
Import Quantity,t,Tea leaves,1996,180989
Import Value,1000 USD,Tea leaves,1996,317940
Export Quantity,t,Tea leaves,1996,33187
Export Value,1000 USD,Tea leaves,1996,221152
Import Quantity,t,Tea leaves,1997,181758
Import Value,1000 USD,Tea leaves,1997,352649
Export Quantity,t,Tea leaves,1997,31218
Export Value,1000 USD,Tea leaves,1997,245803
Import Quantity,t,Tea leaves,1998,175829
Import Value,1000 USD,Tea leaves,1998,365438
Export Quantity,t,Tea leaves,1998,29564
Export Value,1000 USD,Tea leaves,1998,245732
Import Quantity,t,Tea leaves,1999,162416
Import Value,1000 USD,Tea leaves,1999,324688
Export Quantity,t,Tea leaves,1999,29509
Export Value,1000 USD,Tea leaves,1999,195131
Import Quantity,t,Tea leaves,2000,155880
Import Value,1000 USD,Tea leaves,2000,314603
Export Quantity,t,Tea leaves,2000,22501
Export Value,1000 USD,Tea leaves,2000,160873
Import Quantity,t,Tea leaves,2001,164016
Import Value,1000 USD,Tea leaves,2001,289677
Export Quantity,t,Tea leaves,2001,27282
Export Value,1000 USD,Tea leaves,2001,169496
Import Quantity,t,Tea leaves,2002,164070
Import Value,1000 USD,Tea leaves,2002,282789
Export Quantity,t,Tea leaves,2002,29888
Export Value,1000 USD,Tea leaves,2002,191918
Import Quantity,t,Tea leaves,2003,156636
Import Value,1000 USD,Tea leaves,2003,271749
Export Quantity,t,Tea leaves,2003,37319
Export Value,1000 USD,Tea leaves,2003,239928
Import Quantity,t,Tea leaves,2004,156311
Import Value,1000 USD,Tea leaves,2004,292019
Export Quantity,t,Tea leaves,2004,28528
Export Value,1000 USD,Tea leaves,2004,259008
Import Quantity,t,Tea leaves,2005,153417
Import Value,1000 USD,Tea leaves,2005,274045
Export Quantity,t,Tea leaves,2005,25163
Export Value,1000 USD,Tea leaves,2005,235886
Import Quantity,t,Tea leaves,2006,161981
Import Value,1000 USD,Tea leaves,2006,331383
Export Quantity,t,Tea leaves,2006,25905
Export Value,1000 USD,Tea leaves,2006,278688
Import Quantity,t,Tea leaves,2007,157280
Import Value,1000 USD,Tea leaves,2007,307293
Export Quantity,t,Tea leaves,2007,25353
Export Value,1000 USD,Tea leaves,2007,307616
Import Quantity,t,Tea leaves,2008,157593
Import Value,1000 USD,Tea leaves,2008,367564
Export Quantity,t,Tea leaves,2008,27652
Export Value,1000 USD,Tea leaves,2008,324694
Import Quantity,t,Tea leaves,2009,145960
Import Value,1000 USD,Tea leaves,2009,368115
Export Quantity,t,Tea leaves,2009,27741
Export Value,1000 USD,Tea leaves,2009,281126
Import Quantity,t,Tea leaves,2010,149821
Import Value,1000 USD,Tea leaves,2010,420716
Export Quantity,t,Tea leaves,2010,30676
Export Value,1000 USD,Tea leaves,2010,327691
Import Quantity,t,Tea leaves,2011,154552
Import Value,1000 USD,Tea leaves,2011,462095
Export Quantity,t,Tea leaves,2011,26436
Export Value,1000 USD,Tea leaves,2011,262959
Import Quantity,t,Tea leaves,2012,144587
Import Value,1000 USD,Tea leaves,2012,440515
Export Quantity,t,Tea leaves,2012,21258
Export Value,1000 USD,Tea leaves,2012,196242
Import Quantity,t,Tea leaves,2013,137581
Import Value,1000 USD,Tea leaves,2013,423099
Export Quantity,t,Tea leaves,2013,22370
Export Value,1000 USD,Tea leaves,2013,185166
Import Quantity,t,Tea leaves,2014,126518.25
Import Value,1000 USD,Tea leaves,2014,365239
Export Quantity,t,Tea leaves,2014,20744.48
Export Value,1000 USD,Tea leaves,2014,146984
Import Quantity,t,Tea leaves,2015,133502.54
Import Value,1000 USD,Tea leaves,2015,392411
Export Quantity,t,Tea leaves,2015,20094.67
Export Value,1000 USD,Tea leaves,2015,141141
Import Quantity,t,Tea leaves,2016,126282.21
Import Value,1000 USD,Tea leaves,2016,356023
Export Quantity,t,Tea leaves,2016,18706.5
Export Value,1000 USD,Tea leaves,2016,130611
Import Quantity,t,Tea leaves,2017,125810.44
Import Value,1000 USD,Tea leaves,2017,396928
Export Quantity,t,Tea leaves,2017,18862.85
Export Value,1000 USD,Tea leaves,2017,133673
Import Quantity,t,Tea leaves,2018,125691.85
Import Value,1000 USD,Tea leaves,2018,393130
Export Quantity,t,Tea leaves,2018,18107.34
Export Value,1000 USD,Tea leaves,2018,135796
Import Quantity,t,Tea leaves,2019,123021.16
Import Value,1000 USD,Tea leaves,2019,348753
Export Quantity,t,Tea leaves,2019,19153.63
Export Value,1000 USD,Tea leaves,2019,133981
Import Quantity,t,Tea leaves,2020,129864.71
Import Value,1000 USD,Tea leaves,2020,349763
Export Quantity,t,Tea leaves,2020,19087.42
Export Value,1000 USD,Tea leaves,2020,136347
Import Quantity,t,Tea leaves,2021,108237.34
Import Value,1000 USD,Tea leaves,2021,307439
Export Quantity,t,Tea leaves,2021,16463.31
Export Value,1000 USD,Tea leaves,2021,135728
Import Quantity,t,Tea leaves,2022,116640.71
Import Value,1000 USD,Tea leaves,2022,355780
Export Quantity,t,Tea leaves,2022,16992.15
Export Value,1000 USD,Tea leaves,2022,123325
Import Quantity,t,Tomatoes,1961,160498
Import Value,1000 USD,Tomatoes,1961,51783
Export Quantity,t,Tomatoes,1961,222
Export Value,1000 USD,Tomatoes,1961,72
Import Quantity,t,Tomatoes,1962,154738
Import Value,1000 USD,Tomatoes,1962,51657
Export Quantity,t,Tomatoes,1962,84
Export Value,1000 USD,Tomatoes,1962,25
Import Quantity,t,Tomatoes,1963,165262
Import Value,1000 USD,Tomatoes,1963,58041
Export Quantity,t,Tomatoes,1963,197
Export Value,1000 USD,Tomatoes,1963,69
Import Quantity,t,Tomatoes,1964,168543
Import Value,1000 USD,Tomatoes,1964,64565
Export Quantity,t,Tomatoes,1964,387
Export Value,1000 USD,Tomatoes,1964,202
Import Quantity,t,Tomatoes,1965,166263
Import Value,1000 USD,Tomatoes,1965,59088
Export Quantity,t,Tomatoes,1965,76
Export Value,1000 USD,Tomatoes,1965,26
Import Quantity,t,Tomatoes,1966,157409
Import Value,1000 USD,Tomatoes,1966,61816
Export Quantity,t,Tomatoes,1966,677
Export Value,1000 USD,Tomatoes,1966,484
Import Quantity,t,Tomatoes,1967,158427
Import Value,1000 USD,Tomatoes,1967,58208
Export Quantity,t,Tomatoes,1967,271
Export Value,1000 USD,Tomatoes,1967,96
Import Quantity,t,Tomatoes,1968,170106
Import Value,1000 USD,Tomatoes,1968,57300
Export Quantity,t,Tomatoes,1968,94
Export Value,1000 USD,Tomatoes,1968,34
Import Quantity,t,Tomatoes,1969,160863
Import Value,1000 USD,Tomatoes,1969,58680
Export Quantity,t,Tomatoes,1969,486
Export Value,1000 USD,Tomatoes,1969,258
Import Quantity,t,Tomatoes,1970,164756
Import Value,1000 USD,Tomatoes,1970,66870
Export Quantity,t,Tomatoes,1970,612
Export Value,1000 USD,Tomatoes,1970,334
Import Quantity,t,Tomatoes,1971,162505
Import Value,1000 USD,Tomatoes,1971,77423
Export Quantity,t,Tomatoes,1971,1233
Export Value,1000 USD,Tomatoes,1971,745
Import Quantity,t,Tomatoes,1972,158778
Import Value,1000 USD,Tomatoes,1972,84040
Export Quantity,t,Tomatoes,1972,1105
Export Value,1000 USD,Tomatoes,1972,648
Import Quantity,t,Tomatoes,1973,141895
Import Value,1000 USD,Tomatoes,1973,88859
Export Quantity,t,Tomatoes,1973,555
Export Value,1000 USD,Tomatoes,1973,419
Import Quantity,t,Tomatoes,1974,145002
Import Value,1000 USD,Tomatoes,1974,104874
Export Quantity,t,Tomatoes,1974,529
Export Value,1000 USD,Tomatoes,1974,430
Import Quantity,t,Tomatoes,1975,142754
Import Value,1000 USD,Tomatoes,1975,114942
Export Quantity,t,Tomatoes,1975,1346
Export Value,1000 USD,Tomatoes,1975,1098
Import Quantity,t,Tomatoes,1976,130927
Import Value,1000 USD,Tomatoes,1976,96935
Export Quantity,t,Tomatoes,1976,3077
Export Value,1000 USD,Tomatoes,1976,2525
Import Quantity,t,Tomatoes,1977,140657
Import Value,1000 USD,Tomatoes,1977,111521
Export Quantity,t,Tomatoes,1977,7120
Export Value,1000 USD,Tomatoes,1977,5659
Import Quantity,t,Tomatoes,1978,143586
Import Value,1000 USD,Tomatoes,1978,145185
Export Quantity,t,Tomatoes,1978,7019
Export Value,1000 USD,Tomatoes,1978,7716
Import Quantity,t,Tomatoes,1979,152428
Import Value,1000 USD,Tomatoes,1979,159057
Export Quantity,t,Tomatoes,1979,6058
Export Value,1000 USD,Tomatoes,1979,7571
Import Quantity,t,Tomatoes,1980,177832
Import Value,1000 USD,Tomatoes,1980,236889
Export Quantity,t,Tomatoes,1980,5177
Export Value,1000 USD,Tomatoes,1980,8032
Import Quantity,t,Tomatoes,1981,207009
Import Value,1000 USD,Tomatoes,1981,196170
Export Quantity,t,Tomatoes,1981,4142
Export Value,1000 USD,Tomatoes,1981,5080
Import Quantity,t,Tomatoes,1982,205415
Import Value,1000 USD,Tomatoes,1982,157303
Export Quantity,t,Tomatoes,1982,7165
Export Value,1000 USD,Tomatoes,1982,7040
Import Quantity,t,Tomatoes,1983,217628
Import Value,1000 USD,Tomatoes,1983,162572
Export Quantity,t,Tomatoes,1983,7107
Export Value,1000 USD,Tomatoes,1983,6652
Import Quantity,t,Tomatoes,1984,235896
Import Value,1000 USD,Tomatoes,1984,154286
Export Quantity,t,Tomatoes,1984,6833
Export Value,1000 USD,Tomatoes,1984,5850
Import Quantity,t,Tomatoes,1985,253525
Import Value,1000 USD,Tomatoes,1985,150002
Export Quantity,t,Tomatoes,1985,7255
Export Value,1000 USD,Tomatoes,1985,6727
Import Quantity,t,Tomatoes,1986,256629
Import Value,1000 USD,Tomatoes,1986,194779
Export Quantity,t,Tomatoes,1986,8422
Export Value,1000 USD,Tomatoes,1986,8394
Import Quantity,t,Tomatoes,1987,256602
Import Value,1000 USD,Tomatoes,1987,236450
Export Quantity,t,Tomatoes,1987,6503
Export Value,1000 USD,Tomatoes,1987,8384
Import Quantity,t,Tomatoes,1988,266115
Import Value,1000 USD,Tomatoes,1988,279153
Export Quantity,t,Tomatoes,1988,7032
Export Value,1000 USD,Tomatoes,1988,10500
Import Quantity,t,Tomatoes,1989,272579
Import Value,1000 USD,Tomatoes,1989,253051
Export Quantity,t,Tomatoes,1989,5745
Export Value,1000 USD,Tomatoes,1989,7172
Import Quantity,t,Tomatoes,1990,253157
Import Value,1000 USD,Tomatoes,1990,307545
Export Quantity,t,Tomatoes,1990,4994
Export Value,1000 USD,Tomatoes,1990,8599
Import Quantity,t,Tomatoes,1991,251155
Import Value,1000 USD,Tomatoes,1991,295716
Export Quantity,t,Tomatoes,1991,7203
Export Value,1000 USD,Tomatoes,1991,10913
Import Quantity,t,Tomatoes,1992,250486
Import Value,1000 USD,Tomatoes,1992,269803
Export Quantity,t,Tomatoes,1992,8889
Export Value,1000 USD,Tomatoes,1992,13363
Import Quantity,t,Tomatoes,1993,263000
Import Value,1000 USD,Tomatoes,1993,287000
Export Quantity,t,Tomatoes,1993,2864
Export Value,1000 USD,Tomatoes,1993,3347
Import Quantity,t,Tomatoes,1994,241983
Import Value,1000 USD,Tomatoes,1994,256945
Export Quantity,t,Tomatoes,1994,14650
Export Value,1000 USD,Tomatoes,1994,15163
Import Quantity,t,Tomatoes,1995,250932
Import Value,1000 USD,Tomatoes,1995,283206
Export Quantity,t,Tomatoes,1995,4629
Export Value,1000 USD,Tomatoes,1995,4663
Import Quantity,t,Tomatoes,1996,276708
Import Value,1000 USD,Tomatoes,1996,295166
Export Quantity,t,Tomatoes,1996,6709
Export Value,1000 USD,Tomatoes,1996,8553
Import Quantity,t,Tomatoes,1997,296721
Import Value,1000 USD,Tomatoes,1997,299905
Export Quantity,t,Tomatoes,1997,4558
Export Value,1000 USD,Tomatoes,1997,5323
Import Quantity,t,Tomatoes,1998,304678
Import Value,1000 USD,Tomatoes,1998,315163
Export Quantity,t,Tomatoes,1998,3799
Export Value,1000 USD,Tomatoes,1998,4295
Import Quantity,t,Tomatoes,1999,304378
Import Value,1000 USD,Tomatoes,1999,355133
Export Quantity,t,Tomatoes,1999,4714
Export Value,1000 USD,Tomatoes,1999,6041
Import Quantity,t,Tomatoes,2000,282628
Import Value,1000 USD,Tomatoes,2000,366357
Export Quantity,t,Tomatoes,2000,5532
Export Value,1000 USD,Tomatoes,2000,6844
Import Quantity,t,Tomatoes,2001,307211
Import Value,1000 USD,Tomatoes,2001,349541
Export Quantity,t,Tomatoes,2001,4728
Export Value,1000 USD,Tomatoes,2001,6125
Import Quantity,t,Tomatoes,2002,314965
Import Value,1000 USD,Tomatoes,2002,460264
Export Quantity,t,Tomatoes,2002,5270
Export Value,1000 USD,Tomatoes,2002,9195
Import Quantity,t,Tomatoes,2003,334684
Import Value,1000 USD,Tomatoes,2003,521164
Export Quantity,t,Tomatoes,2003,4083
Export Value,1000 USD,Tomatoes,2003,8110
Import Quantity,t,Tomatoes,2004,386443
Import Value,1000 USD,Tomatoes,2004,575714
Export Quantity,t,Tomatoes,2004,4775
Export Value,1000 USD,Tomatoes,2004,9441
Import Quantity,t,Tomatoes,2005,417236
Import Value,1000 USD,Tomatoes,2005,680859
Export Quantity,t,Tomatoes,2005,4519
Export Value,1000 USD,Tomatoes,2005,9407
Import Quantity,t,Tomatoes,2006,442434
Import Value,1000 USD,Tomatoes,2006,675524
Export Quantity,t,Tomatoes,2006,4395
Export Value,1000 USD,Tomatoes,2006,8244
Import Quantity,t,Tomatoes,2007,419643
Import Value,1000 USD,Tomatoes,2007,772704
Export Quantity,t,Tomatoes,2007,4595
Export Value,1000 USD,Tomatoes,2007,10595
Import Quantity,t,Tomatoes,2008,419045
Import Value,1000 USD,Tomatoes,2008,745788
Export Quantity,t,Tomatoes,2008,5011
Export Value,1000 USD,Tomatoes,2008,10738
Import Quantity,t,Tomatoes,2009,396675
Import Value,1000 USD,Tomatoes,2009,633999
Export Quantity,t,Tomatoes,2009,6714
Export Value,1000 USD,Tomatoes,2009,12079
Import Quantity,t,Tomatoes,2010,386509
Import Value,1000 USD,Tomatoes,2010,672351
Export Quantity,t,Tomatoes,2010,4613
Export Value,1000 USD,Tomatoes,2010,10328
Import Quantity,t,Tomatoes,2011,414381
Import Value,1000 USD,Tomatoes,2011,690234
Export Quantity,t,Tomatoes,2011,5591
Export Value,1000 USD,Tomatoes,2011,11824
Import Quantity,t,Tomatoes,2012,409238
Import Value,1000 USD,Tomatoes,2012,671226
Export Quantity,t,Tomatoes,2012,6185
Export Value,1000 USD,Tomatoes,2012,12532
Import Quantity,t,Tomatoes,2013,422971
Import Value,1000 USD,Tomatoes,2013,657029
Export Quantity,t,Tomatoes,2013,3713
Export Value,1000 USD,Tomatoes,2013,8826
Import Quantity,t,Tomatoes,2014,395513.2
Import Value,1000 USD,Tomatoes,2014,652090
Export Quantity,t,Tomatoes,2014,3022.14
Export Value,1000 USD,Tomatoes,2014,6796
Import Quantity,t,Tomatoes,2015,375619.1
Import Value,1000 USD,Tomatoes,2015,603657
Export Quantity,t,Tomatoes,2015,3748.43
Export Value,1000 USD,Tomatoes,2015,7693
Import Quantity,t,Tomatoes,2016,380443.75
Import Value,1000 USD,Tomatoes,2016,583076
Export Quantity,t,Tomatoes,2016,3636.19
Export Value,1000 USD,Tomatoes,2016,7539
Import Quantity,t,Tomatoes,2017,374633.31
Import Value,1000 USD,Tomatoes,2017,638292
Export Quantity,t,Tomatoes,2017,4245.07
Export Value,1000 USD,Tomatoes,2017,9811
Import Quantity,t,Tomatoes,2018,382143.95
Import Value,1000 USD,Tomatoes,2018,647610
Export Quantity,t,Tomatoes,2018,4714.15
Export Value,1000 USD,Tomatoes,2018,11177
Import Quantity,t,Tomatoes,2019,388990.85
Import Value,1000 USD,Tomatoes,2019,614356
Export Quantity,t,Tomatoes,2019,4361.49
Export Value,1000 USD,Tomatoes,2019,9942
Import Quantity,t,Tomatoes,2020,382695.86
Import Value,1000 USD,Tomatoes,2020,636456
Export Quantity,t,Tomatoes,2020,3617.59
Export Value,1000 USD,Tomatoes,2020,8545
Import Quantity,t,Tomatoes,2021,334780.94
Import Value,1000 USD,Tomatoes,2021,622406
Export Quantity,t,Tomatoes,2021,2053.74
Export Value,1000 USD,Tomatoes,2021,4778
Import Quantity,t,Tomatoes,2022,385339.69
Import Value,1000 USD,Tomatoes,2022,688752
Export Quantity,t,Tomatoes,2022,1728.81
Export Value,1000 USD,Tomatoes,2022,5005
Import Quantity,t,"Vanilla, raw",1961,25
Import Value,1000 USD,"Vanilla, raw",1961,356
Export Quantity,t,"Vanilla, raw",1961,5
Export Value,1000 USD,"Vanilla, raw",1961,54
Import Quantity,t,"Vanilla, raw",1962,25
Import Value,1000 USD,"Vanilla, raw",1962,340
Export Quantity,t,"Vanilla, raw",1962,2
Export Value,1000 USD,"Vanilla, raw",1962,25
Import Quantity,t,"Vanilla, raw",1963,15
Import Value,1000 USD,"Vanilla, raw",1963,204
Export Quantity,t,"Vanilla, raw",1963,1
Export Value,1000 USD,"Vanilla, raw",1963,16
Import Quantity,t,"Vanilla, raw",1964,21
Import Value,1000 USD,"Vanilla, raw",1964,238
Export Quantity,t,"Vanilla, raw",1964,1
Export Value,1000 USD,"Vanilla, raw",1964,11
Import Quantity,t,"Vanilla, raw",1965,20
Import Value,1000 USD,"Vanilla, raw",1965,204
Export Quantity,t,"Vanilla, raw",1965,3
Export Value,1000 USD,"Vanilla, raw",1965,30
Import Quantity,t,"Vanilla, raw",1966,24
Import Value,1000 USD,"Vanilla, raw",1966,260
Export Quantity,t,"Vanilla, raw",1966,5
Export Value,1000 USD,"Vanilla, raw",1966,48
Import Quantity,t,"Vanilla, raw",1967,20
Import Value,1000 USD,"Vanilla, raw",1967,229
Export Quantity,t,"Vanilla, raw",1967,1
Export Value,1000 USD,"Vanilla, raw",1967,11
Import Quantity,t,"Vanilla, raw",1968,23
Import Value,1000 USD,"Vanilla, raw",1968,262
Export Quantity,t,"Vanilla, raw",1968,1
Export Value,1000 USD,"Vanilla, raw",1968,12
Import Quantity,t,"Vanilla, raw",1969,25
Import Value,1000 USD,"Vanilla, raw",1969,276
Export Quantity,t,"Vanilla, raw",1969,1
Export Value,1000 USD,"Vanilla, raw",1969,14
Import Quantity,t,"Vanilla, raw",1970,19
Import Value,1000 USD,"Vanilla, raw",1970,225
Export Quantity,t,"Vanilla, raw",1970,1
Export Value,1000 USD,"Vanilla, raw",1970,14
Import Quantity,t,"Vanilla, raw",1971,16
Import Value,1000 USD,"Vanilla, raw",1971,206
Export Quantity,t,"Vanilla, raw",1971,1
Export Value,1000 USD,"Vanilla, raw",1971,16
Import Quantity,t,"Vanilla, raw",1972,14
Import Value,1000 USD,"Vanilla, raw",1972,233
Export Quantity,t,"Vanilla, raw",1972,0
Export Value,1000 USD,"Vanilla, raw",1972,5
Import Quantity,t,"Vanilla, raw",1973,22
Import Value,1000 USD,"Vanilla, raw",1973,314
Export Quantity,t,"Vanilla, raw",1973,1
Export Value,1000 USD,"Vanilla, raw",1973,7
Import Quantity,t,"Vanilla, raw",1974,27
Import Value,1000 USD,"Vanilla, raw",1974,374
Export Quantity,t,"Vanilla, raw",1974,1
Export Value,1000 USD,"Vanilla, raw",1974,7
Import Quantity,t,"Vanilla, raw",1975,14
Import Value,1000 USD,"Vanilla, raw",1975,256
Export Quantity,t,"Vanilla, raw",1975,24
Export Value,1000 USD,"Vanilla, raw",1975,100
Import Quantity,t,"Vanilla, raw",1976,28
Import Value,1000 USD,"Vanilla, raw",1976,464
Export Quantity,t,"Vanilla, raw",1976,9
Export Value,1000 USD,"Vanilla, raw",1976,43
Import Quantity,t,"Vanilla, raw",1977,38
Import Value,1000 USD,"Vanilla, raw",1977,770
Export Quantity,t,"Vanilla, raw",1977,3
Export Value,1000 USD,"Vanilla, raw",1977,31
Import Quantity,t,"Vanilla, raw",1978,42
Import Value,1000 USD,"Vanilla, raw",1978,1208
Export Quantity,t,"Vanilla, raw",1978,7
Export Value,1000 USD,"Vanilla, raw",1978,46
Import Quantity,t,"Vanilla, raw",1979,23
Import Value,1000 USD,"Vanilla, raw",1979,1333
Export Quantity,t,"Vanilla, raw",1979,2
Export Value,1000 USD,"Vanilla, raw",1979,168
Import Quantity,t,"Vanilla, raw",1980,14
Import Value,1000 USD,"Vanilla, raw",1980,1362
Export Quantity,t,"Vanilla, raw",1980,1
Export Value,1000 USD,"Vanilla, raw",1980,47
Import Quantity,t,"Vanilla, raw",1981,11
Import Value,1000 USD,"Vanilla, raw",1981,663
Export Quantity,t,"Vanilla, raw",1981,1
Export Value,1000 USD,"Vanilla, raw",1981,22
Import Quantity,t,"Vanilla, raw",1982,12
Import Value,1000 USD,"Vanilla, raw",1982,676
Export Quantity,t,"Vanilla, raw",1982,19
Export Value,1000 USD,"Vanilla, raw",1982,165
Import Quantity,t,"Vanilla, raw",1983,20
Import Value,1000 USD,"Vanilla, raw",1983,1121
Export Quantity,t,"Vanilla, raw",1983,3
Export Value,1000 USD,"Vanilla, raw",1983,30
Import Quantity,t,"Vanilla, raw",1984,20
Import Value,1000 USD,"Vanilla, raw",1984,1145
Export Quantity,t,"Vanilla, raw",1984,8
Export Value,1000 USD,"Vanilla, raw",1984,118
Import Quantity,t,"Vanilla, raw",1985,9
Import Value,1000 USD,"Vanilla, raw",1985,598
Export Quantity,t,"Vanilla, raw",1985,9
Export Value,1000 USD,"Vanilla, raw",1985,43
Import Quantity,t,"Vanilla, raw",1986,14
Import Value,1000 USD,"Vanilla, raw",1986,914
Export Quantity,t,"Vanilla, raw",1986,12
Export Value,1000 USD,"Vanilla, raw",1986,144
Import Quantity,t,"Vanilla, raw",1987,14
Import Value,1000 USD,"Vanilla, raw",1987,1009
Export Quantity,t,"Vanilla, raw",1987,3
Export Value,1000 USD,"Vanilla, raw",1987,104
Import Quantity,t,"Vanilla, raw",1988,20
Import Value,1000 USD,"Vanilla, raw",1988,923
Export Quantity,t,"Vanilla, raw",1988,4
Export Value,1000 USD,"Vanilla, raw",1988,59
Import Quantity,t,"Vanilla, raw",1989,25
Import Value,1000 USD,"Vanilla, raw",1989,1162
Export Quantity,t,"Vanilla, raw",1989,4
Export Value,1000 USD,"Vanilla, raw",1989,52
Import Quantity,t,"Vanilla, raw",1990,32
Import Value,1000 USD,"Vanilla, raw",1990,1986
Export Quantity,t,"Vanilla, raw",1990,5
Export Value,1000 USD,"Vanilla, raw",1990,97
Import Quantity,t,"Vanilla, raw",1991,24
Import Value,1000 USD,"Vanilla, raw",1991,1679
Export Quantity,t,"Vanilla, raw",1991,2
Export Value,1000 USD,"Vanilla, raw",1991,17
Import Quantity,t,"Vanilla, raw",1992,14
Import Value,1000 USD,"Vanilla, raw",1992,999
Export Quantity,t,"Vanilla, raw",1992,19
Export Value,1000 USD,"Vanilla, raw",1992,455
Import Quantity,t,"Vanilla, raw",1993,23
Import Value,1000 USD,"Vanilla, raw",1993,1161
Export Quantity,t,"Vanilla, raw",1993,31
Export Value,1000 USD,"Vanilla, raw",1993,106
Import Quantity,t,"Vanilla, raw",1994,49
Import Value,1000 USD,"Vanilla, raw",1994,1610
Export Quantity,t,"Vanilla, raw",1994,11
Export Value,1000 USD,"Vanilla, raw",1994,111
Import Quantity,t,"Vanilla, raw",1995,62
Import Value,1000 USD,"Vanilla, raw",1995,2688
Export Quantity,t,"Vanilla, raw",1995,11
Export Value,1000 USD,"Vanilla, raw",1995,268
Import Quantity,t,"Vanilla, raw",1996,79
Import Value,1000 USD,"Vanilla, raw",1996,2375
Export Quantity,t,"Vanilla, raw",1996,37
Export Value,1000 USD,"Vanilla, raw",1996,1097
Import Quantity,t,"Vanilla, raw",1997,174
Import Value,1000 USD,"Vanilla, raw",1997,3047
Export Quantity,t,"Vanilla, raw",1997,107
Export Value,1000 USD,"Vanilla, raw",1997,2276
Import Quantity,t,"Vanilla, raw",1998,283
Import Value,1000 USD,"Vanilla, raw",1998,3799
Export Quantity,t,"Vanilla, raw",1998,134
Export Value,1000 USD,"Vanilla, raw",1998,2976
Import Quantity,t,"Vanilla, raw",1999,441
Import Value,1000 USD,"Vanilla, raw",1999,6027
Export Quantity,t,"Vanilla, raw",1999,163
Export Value,1000 USD,"Vanilla, raw",1999,3796
Import Quantity,t,"Vanilla, raw",2000,298
Import Value,1000 USD,"Vanilla, raw",2000,6494
Export Quantity,t,"Vanilla, raw",2000,193
Export Value,1000 USD,"Vanilla, raw",2000,5875
Import Quantity,t,"Vanilla, raw",2001,365
Import Value,1000 USD,"Vanilla, raw",2001,16620
Export Quantity,t,"Vanilla, raw",2001,652
Export Value,1000 USD,"Vanilla, raw",2001,16316
Import Quantity,t,"Vanilla, raw",2002,218
Import Value,1000 USD,"Vanilla, raw",2002,15655
Export Quantity,t,"Vanilla, raw",2002,89
Export Value,1000 USD,"Vanilla, raw",2002,13726
Import Quantity,t,"Vanilla, raw",2003,324
Import Value,1000 USD,"Vanilla, raw",2003,16629
Export Quantity,t,"Vanilla, raw",2003,98
Export Value,1000 USD,"Vanilla, raw",2003,12782
Import Quantity,t,"Vanilla, raw",2004,114
Import Value,1000 USD,"Vanilla, raw",2004,12982
Export Quantity,t,"Vanilla, raw",2004,7
Export Value,1000 USD,"Vanilla, raw",2004,406
Import Quantity,t,"Vanilla, raw",2005,77
Import Value,1000 USD,"Vanilla, raw",2005,3860
Export Quantity,t,"Vanilla, raw",2005,22
Export Value,1000 USD,"Vanilla, raw",2005,658
Import Quantity,t,"Vanilla, raw",2006,174
Import Value,1000 USD,"Vanilla, raw",2006,2563
Export Quantity,t,"Vanilla, raw",2006,19
Export Value,1000 USD,"Vanilla, raw",2006,316
Import Quantity,t,"Vanilla, raw",2007,135
Import Value,1000 USD,"Vanilla, raw",2007,3781
Export Quantity,t,"Vanilla, raw",2007,11
Export Value,1000 USD,"Vanilla, raw",2007,310
Import Quantity,t,"Vanilla, raw",2008,138
Import Value,1000 USD,"Vanilla, raw",2008,4165
Export Quantity,t,"Vanilla, raw",2008,26
Export Value,1000 USD,"Vanilla, raw",2008,465
Import Quantity,t,"Vanilla, raw",2009,323
Import Value,1000 USD,"Vanilla, raw",2009,5469
Export Quantity,t,"Vanilla, raw",2009,10
Export Value,1000 USD,"Vanilla, raw",2009,106
Import Quantity,t,"Vanilla, raw",2010,489
Import Value,1000 USD,"Vanilla, raw",2010,4520
Export Quantity,t,"Vanilla, raw",2010,77
Export Value,1000 USD,"Vanilla, raw",2010,438
Import Quantity,t,"Vanilla, raw",2011,652
Import Value,1000 USD,"Vanilla, raw",2011,6015
Export Quantity,t,"Vanilla, raw",2011,115
Export Value,1000 USD,"Vanilla, raw",2011,727
Import Quantity,t,"Vanilla, raw",2012,636
Import Value,1000 USD,"Vanilla, raw",2012,6175
Export Quantity,t,"Vanilla, raw",2012,26
Export Value,1000 USD,"Vanilla, raw",2012,355
Import Quantity,t,"Vanilla, raw",2013,375
Import Value,1000 USD,"Vanilla, raw",2013,6004
Export Quantity,t,"Vanilla, raw",2013,37
Export Value,1000 USD,"Vanilla, raw",2013,471
Import Quantity,t,"Vanilla, raw",2014,266.51
Import Value,1000 USD,"Vanilla, raw",2014,5671
Export Quantity,t,"Vanilla, raw",2014,19.86
Export Value,1000 USD,"Vanilla, raw",2014,457
Import Quantity,t,"Vanilla, raw",2015,296.24
Import Value,1000 USD,"Vanilla, raw",2015,7834
Export Quantity,t,"Vanilla, raw",2015,29.74
Export Value,1000 USD,"Vanilla, raw",2015,784
Import Quantity,t,"Vanilla, raw",2016,241.34
Import Value,1000 USD,"Vanilla, raw",2016,12644
Export Quantity,t,"Vanilla, raw",2016,29.69
Export Value,1000 USD,"Vanilla, raw",2016,3686
Import Quantity,t,"Vanilla, raw",2017,307.01
Import Value,1000 USD,"Vanilla, raw",2017,14799
Export Quantity,t,"Vanilla, raw",2017,34.23
Export Value,1000 USD,"Vanilla, raw",2017,3114
Import Quantity,t,"Vanilla, raw",2018,238.71
Import Value,1000 USD,"Vanilla, raw",2018,13076
Export Quantity,t,"Vanilla, raw",2018,42.78
Export Value,1000 USD,"Vanilla, raw",2018,5051
Import Quantity,t,"Vanilla, raw",2019,893.66
Import Value,1000 USD,"Vanilla, raw",2019,13206
Export Quantity,t,"Vanilla, raw",2019,37.31
Export Value,1000 USD,"Vanilla, raw",2019,4204
Import Quantity,t,"Vanilla, raw",2020,174.17
Import Value,1000 USD,"Vanilla, raw",2020,10342
Export Quantity,t,"Vanilla, raw",2020,31.2
Export Value,1000 USD,"Vanilla, raw",2020,4557
Import Quantity,t,"Vanilla, raw",2021,68.69
Import Value,1000 USD,"Vanilla, raw",2021,7712
Export Quantity,t,"Vanilla, raw",2021,21.85
Export Value,1000 USD,"Vanilla, raw",2021,1826
Import Quantity,t,"Vanilla, raw",2022,315.42
Import Value,1000 USD,"Vanilla, raw",2022,14329
Export Quantity,t,"Vanilla, raw",2022,35.14
Export Value,1000 USD,"Vanilla, raw",2022,2982
Import Quantity,t,"Vegetable products, fresh or dry n.e.c.",1961,0
Import Value,1000 USD,"Vegetable products, fresh or dry n.e.c.",1961,0
Export Quantity,t,"Vegetable products, fresh or dry n.e.c.",1961,26
Export Value,1000 USD,"Vegetable products, fresh or dry n.e.c.",1961,8
Import Quantity,t,"Vegetable products, fresh or dry n.e.c.",1962,0
Import Value,1000 USD,"Vegetable products, fresh or dry n.e.c.",1962,0
Export Quantity,t,"Vegetable products, fresh or dry n.e.c.",1962,10
Export Value,1000 USD,"Vegetable products, fresh or dry n.e.c.",1962,4
Import Quantity,t,"Vegetable products, fresh or dry n.e.c.",1963,830
Import Value,1000 USD,"Vegetable products, fresh or dry n.e.c.",1963,686
Export Quantity,t,"Vegetable products, fresh or dry n.e.c.",1963,2390
Export Value,1000 USD,"Vegetable products, fresh or dry n.e.c.",1963,1983
Import Quantity,t,"Vegetable products, fresh or dry n.e.c.",1964,639
Import Value,1000 USD,"Vegetable products, fresh or dry n.e.c.",1964,414
Export Quantity,t,"Vegetable products, fresh or dry n.e.c.",1964,1705
Export Value,1000 USD,"Vegetable products, fresh or dry n.e.c.",1964,313
Import Quantity,t,"Vegetable products, fresh or dry n.e.c.",1965,1099
Import Value,1000 USD,"Vegetable products, fresh or dry n.e.c.",1965,541
Export Quantity,t,"Vegetable products, fresh or dry n.e.c.",1965,693
Export Value,1000 USD,"Vegetable products, fresh or dry n.e.c.",1965,76
Import Quantity,t,"Vegetable products, fresh or dry n.e.c.",1966,1363
Import Value,1000 USD,"Vegetable products, fresh or dry n.e.c.",1966,680
Export Quantity,t,"Vegetable products, fresh or dry n.e.c.",1966,808
Export Value,1000 USD,"Vegetable products, fresh or dry n.e.c.",1966,137
Import Quantity,t,"Vegetable products, fresh or dry n.e.c.",1967,984
Import Value,1000 USD,"Vegetable products, fresh or dry n.e.c.",1967,407
Export Quantity,t,"Vegetable products, fresh or dry n.e.c.",1967,201
Export Value,1000 USD,"Vegetable products, fresh or dry n.e.c.",1967,64
Import Quantity,t,"Vegetable products, fresh or dry n.e.c.",1968,1122
Import Value,1000 USD,"Vegetable products, fresh or dry n.e.c.",1968,443
Export Quantity,t,"Vegetable products, fresh or dry n.e.c.",1968,681
Export Value,1000 USD,"Vegetable products, fresh or dry n.e.c.",1968,94
Import Quantity,t,"Vegetable products, fresh or dry n.e.c.",1969,1391
Import Value,1000 USD,"Vegetable products, fresh or dry n.e.c.",1969,697
Export Quantity,t,"Vegetable products, fresh or dry n.e.c.",1969,205
Export Value,1000 USD,"Vegetable products, fresh or dry n.e.c.",1969,66
Import Quantity,t,"Vegetable products, fresh or dry n.e.c.",1970,1210
Import Value,1000 USD,"Vegetable products, fresh or dry n.e.c.",1970,1063
Export Quantity,t,"Vegetable products, fresh or dry n.e.c.",1970,202
Export Value,1000 USD,"Vegetable products, fresh or dry n.e.c.",1970,131
Import Quantity,t,"Vegetable products, fresh or dry n.e.c.",1971,1053
Import Value,1000 USD,"Vegetable products, fresh or dry n.e.c.",1971,798
Export Quantity,t,"Vegetable products, fresh or dry n.e.c.",1971,541
Export Value,1000 USD,"Vegetable products, fresh or dry n.e.c.",1971,184
Import Quantity,t,"Vegetable products, fresh or dry n.e.c.",1972,930
Import Value,1000 USD,"Vegetable products, fresh or dry n.e.c.",1972,1191
Export Quantity,t,"Vegetable products, fresh or dry n.e.c.",1972,23
Export Value,1000 USD,"Vegetable products, fresh or dry n.e.c.",1972,15
Import Quantity,t,"Vegetable products, fresh or dry n.e.c.",1973,463
Import Value,1000 USD,"Vegetable products, fresh or dry n.e.c.",1973,797
Export Quantity,t,"Vegetable products, fresh or dry n.e.c.",1973,156
Export Value,1000 USD,"Vegetable products, fresh or dry n.e.c.",1973,262
Import Quantity,t,"Vegetable products, fresh or dry n.e.c.",1974,771
Import Value,1000 USD,"Vegetable products, fresh or dry n.e.c.",1974,1532
Export Quantity,t,"Vegetable products, fresh or dry n.e.c.",1974,76
Export Value,1000 USD,"Vegetable products, fresh or dry n.e.c.",1974,161
Import Quantity,t,"Vegetable products, fresh or dry n.e.c.",1975,753
Import Value,1000 USD,"Vegetable products, fresh or dry n.e.c.",1975,2085
Export Quantity,t,"Vegetable products, fresh or dry n.e.c.",1975,53
Export Value,1000 USD,"Vegetable products, fresh or dry n.e.c.",1975,60
Import Quantity,t,"Vegetable products, fresh or dry n.e.c.",1976,706
Import Value,1000 USD,"Vegetable products, fresh or dry n.e.c.",1976,650
Export Quantity,t,"Vegetable products, fresh or dry n.e.c.",1976,87
Export Value,1000 USD,"Vegetable products, fresh or dry n.e.c.",1976,105
Import Quantity,t,"Vegetable products, fresh or dry n.e.c.",1977,808
Import Value,1000 USD,"Vegetable products, fresh or dry n.e.c.",1977,1269
Export Quantity,t,"Vegetable products, fresh or dry n.e.c.",1977,92
Export Value,1000 USD,"Vegetable products, fresh or dry n.e.c.",1977,124
Import Quantity,t,"Vegetable products, fresh or dry n.e.c.",1978,647
Import Value,1000 USD,"Vegetable products, fresh or dry n.e.c.",1978,1498
Export Quantity,t,"Vegetable products, fresh or dry n.e.c.",1978,17
Export Value,1000 USD,"Vegetable products, fresh or dry n.e.c.",1978,89
Import Quantity,t,"Vegetable products, fresh or dry n.e.c.",1979,905
Import Value,1000 USD,"Vegetable products, fresh or dry n.e.c.",1979,2418
Export Quantity,t,"Vegetable products, fresh or dry n.e.c.",1979,26
Export Value,1000 USD,"Vegetable products, fresh or dry n.e.c.",1979,195
Import Quantity,t,"Vegetable products, fresh or dry n.e.c.",1980,1113
Import Value,1000 USD,"Vegetable products, fresh or dry n.e.c.",1980,2770
Export Quantity,t,"Vegetable products, fresh or dry n.e.c.",1980,53
Export Value,1000 USD,"Vegetable products, fresh or dry n.e.c.",1980,228
Import Quantity,t,"Vegetable products, fresh or dry n.e.c.",1981,805
Import Value,1000 USD,"Vegetable products, fresh or dry n.e.c.",1981,1815
Export Quantity,t,"Vegetable products, fresh or dry n.e.c.",1981,201
Export Value,1000 USD,"Vegetable products, fresh or dry n.e.c.",1981,489
Import Quantity,t,"Vegetable products, fresh or dry n.e.c.",1982,736
Import Value,1000 USD,"Vegetable products, fresh or dry n.e.c.",1982,1348
Export Quantity,t,"Vegetable products, fresh or dry n.e.c.",1982,271
Export Value,1000 USD,"Vegetable products, fresh or dry n.e.c.",1982,539
Import Quantity,t,"Vegetable products, fresh or dry n.e.c.",1983,812
Import Value,1000 USD,"Vegetable products, fresh or dry n.e.c.",1983,1344
Export Quantity,t,"Vegetable products, fresh or dry n.e.c.",1983,79
Export Value,1000 USD,"Vegetable products, fresh or dry n.e.c.",1983,359
Import Quantity,t,"Vegetable products, fresh or dry n.e.c.",1984,851
Import Value,1000 USD,"Vegetable products, fresh or dry n.e.c.",1984,1489
Export Quantity,t,"Vegetable products, fresh or dry n.e.c.",1984,117
Export Value,1000 USD,"Vegetable products, fresh or dry n.e.c.",1984,559
Import Quantity,t,"Vegetable products, fresh or dry n.e.c.",1985,1951
Import Value,1000 USD,"Vegetable products, fresh or dry n.e.c.",1985,3079
Export Quantity,t,"Vegetable products, fresh or dry n.e.c.",1985,80
Export Value,1000 USD,"Vegetable products, fresh or dry n.e.c.",1985,439
Import Quantity,t,"Vegetable products, fresh or dry n.e.c.",1986,2092
Import Value,1000 USD,"Vegetable products, fresh or dry n.e.c.",1986,3930
Export Quantity,t,"Vegetable products, fresh or dry n.e.c.",1986,55
Export Value,1000 USD,"Vegetable products, fresh or dry n.e.c.",1986,245
Import Quantity,t,"Vegetable products, fresh or dry n.e.c.",1987,1396
Import Value,1000 USD,"Vegetable products, fresh or dry n.e.c.",1987,2682
Export Quantity,t,"Vegetable products, fresh or dry n.e.c.",1987,414
Export Value,1000 USD,"Vegetable products, fresh or dry n.e.c.",1987,1420
Import Quantity,t,"Vegetable products, fresh or dry n.e.c.",1988,2311
Import Value,1000 USD,"Vegetable products, fresh or dry n.e.c.",1988,3864
Export Quantity,t,"Vegetable products, fresh or dry n.e.c.",1988,424
Export Value,1000 USD,"Vegetable products, fresh or dry n.e.c.",1988,1082
Import Quantity,t,"Vegetable products, fresh or dry n.e.c.",1989,2295
Import Value,1000 USD,"Vegetable products, fresh or dry n.e.c.",1989,3604
Export Quantity,t,"Vegetable products, fresh or dry n.e.c.",1989,430
Export Value,1000 USD,"Vegetable products, fresh or dry n.e.c.",1989,1241
Import Quantity,t,"Vegetable products, fresh or dry n.e.c.",1990,4367
Import Value,1000 USD,"Vegetable products, fresh or dry n.e.c.",1990,3348
Export Quantity,t,"Vegetable products, fresh or dry n.e.c.",1990,385
Export Value,1000 USD,"Vegetable products, fresh or dry n.e.c.",1990,1593
Import Quantity,t,"Vegetable products, fresh or dry n.e.c.",1991,1173
Import Value,1000 USD,"Vegetable products, fresh or dry n.e.c.",1991,2127
Export Quantity,t,"Vegetable products, fresh or dry n.e.c.",1991,575
Export Value,1000 USD,"Vegetable products, fresh or dry n.e.c.",1991,921
Import Quantity,t,"Vegetable products, fresh or dry n.e.c.",1992,1675
Import Value,1000 USD,"Vegetable products, fresh or dry n.e.c.",1992,1782
Export Quantity,t,"Vegetable products, fresh or dry n.e.c.",1992,562
Export Value,1000 USD,"Vegetable products, fresh or dry n.e.c.",1992,2286
Import Quantity,t,"Vegetable products, fresh or dry n.e.c.",1993,1595
Import Value,1000 USD,"Vegetable products, fresh or dry n.e.c.",1993,2640
Export Quantity,t,"Vegetable products, fresh or dry n.e.c.",1993,595
Export Value,1000 USD,"Vegetable products, fresh or dry n.e.c.",1993,2787
Import Quantity,t,"Vegetable products, fresh or dry n.e.c.",1994,1150
Import Value,1000 USD,"Vegetable products, fresh or dry n.e.c.",1994,2305
Export Quantity,t,"Vegetable products, fresh or dry n.e.c.",1994,331
Export Value,1000 USD,"Vegetable products, fresh or dry n.e.c.",1994,1845
Import Quantity,t,"Vegetable products, fresh or dry n.e.c.",1995,2245
Import Value,1000 USD,"Vegetable products, fresh or dry n.e.c.",1995,5148
Export Quantity,t,"Vegetable products, fresh or dry n.e.c.",1995,668
Export Value,1000 USD,"Vegetable products, fresh or dry n.e.c.",1995,2583
Import Quantity,t,"Vegetable products, fresh or dry n.e.c.",1996,2069
Import Value,1000 USD,"Vegetable products, fresh or dry n.e.c.",1996,7012
Export Quantity,t,"Vegetable products, fresh or dry n.e.c.",1996,367
Export Value,1000 USD,"Vegetable products, fresh or dry n.e.c.",1996,1974
Import Quantity,t,"Vegetable products, fresh or dry n.e.c.",1997,1435
Import Value,1000 USD,"Vegetable products, fresh or dry n.e.c.",1997,4104
Export Quantity,t,"Vegetable products, fresh or dry n.e.c.",1997,128
Export Value,1000 USD,"Vegetable products, fresh or dry n.e.c.",1997,1948
Import Quantity,t,"Vegetable products, fresh or dry n.e.c.",1998,817
Import Value,1000 USD,"Vegetable products, fresh or dry n.e.c.",1998,2945
Export Quantity,t,"Vegetable products, fresh or dry n.e.c.",1998,85
Export Value,1000 USD,"Vegetable products, fresh or dry n.e.c.",1998,2349
Import Quantity,t,"Vegetable products, fresh or dry n.e.c.",1999,856
Import Value,1000 USD,"Vegetable products, fresh or dry n.e.c.",1999,2814
Export Quantity,t,"Vegetable products, fresh or dry n.e.c.",1999,95
Export Value,1000 USD,"Vegetable products, fresh or dry n.e.c.",1999,1569
Import Quantity,t,"Vegetable products, fresh or dry n.e.c.",2000,1411.4
Import Value,1000 USD,"Vegetable products, fresh or dry n.e.c.",2000,2925
Export Quantity,t,"Vegetable products, fresh or dry n.e.c.",2000,99
Export Value,1000 USD,"Vegetable products, fresh or dry n.e.c.",2000,1407
Import Quantity,t,"Vegetable products, fresh or dry n.e.c.",2001,1724
Import Value,1000 USD,"Vegetable products, fresh or dry n.e.c.",2001,2526
Export Quantity,t,"Vegetable products, fresh or dry n.e.c.",2001,198
Export Value,1000 USD,"Vegetable products, fresh or dry n.e.c.",2001,2234
Import Quantity,t,"Vegetable products, fresh or dry n.e.c.",2002,77
Import Value,1000 USD,"Vegetable products, fresh or dry n.e.c.",2002,135
Export Quantity,t,"Vegetable products, fresh or dry n.e.c.",2002,0
Export Value,1000 USD,"Vegetable products, fresh or dry n.e.c.",2002,2
Import Quantity,t,"Vegetable products, fresh or dry n.e.c.",2003,20
Import Value,1000 USD,"Vegetable products, fresh or dry n.e.c.",2003,70
Export Quantity,t,"Vegetable products, fresh or dry n.e.c.",2003,0
Export Value,1000 USD,"Vegetable products, fresh or dry n.e.c.",2003,0
Import Quantity,t,"Vegetable products, fresh or dry n.e.c.",2004,15
Import Value,1000 USD,"Vegetable products, fresh or dry n.e.c.",2004,53
Export Quantity,t,"Vegetable products, fresh or dry n.e.c.",2004,0
Export Value,1000 USD,"Vegetable products, fresh or dry n.e.c.",2004,0
Import Quantity,t,"Vegetable products, fresh or dry n.e.c.",2005,49
Import Value,1000 USD,"Vegetable products, fresh or dry n.e.c.",2005,75
Export Quantity,t,"Vegetable products, fresh or dry n.e.c.",2005,1
Export Value,1000 USD,"Vegetable products, fresh or dry n.e.c.",2005,8
Import Quantity,t,"Vegetable products, fresh or dry n.e.c.",2006,36
Import Value,1000 USD,"Vegetable products, fresh or dry n.e.c.",2006,77
Export Quantity,t,"Vegetable products, fresh or dry n.e.c.",2006,1
Export Value,1000 USD,"Vegetable products, fresh or dry n.e.c.",2006,4
Import Quantity,t,"Vegetable products, fresh or dry n.e.c.",2007,3547
Import Value,1000 USD,"Vegetable products, fresh or dry n.e.c.",2007,9360
Export Quantity,t,"Vegetable products, fresh or dry n.e.c.",2007,456
Export Value,1000 USD,"Vegetable products, fresh or dry n.e.c.",2007,1109
Import Quantity,t,"Vegetable products, fresh or dry n.e.c.",2008,4928
Import Value,1000 USD,"Vegetable products, fresh or dry n.e.c.",2008,15403
Export Quantity,t,"Vegetable products, fresh or dry n.e.c.",2008,462
Export Value,1000 USD,"Vegetable products, fresh or dry n.e.c.",2008,1287
Import Quantity,t,"Vegetable products, fresh or dry n.e.c.",2009,3564
Import Value,1000 USD,"Vegetable products, fresh or dry n.e.c.",2009,12257
Export Quantity,t,"Vegetable products, fresh or dry n.e.c.",2009,260
Export Value,1000 USD,"Vegetable products, fresh or dry n.e.c.",2009,2033
Import Quantity,t,"Vegetable products, fresh or dry n.e.c.",2010,4601
Import Value,1000 USD,"Vegetable products, fresh or dry n.e.c.",2010,18021
Export Quantity,t,"Vegetable products, fresh or dry n.e.c.",2010,485
Export Value,1000 USD,"Vegetable products, fresh or dry n.e.c.",2010,5202
Import Quantity,t,"Vegetable products, fresh or dry n.e.c.",2011,2873
Import Value,1000 USD,"Vegetable products, fresh or dry n.e.c.",2011,11205
Export Quantity,t,"Vegetable products, fresh or dry n.e.c.",2011,318
Export Value,1000 USD,"Vegetable products, fresh or dry n.e.c.",2011,5845
Import Quantity,t,"Vegetable products, fresh or dry n.e.c.",2012,2312
Import Value,1000 USD,"Vegetable products, fresh or dry n.e.c.",2012,7825
Export Quantity,t,"Vegetable products, fresh or dry n.e.c.",2012,201
Export Value,1000 USD,"Vegetable products, fresh or dry n.e.c.",2012,4959
Import Quantity,t,"Vegetable products, fresh or dry n.e.c.",2013,3637
Import Value,1000 USD,"Vegetable products, fresh or dry n.e.c.",2013,11344
Export Quantity,t,"Vegetable products, fresh or dry n.e.c.",2013,156
Export Value,1000 USD,"Vegetable products, fresh or dry n.e.c.",2013,2275
Import Quantity,t,"Vegetable products, fresh or dry n.e.c.",2014,3410.5
Import Value,1000 USD,"Vegetable products, fresh or dry n.e.c.",2014,12328
Export Quantity,t,"Vegetable products, fresh or dry n.e.c.",2014,186.14
Export Value,1000 USD,"Vegetable products, fresh or dry n.e.c.",2014,2427
Import Quantity,t,"Vegetable products, fresh or dry n.e.c.",2015,2266.99
Import Value,1000 USD,"Vegetable products, fresh or dry n.e.c.",2015,6916
Export Quantity,t,"Vegetable products, fresh or dry n.e.c.",2015,283.52
Export Value,1000 USD,"Vegetable products, fresh or dry n.e.c.",2015,3640
Import Quantity,t,"Vegetable products, fresh or dry n.e.c.",2016,2649.88
Import Value,1000 USD,"Vegetable products, fresh or dry n.e.c.",2016,7400
Export Quantity,t,"Vegetable products, fresh or dry n.e.c.",2016,273.52
Export Value,1000 USD,"Vegetable products, fresh or dry n.e.c.",2016,2756
Import Quantity,t,"Vegetable products, fresh or dry n.e.c.",2017,3409.03
Import Value,1000 USD,"Vegetable products, fresh or dry n.e.c.",2017,10102
Export Quantity,t,"Vegetable products, fresh or dry n.e.c.",2017,331.6
Export Value,1000 USD,"Vegetable products, fresh or dry n.e.c.",2017,2534
Import Quantity,t,"Vegetable products, fresh or dry n.e.c.",2018,4204.02
Import Value,1000 USD,"Vegetable products, fresh or dry n.e.c.",2018,11748
Export Quantity,t,"Vegetable products, fresh or dry n.e.c.",2018,228.66
Export Value,1000 USD,"Vegetable products, fresh or dry n.e.c.",2018,2705
Import Quantity,t,"Vegetable products, fresh or dry n.e.c.",2019,3173.96
Import Value,1000 USD,"Vegetable products, fresh or dry n.e.c.",2019,10126
Export Quantity,t,"Vegetable products, fresh or dry n.e.c.",2019,371.86
Export Value,1000 USD,"Vegetable products, fresh or dry n.e.c.",2019,2971
Import Quantity,t,"Vegetable products, fresh or dry n.e.c.",2020,3269.63
Import Value,1000 USD,"Vegetable products, fresh or dry n.e.c.",2020,9621
Export Quantity,t,"Vegetable products, fresh or dry n.e.c.",2020,411.19
Export Value,1000 USD,"Vegetable products, fresh or dry n.e.c.",2020,3681
Import Quantity,t,"Vegetable products, fresh or dry n.e.c.",2021,1865.26
Import Value,1000 USD,"Vegetable products, fresh or dry n.e.c.",2021,7891
Export Quantity,t,"Vegetable products, fresh or dry n.e.c.",2021,502.48
Export Value,1000 USD,"Vegetable products, fresh or dry n.e.c.",2021,3771
Import Quantity,t,"Vegetable products, fresh or dry n.e.c.",2022,1380.75
Import Value,1000 USD,"Vegetable products, fresh or dry n.e.c.",2022,7274
Export Quantity,t,"Vegetable products, fresh or dry n.e.c.",2022,376.6
Export Value,1000 USD,"Vegetable products, fresh or dry n.e.c.",2022,2360
Import Quantity,t,Vegetables frozen,1961,19151
Import Value,1000 USD,Vegetables frozen,1961,8773
Export Quantity,t,Vegetables frozen,1961,1767
Export Value,1000 USD,Vegetables frozen,1961,1199
Import Quantity,t,Vegetables frozen,1962,25313
Import Value,1000 USD,Vegetables frozen,1962,10186
Export Quantity,t,Vegetables frozen,1962,1076
Export Value,1000 USD,Vegetables frozen,1962,797
Import Quantity,t,Vegetables frozen,1963,42261
Import Value,1000 USD,Vegetables frozen,1963,17090
Export Quantity,t,Vegetables frozen,1963,1371
Export Value,1000 USD,Vegetables frozen,1963,901
Import Quantity,t,Vegetables frozen,1964,28551
Import Value,1000 USD,Vegetables frozen,1964,11240
Export Quantity,t,Vegetables frozen,1964,1680
Export Value,1000 USD,Vegetables frozen,1964,1049
Import Quantity,t,Vegetables frozen,1965,25483
Import Value,1000 USD,Vegetables frozen,1965,9615
Export Quantity,t,Vegetables frozen,1965,1362
Export Value,1000 USD,Vegetables frozen,1965,1005
Import Quantity,t,Vegetables frozen,1966,37800
Import Value,1000 USD,Vegetables frozen,1966,14193
Export Quantity,t,Vegetables frozen,1966,2389
Export Value,1000 USD,Vegetables frozen,1966,1554
Import Quantity,t,Vegetables frozen,1967,52483
Import Value,1000 USD,Vegetables frozen,1967,19425
Export Quantity,t,Vegetables frozen,1967,1913
Export Value,1000 USD,Vegetables frozen,1967,1321
Import Quantity,t,Vegetables frozen,1968,40222
Import Value,1000 USD,Vegetables frozen,1968,14988
Export Quantity,t,Vegetables frozen,1968,2440
Export Value,1000 USD,Vegetables frozen,1968,1512
Import Quantity,t,Vegetables frozen,1969,41848
Import Value,1000 USD,Vegetables frozen,1969,17671
Export Quantity,t,Vegetables frozen,1969,3257
Export Value,1000 USD,Vegetables frozen,1969,2067
Import Quantity,t,Vegetables frozen,1970,34188
Import Value,1000 USD,Vegetables frozen,1970,12624
Export Quantity,t,Vegetables frozen,1970,4218
Export Value,1000 USD,Vegetables frozen,1970,2267
Import Quantity,t,Vegetables frozen,1971,20043
Import Value,1000 USD,Vegetables frozen,1971,8068
Export Quantity,t,Vegetables frozen,1971,8606
Export Value,1000 USD,Vegetables frozen,1971,3742
Import Quantity,t,Vegetables frozen,1972,31617
Import Value,1000 USD,Vegetables frozen,1972,13088
Export Quantity,t,Vegetables frozen,1972,13963
Export Value,1000 USD,Vegetables frozen,1972,5942
Import Quantity,t,Vegetables frozen,1973,39321
Import Value,1000 USD,Vegetables frozen,1973,18211
Export Quantity,t,Vegetables frozen,1973,19204
Export Value,1000 USD,Vegetables frozen,1973,8241
Import Quantity,t,Vegetables frozen,1974,29416
Import Value,1000 USD,Vegetables frozen,1974,17491
Export Quantity,t,Vegetables frozen,1974,29828
Export Value,1000 USD,Vegetables frozen,1974,14181
Import Quantity,t,Vegetables frozen,1975,42685
Import Value,1000 USD,Vegetables frozen,1975,24519
Export Quantity,t,Vegetables frozen,1975,24008
Export Value,1000 USD,Vegetables frozen,1975,14326
Import Quantity,t,Vegetables frozen,1976,93597
Import Value,1000 USD,Vegetables frozen,1976,54532
Export Quantity,t,Vegetables frozen,1976,38422
Export Value,1000 USD,Vegetables frozen,1976,20547
Import Quantity,t,Vegetables frozen,1977,70368
Import Value,1000 USD,Vegetables frozen,1977,45574
Export Quantity,t,Vegetables frozen,1977,36574
Export Value,1000 USD,Vegetables frozen,1977,23304
Import Quantity,t,Vegetables frozen,1978,24955
Import Value,1000 USD,Vegetables frozen,1978,19013
Export Quantity,t,Vegetables frozen,1978,40419
Export Value,1000 USD,Vegetables frozen,1978,28892
Import Quantity,t,Vegetables frozen,1979,33618
Import Value,1000 USD,Vegetables frozen,1979,25706
Export Quantity,t,Vegetables frozen,1979,37454
Export Value,1000 USD,Vegetables frozen,1979,33197
Import Quantity,t,Vegetables frozen,1980,24811
Import Value,1000 USD,Vegetables frozen,1980,24514
Export Quantity,t,Vegetables frozen,1980,36320
Export Value,1000 USD,Vegetables frozen,1980,35895
Import Quantity,t,Vegetables frozen,1981,36174
Import Value,1000 USD,Vegetables frozen,1981,30094
Export Quantity,t,Vegetables frozen,1981,30608
Export Value,1000 USD,Vegetables frozen,1981,30288
Import Quantity,t,Vegetables frozen,1982,51234
Import Value,1000 USD,Vegetables frozen,1982,43318
Export Quantity,t,Vegetables frozen,1982,30543
Export Value,1000 USD,Vegetables frozen,1982,27513
Import Quantity,t,Vegetables frozen,1983,48148
Import Value,1000 USD,Vegetables frozen,1983,31472
Export Quantity,t,Vegetables frozen,1983,30799
Export Value,1000 USD,Vegetables frozen,1983,23077
Import Quantity,t,Vegetables frozen,1984,66739
Import Value,1000 USD,Vegetables frozen,1984,42459
Export Quantity,t,Vegetables frozen,1984,24859
Export Value,1000 USD,Vegetables frozen,1984,19599
Import Quantity,t,Vegetables frozen,1985,89863
Import Value,1000 USD,Vegetables frozen,1985,57798
Export Quantity,t,Vegetables frozen,1985,28405
Export Value,1000 USD,Vegetables frozen,1985,22083
Import Quantity,t,Vegetables frozen,1986,83566
Import Value,1000 USD,Vegetables frozen,1986,65775
Export Quantity,t,Vegetables frozen,1986,25039
Export Value,1000 USD,Vegetables frozen,1986,22110
Import Quantity,t,Vegetables frozen,1987,84885
Import Value,1000 USD,Vegetables frozen,1987,69800
Export Quantity,t,Vegetables frozen,1987,45324
Export Value,1000 USD,Vegetables frozen,1987,36558
Import Quantity,t,Vegetables frozen,1988,94777
Import Value,1000 USD,Vegetables frozen,1988,85599
Export Quantity,t,Vegetables frozen,1988,33456
Export Value,1000 USD,Vegetables frozen,1988,33589
Import Quantity,t,Vegetables frozen,1989,86896
Import Value,1000 USD,Vegetables frozen,1989,74805
Export Quantity,t,Vegetables frozen,1989,28916
Export Value,1000 USD,Vegetables frozen,1989,26992
Import Quantity,t,Vegetables frozen,1990,86765
Import Value,1000 USD,Vegetables frozen,1990,86146
Export Quantity,t,Vegetables frozen,1990,30722
Export Value,1000 USD,Vegetables frozen,1990,31645
Import Quantity,t,Vegetables frozen,1991,95776
Import Value,1000 USD,Vegetables frozen,1991,96368
Export Quantity,t,Vegetables frozen,1991,32661
Export Value,1000 USD,Vegetables frozen,1991,32794
Import Quantity,t,Vegetables frozen,1992,93275
Import Value,1000 USD,Vegetables frozen,1992,97552
Export Quantity,t,Vegetables frozen,1992,41028
Export Value,1000 USD,Vegetables frozen,1992,40649
Import Quantity,t,Vegetables frozen,1993,92547
Import Value,1000 USD,Vegetables frozen,1993,83331
Export Quantity,t,Vegetables frozen,1993,63197
Export Value,1000 USD,Vegetables frozen,1993,49174
Import Quantity,t,Vegetables frozen,1994,137643
Import Value,1000 USD,Vegetables frozen,1994,104885
Export Quantity,t,Vegetables frozen,1994,77675
Export Value,1000 USD,Vegetables frozen,1994,62477
Import Quantity,t,Vegetables frozen,1995,146793
Import Value,1000 USD,Vegetables frozen,1995,119723
Export Quantity,t,Vegetables frozen,1995,62338
Export Value,1000 USD,Vegetables frozen,1995,53809
Import Quantity,t,Vegetables frozen,1996,124364
Import Value,1000 USD,Vegetables frozen,1996,121124
Export Quantity,t,Vegetables frozen,1996,63715
Export Value,1000 USD,Vegetables frozen,1996,63170
Import Quantity,t,Vegetables frozen,1997,146066
Import Value,1000 USD,Vegetables frozen,1997,120893
Export Quantity,t,Vegetables frozen,1997,68745
Export Value,1000 USD,Vegetables frozen,1997,69179
Import Quantity,t,Vegetables frozen,1998,182297
Import Value,1000 USD,Vegetables frozen,1998,159662
Export Quantity,t,Vegetables frozen,1998,77584
Export Value,1000 USD,Vegetables frozen,1998,70108
Import Quantity,t,Vegetables frozen,1999,204651
Import Value,1000 USD,Vegetables frozen,1999,150638
Export Quantity,t,Vegetables frozen,1999,80822
Export Value,1000 USD,Vegetables frozen,1999,62402
Import Quantity,t,Vegetables frozen,2000,173940
Import Value,1000 USD,Vegetables frozen,2000,127974
Export Quantity,t,Vegetables frozen,2000,66266
Export Value,1000 USD,Vegetables frozen,2000,52365
Import Quantity,t,Vegetables frozen,2001,219620
Import Value,1000 USD,Vegetables frozen,2001,153322
Export Quantity,t,Vegetables frozen,2001,55397
Export Value,1000 USD,Vegetables frozen,2001,44731
Import Quantity,t,Vegetables frozen,2002,234052
Import Value,1000 USD,Vegetables frozen,2002,176644
Export Quantity,t,Vegetables frozen,2002,53559
Export Value,1000 USD,Vegetables frozen,2002,45929
Import Quantity,t,Vegetables frozen,2003,303339
Import Value,1000 USD,Vegetables frozen,2003,188893
Export Quantity,t,Vegetables frozen,2003,79688
Export Value,1000 USD,Vegetables frozen,2003,51172
Import Quantity,t,Vegetables frozen,2004,358439
Import Value,1000 USD,Vegetables frozen,2004,237366
Export Quantity,t,Vegetables frozen,2004,65534
Export Value,1000 USD,Vegetables frozen,2004,56747
Import Quantity,t,Vegetables frozen,2005,359836
Import Value,1000 USD,Vegetables frozen,2005,229485
Export Quantity,t,Vegetables frozen,2005,66507
Export Value,1000 USD,Vegetables frozen,2005,58977
Import Quantity,t,Vegetables frozen,2006,295619
Import Value,1000 USD,Vegetables frozen,2006,263675
Export Quantity,t,Vegetables frozen,2006,49834
Export Value,1000 USD,Vegetables frozen,2006,52659
Import Quantity,t,Vegetables frozen,2007,274302
Import Value,1000 USD,Vegetables frozen,2007,316931
Export Quantity,t,Vegetables frozen,2007,47334
Export Value,1000 USD,Vegetables frozen,2007,61093
Import Quantity,t,Vegetables frozen,2008,317722
Import Value,1000 USD,Vegetables frozen,2008,367618
Export Quantity,t,Vegetables frozen,2008,59678
Export Value,1000 USD,Vegetables frozen,2008,81383
Import Quantity,t,Vegetables frozen,2009,271452
Import Value,1000 USD,Vegetables frozen,2009,312387
Export Quantity,t,Vegetables frozen,2009,82495
Export Value,1000 USD,Vegetables frozen,2009,86731
Import Quantity,t,Vegetables frozen,2010,277155
Import Value,1000 USD,Vegetables frozen,2010,324510
Export Quantity,t,Vegetables frozen,2010,52125
Export Value,1000 USD,Vegetables frozen,2010,62337
Import Quantity,t,Vegetables frozen,2011,284559
Import Value,1000 USD,Vegetables frozen,2011,337090
Export Quantity,t,Vegetables frozen,2011,37580
Export Value,1000 USD,Vegetables frozen,2011,52840
Import Quantity,t,Vegetables frozen,2012,300045
Import Value,1000 USD,Vegetables frozen,2012,343233
Export Quantity,t,Vegetables frozen,2012,37072
Export Value,1000 USD,Vegetables frozen,2012,49102
Import Quantity,t,Vegetables frozen,2013,325427
Import Value,1000 USD,Vegetables frozen,2013,384517
Export Quantity,t,Vegetables frozen,2013,31891
Export Value,1000 USD,Vegetables frozen,2013,47319
Import Quantity,t,Vegetables frozen,2014,313775.54
Import Value,1000 USD,Vegetables frozen,2014,380768
Export Quantity,t,Vegetables frozen,2014,31101.77
Export Value,1000 USD,Vegetables frozen,2014,47080
Import Quantity,t,Vegetables frozen,2015,312947.97
Import Value,1000 USD,Vegetables frozen,2015,332592
Export Quantity,t,Vegetables frozen,2015,35433.43
Export Value,1000 USD,Vegetables frozen,2015,41678
Import Quantity,t,Vegetables frozen,2016,320719.16
Import Value,1000 USD,Vegetables frozen,2016,317465
Export Quantity,t,Vegetables frozen,2016,37088.94
Export Value,1000 USD,Vegetables frozen,2016,46702
Import Quantity,t,Vegetables frozen,2017,314832.63
Import Value,1000 USD,Vegetables frozen,2017,319520
Export Quantity,t,Vegetables frozen,2017,54349.4
Export Value,1000 USD,Vegetables frozen,2017,59315
Import Quantity,t,Vegetables frozen,2018,304013.82
Import Value,1000 USD,Vegetables frozen,2018,334282
Export Quantity,t,Vegetables frozen,2018,47166.27
Export Value,1000 USD,Vegetables frozen,2018,61548
Import Quantity,t,Vegetables frozen,2019,298946.12
Import Value,1000 USD,Vegetables frozen,2019,312287
Export Quantity,t,Vegetables frozen,2019,44027.18
Export Value,1000 USD,Vegetables frozen,2019,50196
Import Quantity,t,Vegetables frozen,2020,305961.68
Import Value,1000 USD,Vegetables frozen,2020,319057
Export Quantity,t,Vegetables frozen,2020,46470.06
Export Value,1000 USD,Vegetables frozen,2020,54098
Import Quantity,t,Vegetables frozen,2021,282435.05
Import Value,1000 USD,Vegetables frozen,2021,323920
Export Quantity,t,Vegetables frozen,2021,40433.64
Export Value,1000 USD,Vegetables frozen,2021,53889
Import Quantity,t,Vegetables frozen,2022,297943.03
Import Value,1000 USD,Vegetables frozen,2022,328606
Export Quantity,t,Vegetables frozen,2022,46676.32
Export Value,1000 USD,Vegetables frozen,2022,51182
Import Quantity,t,"Walnuts, in shell",1961,4228
Import Value,1000 USD,"Walnuts, in shell",1961,2017
Export Quantity,t,"Walnuts, in shell",1961,32
Export Value,1000 USD,"Walnuts, in shell",1961,14
Import Quantity,t,"Walnuts, in shell",1962,5044
Import Value,1000 USD,"Walnuts, in shell",1962,2297
Export Quantity,t,"Walnuts, in shell",1962,68
Export Value,1000 USD,"Walnuts, in shell",1962,30
Import Quantity,t,"Walnuts, in shell",1963,4480
Import Value,1000 USD,"Walnuts, in shell",1963,2220
Export Quantity,t,"Walnuts, in shell",1963,4
Export Value,1000 USD,"Walnuts, in shell",1963,2
Import Quantity,t,"Walnuts, in shell",1964,4584
Import Value,1000 USD,"Walnuts, in shell",1964,2281
Export Quantity,t,"Walnuts, in shell",1964,2
Export Value,1000 USD,"Walnuts, in shell",1964,0
Import Quantity,t,"Walnuts, in shell",1965,5465
Import Value,1000 USD,"Walnuts, in shell",1965,2696
Export Quantity,t,"Walnuts, in shell",1965,8
Export Value,1000 USD,"Walnuts, in shell",1965,5
Import Quantity,t,"Walnuts, in shell",1966,5259
Import Value,1000 USD,"Walnuts, in shell",1966,2253
Export Quantity,t,"Walnuts, in shell",1966,135
Export Value,1000 USD,"Walnuts, in shell",1966,48
Import Quantity,t,"Walnuts, in shell",1967,5190
Import Value,1000 USD,"Walnuts, in shell",1967,2487
Export Quantity,t,"Walnuts, in shell",1967,54
Export Value,1000 USD,"Walnuts, in shell",1967,23
Import Quantity,t,"Walnuts, in shell",1968,3938
Import Value,1000 USD,"Walnuts, in shell",1968,1876
Export Quantity,t,"Walnuts, in shell",1968,267
Export Value,1000 USD,"Walnuts, in shell",1968,139
Import Quantity,t,"Walnuts, in shell",1969,3359
Import Value,1000 USD,"Walnuts, in shell",1969,1849
Export Quantity,t,"Walnuts, in shell",1969,156
Export Value,1000 USD,"Walnuts, in shell",1969,81
Import Quantity,t,"Walnuts, in shell",1970,4507
Import Value,1000 USD,"Walnuts, in shell",1970,2597
Export Quantity,t,"Walnuts, in shell",1970,0
Export Value,1000 USD,"Walnuts, in shell",1970,0
Import Quantity,t,"Walnuts, in shell",1971,3825
Import Value,1000 USD,"Walnuts, in shell",1971,1993
Export Quantity,t,"Walnuts, in shell",1971,0
Export Value,1000 USD,"Walnuts, in shell",1971,0
Import Quantity,t,"Walnuts, in shell",1972,3416
Import Value,1000 USD,"Walnuts, in shell",1972,2400
Export Quantity,t,"Walnuts, in shell",1972,0
Export Value,1000 USD,"Walnuts, in shell",1972,0
Import Quantity,t,"Walnuts, in shell",1973,4589
Import Value,1000 USD,"Walnuts, in shell",1973,4213
Export Quantity,t,"Walnuts, in shell",1973,0
Export Value,1000 USD,"Walnuts, in shell",1973,0
Import Quantity,t,"Walnuts, in shell",1974,2600
Import Value,1000 USD,"Walnuts, in shell",1974,2248
Export Quantity,t,"Walnuts, in shell",1974,0
Export Value,1000 USD,"Walnuts, in shell",1974,0
Import Quantity,t,"Walnuts, in shell",1975,3485
Import Value,1000 USD,"Walnuts, in shell",1975,2637
Export Quantity,t,"Walnuts, in shell",1975,74
Export Value,1000 USD,"Walnuts, in shell",1975,50
Import Quantity,t,"Walnuts, in shell",1976,4757
Import Value,1000 USD,"Walnuts, in shell",1976,4479
Export Quantity,t,"Walnuts, in shell",1976,318
Export Value,1000 USD,"Walnuts, in shell",1976,185
Import Quantity,t,"Walnuts, in shell",1977,3038
Import Value,1000 USD,"Walnuts, in shell",1977,2835
Export Quantity,t,"Walnuts, in shell",1977,144
Export Value,1000 USD,"Walnuts, in shell",1977,108
Import Quantity,t,"Walnuts, in shell",1978,3416
Import Value,1000 USD,"Walnuts, in shell",1978,3924
Export Quantity,t,"Walnuts, in shell",1978,143
Export Value,1000 USD,"Walnuts, in shell",1978,211
Import Quantity,t,"Walnuts, in shell",1979,3495
Import Value,1000 USD,"Walnuts, in shell",1979,4310
Export Quantity,t,"Walnuts, in shell",1979,37
Export Value,1000 USD,"Walnuts, in shell",1979,100
Import Quantity,t,"Walnuts, in shell",1980,3534
Import Value,1000 USD,"Walnuts, in shell",1980,4624
Export Quantity,t,"Walnuts, in shell",1980,617
Export Value,1000 USD,"Walnuts, in shell",1980,949
Import Quantity,t,"Walnuts, in shell",1981,3398
Import Value,1000 USD,"Walnuts, in shell",1981,4656
Export Quantity,t,"Walnuts, in shell",1981,161
Export Value,1000 USD,"Walnuts, in shell",1981,244
Import Quantity,t,"Walnuts, in shell",1982,3379
Import Value,1000 USD,"Walnuts, in shell",1982,4343
Export Quantity,t,"Walnuts, in shell",1982,123
Export Value,1000 USD,"Walnuts, in shell",1982,204
Import Quantity,t,"Walnuts, in shell",1983,3257
Import Value,1000 USD,"Walnuts, in shell",1983,3359
Export Quantity,t,"Walnuts, in shell",1983,52
Export Value,1000 USD,"Walnuts, in shell",1983,100
Import Quantity,t,"Walnuts, in shell",1984,2338
Import Value,1000 USD,"Walnuts, in shell",1984,2437
Export Quantity,t,"Walnuts, in shell",1984,18
Export Value,1000 USD,"Walnuts, in shell",1984,29
Import Quantity,t,"Walnuts, in shell",1985,2844
Import Value,1000 USD,"Walnuts, in shell",1985,2948
Export Quantity,t,"Walnuts, in shell",1985,151
Export Value,1000 USD,"Walnuts, in shell",1985,169
Import Quantity,t,"Walnuts, in shell",1986,3108
Import Value,1000 USD,"Walnuts, in shell",1986,3697
Export Quantity,t,"Walnuts, in shell",1986,179
Export Value,1000 USD,"Walnuts, in shell",1986,231
Import Quantity,t,"Walnuts, in shell",1987,3613
Import Value,1000 USD,"Walnuts, in shell",1987,5328
Export Quantity,t,"Walnuts, in shell",1987,223
Export Value,1000 USD,"Walnuts, in shell",1987,331
Import Quantity,t,"Walnuts, in shell",1988,2453
Import Value,1000 USD,"Walnuts, in shell",1988,4013
Export Quantity,t,"Walnuts, in shell",1988,48
Export Value,1000 USD,"Walnuts, in shell",1988,85
Import Quantity,t,"Walnuts, in shell",1989,2956
Import Value,1000 USD,"Walnuts, in shell",1989,4777
Export Quantity,t,"Walnuts, in shell",1989,103
Export Value,1000 USD,"Walnuts, in shell",1989,285
Import Quantity,t,"Walnuts, in shell",1990,2615
Import Value,1000 USD,"Walnuts, in shell",1990,4487
Export Quantity,t,"Walnuts, in shell",1990,225
Export Value,1000 USD,"Walnuts, in shell",1990,359
Import Quantity,t,"Walnuts, in shell",1991,2699
Import Value,1000 USD,"Walnuts, in shell",1991,4961
Export Quantity,t,"Walnuts, in shell",1991,27
Export Value,1000 USD,"Walnuts, in shell",1991,105
Import Quantity,t,"Walnuts, in shell",1992,2240
Import Value,1000 USD,"Walnuts, in shell",1992,4161
Export Quantity,t,"Walnuts, in shell",1992,73
Export Value,1000 USD,"Walnuts, in shell",1992,191
Import Quantity,t,"Walnuts, in shell",1993,2620
Import Value,1000 USD,"Walnuts, in shell",1993,4936
Export Quantity,t,"Walnuts, in shell",1993,8
Export Value,1000 USD,"Walnuts, in shell",1993,21
Import Quantity,t,"Walnuts, in shell",1994,2727
Import Value,1000 USD,"Walnuts, in shell",1994,4349
Export Quantity,t,"Walnuts, in shell",1994,210
Export Value,1000 USD,"Walnuts, in shell",1994,450
Import Quantity,t,"Walnuts, in shell",1995,2305
Import Value,1000 USD,"Walnuts, in shell",1995,4449
Export Quantity,t,"Walnuts, in shell",1995,60
Export Value,1000 USD,"Walnuts, in shell",1995,135
Import Quantity,t,"Walnuts, in shell",1996,2453
Import Value,1000 USD,"Walnuts, in shell",1996,5884
Export Quantity,t,"Walnuts, in shell",1996,21
Export Value,1000 USD,"Walnuts, in shell",1996,38
Import Quantity,t,"Walnuts, in shell",1997,2794
Import Value,1000 USD,"Walnuts, in shell",1997,5485
Export Quantity,t,"Walnuts, in shell",1997,50
Export Value,1000 USD,"Walnuts, in shell",1997,280
Import Quantity,t,"Walnuts, in shell",1998,2163
Import Value,1000 USD,"Walnuts, in shell",1998,4145
Export Quantity,t,"Walnuts, in shell",1998,14
Export Value,1000 USD,"Walnuts, in shell",1998,33
Import Quantity,t,"Walnuts, in shell",1999,1908
Import Value,1000 USD,"Walnuts, in shell",1999,3545
Export Quantity,t,"Walnuts, in shell",1999,25
Export Value,1000 USD,"Walnuts, in shell",1999,65
Import Quantity,t,"Walnuts, in shell",2000,2060
Import Value,1000 USD,"Walnuts, in shell",2000,4242
Export Quantity,t,"Walnuts, in shell",2000,118
Export Value,1000 USD,"Walnuts, in shell",2000,171
Import Quantity,t,"Walnuts, in shell",2001,1785
Import Value,1000 USD,"Walnuts, in shell",2001,3708
Export Quantity,t,"Walnuts, in shell",2001,19
Export Value,1000 USD,"Walnuts, in shell",2001,39
Import Quantity,t,"Walnuts, in shell",2002,1706
Import Value,1000 USD,"Walnuts, in shell",2002,3679
Export Quantity,t,"Walnuts, in shell",2002,31
Export Value,1000 USD,"Walnuts, in shell",2002,94
Import Quantity,t,"Walnuts, in shell",2003,1934
Import Value,1000 USD,"Walnuts, in shell",2003,3744
Export Quantity,t,"Walnuts, in shell",2003,57
Export Value,1000 USD,"Walnuts, in shell",2003,138
Import Quantity,t,"Walnuts, in shell",2004,1823
Import Value,1000 USD,"Walnuts, in shell",2004,4035
Export Quantity,t,"Walnuts, in shell",2004,7
Export Value,1000 USD,"Walnuts, in shell",2004,38
Import Quantity,t,"Walnuts, in shell",2005,1336
Import Value,1000 USD,"Walnuts, in shell",2005,3673
Export Quantity,t,"Walnuts, in shell",2005,19
Export Value,1000 USD,"Walnuts, in shell",2005,70
Import Quantity,t,"Walnuts, in shell",2006,1875
Import Value,1000 USD,"Walnuts, in shell",2006,5161
Export Quantity,t,"Walnuts, in shell",2006,8
Export Value,1000 USD,"Walnuts, in shell",2006,77
Import Quantity,t,"Walnuts, in shell",2007,1282
Import Value,1000 USD,"Walnuts, in shell",2007,4084
Export Quantity,t,"Walnuts, in shell",2007,57
Export Value,1000 USD,"Walnuts, in shell",2007,251
Import Quantity,t,"Walnuts, in shell",2008,1067
Import Value,1000 USD,"Walnuts, in shell",2008,4905
Export Quantity,t,"Walnuts, in shell",2008,73
Export Value,1000 USD,"Walnuts, in shell",2008,281
Import Quantity,t,"Walnuts, in shell",2009,919
Import Value,1000 USD,"Walnuts, in shell",2009,3044
Export Quantity,t,"Walnuts, in shell",2009,17
Export Value,1000 USD,"Walnuts, in shell",2009,92
Import Quantity,t,"Walnuts, in shell",2010,635
Import Value,1000 USD,"Walnuts, in shell",2010,2843
Export Quantity,t,"Walnuts, in shell",2010,32
Export Value,1000 USD,"Walnuts, in shell",2010,164
Import Quantity,t,"Walnuts, in shell",2011,628
Import Value,1000 USD,"Walnuts, in shell",2011,2965
Export Quantity,t,"Walnuts, in shell",2011,16
Export Value,1000 USD,"Walnuts, in shell",2011,93
Import Quantity,t,"Walnuts, in shell",2012,604
Import Value,1000 USD,"Walnuts, in shell",2012,2967
Export Quantity,t,"Walnuts, in shell",2012,11
Export Value,1000 USD,"Walnuts, in shell",2012,59
Import Quantity,t,"Walnuts, in shell",2013,686
Import Value,1000 USD,"Walnuts, in shell",2013,3648
Export Quantity,t,"Walnuts, in shell",2013,4
Export Value,1000 USD,"Walnuts, in shell",2013,29
Import Quantity,t,"Walnuts, in shell",2014,915.2
Import Value,1000 USD,"Walnuts, in shell",2014,6437
Export Quantity,t,"Walnuts, in shell",2014,33.32
Export Value,1000 USD,"Walnuts, in shell",2014,190
Import Quantity,t,"Walnuts, in shell",2015,943.4
Import Value,1000 USD,"Walnuts, in shell",2015,5254
Export Quantity,t,"Walnuts, in shell",2015,24.36
Export Value,1000 USD,"Walnuts, in shell",2015,169
Import Quantity,t,"Walnuts, in shell",2016,606.36
Import Value,1000 USD,"Walnuts, in shell",2016,2615
Export Quantity,t,"Walnuts, in shell",2016,47.77
Export Value,1000 USD,"Walnuts, in shell",2016,275
Import Quantity,t,"Walnuts, in shell",2017,1398.21
Import Value,1000 USD,"Walnuts, in shell",2017,2960
Export Quantity,t,"Walnuts, in shell",2017,8.52
Export Value,1000 USD,"Walnuts, in shell",2017,55
Import Quantity,t,"Walnuts, in shell",2018,612.3
Import Value,1000 USD,"Walnuts, in shell",2018,2154
Export Quantity,t,"Walnuts, in shell",2018,4.34
Export Value,1000 USD,"Walnuts, in shell",2018,37
Import Quantity,t,"Walnuts, in shell",2019,574.24
Import Value,1000 USD,"Walnuts, in shell",2019,1693
Export Quantity,t,"Walnuts, in shell",2019,12.55
Export Value,1000 USD,"Walnuts, in shell",2019,53
Import Quantity,t,"Walnuts, in shell",2020,730.94
Import Value,1000 USD,"Walnuts, in shell",2020,2277
Export Quantity,t,"Walnuts, in shell",2020,1.73
Export Value,1000 USD,"Walnuts, in shell",2020,29
Import Quantity,t,"Walnuts, in shell",2021,585
Import Value,1000 USD,"Walnuts, in shell",2021,2010
Export Quantity,t,"Walnuts, in shell",2021,0.11
Export Value,1000 USD,"Walnuts, in shell",2021,1
Import Quantity,t,"Walnuts, in shell",2022,952.97
Import Value,1000 USD,"Walnuts, in shell",2022,3095
Export Quantity,t,"Walnuts, in shell",2022,0.01
Export Value,1000 USD,"Walnuts, in shell",2022,0
Import Quantity,t,Watermelons,1961,0
Import Value,1000 USD,Watermelons,1961,0
Export Quantity,t,Watermelons,1961,0
Export Value,1000 USD,Watermelons,1961,0
Import Quantity,t,Watermelons,1962,0
Import Value,1000 USD,Watermelons,1962,0
Export Quantity,t,Watermelons,1962,0
Export Value,1000 USD,Watermelons,1962,0
Import Quantity,t,Watermelons,1963,0
Import Value,1000 USD,Watermelons,1963,0
Export Quantity,t,Watermelons,1963,0
Export Value,1000 USD,Watermelons,1963,0
Import Quantity,t,Watermelons,1964,0
Import Value,1000 USD,Watermelons,1964,0
Export Quantity,t,Watermelons,1964,0
Export Value,1000 USD,Watermelons,1964,0
Import Quantity,t,Watermelons,1965,0
Import Value,1000 USD,Watermelons,1965,0
Export Quantity,t,Watermelons,1965,0
Export Value,1000 USD,Watermelons,1965,0
Import Quantity,t,Watermelons,1966,0
Import Value,1000 USD,Watermelons,1966,0
Export Quantity,t,Watermelons,1966,0
Export Value,1000 USD,Watermelons,1966,0
Import Quantity,t,Watermelons,1967,0
Import Value,1000 USD,Watermelons,1967,0
Export Quantity,t,Watermelons,1967,0
Export Value,1000 USD,Watermelons,1967,0
Import Quantity,t,Watermelons,1968,0
Import Value,1000 USD,Watermelons,1968,0
Export Quantity,t,Watermelons,1968,0
Export Value,1000 USD,Watermelons,1968,0
Import Quantity,t,Watermelons,1969,0
Import Value,1000 USD,Watermelons,1969,0
Export Quantity,t,Watermelons,1969,0
Export Value,1000 USD,Watermelons,1969,0
Import Quantity,t,Watermelons,1970,0
Import Value,1000 USD,Watermelons,1970,0
Export Quantity,t,Watermelons,1970,0
Export Value,1000 USD,Watermelons,1970,0
Import Quantity,t,Watermelons,1971,0
Import Value,1000 USD,Watermelons,1971,0
Export Quantity,t,Watermelons,1971,0
Export Value,1000 USD,Watermelons,1971,0
Import Quantity,t,Watermelons,1972,0
Import Value,1000 USD,Watermelons,1972,0
Export Quantity,t,Watermelons,1972,0
Export Value,1000 USD,Watermelons,1972,0
Import Quantity,t,Watermelons,1973,0
Import Value,1000 USD,Watermelons,1973,0
Export Quantity,t,Watermelons,1973,0
Export Value,1000 USD,Watermelons,1973,0
Import Quantity,t,Watermelons,1974,0
Import Value,1000 USD,Watermelons,1974,0
Export Quantity,t,Watermelons,1974,0
Export Value,1000 USD,Watermelons,1974,0
Import Quantity,t,Watermelons,1975,0
Import Value,1000 USD,Watermelons,1975,0
Export Quantity,t,Watermelons,1975,0
Export Value,1000 USD,Watermelons,1975,0
Import Quantity,t,Watermelons,1976,0
Import Value,1000 USD,Watermelons,1976,0
Export Quantity,t,Watermelons,1976,0
Export Value,1000 USD,Watermelons,1976,0
Import Quantity,t,Watermelons,1977,0
Import Value,1000 USD,Watermelons,1977,0
Export Quantity,t,Watermelons,1977,0
Export Value,1000 USD,Watermelons,1977,0
Import Quantity,t,Watermelons,1978,0
Import Value,1000 USD,Watermelons,1978,0
Export Quantity,t,Watermelons,1978,0
Export Value,1000 USD,Watermelons,1978,0
Import Quantity,t,Watermelons,1979,0
Import Value,1000 USD,Watermelons,1979,0
Export Quantity,t,Watermelons,1979,0
Export Value,1000 USD,Watermelons,1979,0
Import Quantity,t,Watermelons,1980,13670
Import Value,1000 USD,Watermelons,1980,8513
Export Quantity,t,Watermelons,1980,189
Export Value,1000 USD,Watermelons,1980,154
Import Quantity,t,Watermelons,1981,13162
Import Value,1000 USD,Watermelons,1981,5664
Export Quantity,t,Watermelons,1981,136
Export Value,1000 USD,Watermelons,1981,99
Import Quantity,t,Watermelons,1982,12272
Import Value,1000 USD,Watermelons,1982,5379
Export Quantity,t,Watermelons,1982,312
Export Value,1000 USD,Watermelons,1982,210
Import Quantity,t,Watermelons,1983,16655
Import Value,1000 USD,Watermelons,1983,5084
Export Quantity,t,Watermelons,1983,313
Export Value,1000 USD,Watermelons,1983,209
Import Quantity,t,Watermelons,1984,17064
Import Value,1000 USD,Watermelons,1984,4991
Export Quantity,t,Watermelons,1984,259
Export Value,1000 USD,Watermelons,1984,155
Import Quantity,t,Watermelons,1985,13880
Import Value,1000 USD,Watermelons,1985,4188
Export Quantity,t,Watermelons,1985,147
Export Value,1000 USD,Watermelons,1985,80
Import Quantity,t,Watermelons,1986,15200
Import Value,1000 USD,Watermelons,1986,5702
Export Quantity,t,Watermelons,1986,118
Export Value,1000 USD,Watermelons,1986,73
Import Quantity,t,Watermelons,1987,17716
Import Value,1000 USD,Watermelons,1987,8199
Export Quantity,t,Watermelons,1987,202
Export Value,1000 USD,Watermelons,1987,168
Import Quantity,t,Watermelons,1988,15782
Import Value,1000 USD,Watermelons,1988,7552
Export Quantity,t,Watermelons,1988,221
Export Value,1000 USD,Watermelons,1988,235
Import Quantity,t,Watermelons,1989,20748
Import Value,1000 USD,Watermelons,1989,10162
Export Quantity,t,Watermelons,1989,220
Export Value,1000 USD,Watermelons,1989,237
Import Quantity,t,Watermelons,1990,22134
Import Value,1000 USD,Watermelons,1990,11486
Export Quantity,t,Watermelons,1990,196
Export Value,1000 USD,Watermelons,1990,258
Import Quantity,t,Watermelons,1991,19211
Import Value,1000 USD,Watermelons,1991,8540
Export Quantity,t,Watermelons,1991,386
Export Value,1000 USD,Watermelons,1991,373
Import Quantity,t,Watermelons,1992,19898
Import Value,1000 USD,Watermelons,1992,11052
Export Quantity,t,Watermelons,1992,472
Export Value,1000 USD,Watermelons,1992,487
Import Quantity,t,Watermelons,1993,15784
Import Value,1000 USD,Watermelons,1993,7355
Export Quantity,t,Watermelons,1993,27
Export Value,1000 USD,Watermelons,1993,27
Import Quantity,t,Watermelons,1994,18228
Import Value,1000 USD,Watermelons,1994,9290
Export Quantity,t,Watermelons,1994,256
Export Value,1000 USD,Watermelons,1994,277
Import Quantity,t,Watermelons,1995,23664
Import Value,1000 USD,Watermelons,1995,10757
Export Quantity,t,Watermelons,1995,833
Export Value,1000 USD,Watermelons,1995,527
Import Quantity,t,Watermelons,1996,15594
Import Value,1000 USD,Watermelons,1996,8322
Export Quantity,t,Watermelons,1996,91
Export Value,1000 USD,Watermelons,1996,105
Import Quantity,t,Watermelons,1997,20119
Import Value,1000 USD,Watermelons,1997,10696
Export Quantity,t,Watermelons,1997,47
Export Value,1000 USD,Watermelons,1997,120
Import Quantity,t,Watermelons,1998,27579
Import Value,1000 USD,Watermelons,1998,13337
Export Quantity,t,Watermelons,1998,135
Export Value,1000 USD,Watermelons,1998,191
Import Quantity,t,Watermelons,1999,19115
Import Value,1000 USD,Watermelons,1999,9255
Export Quantity,t,Watermelons,1999,157
Export Value,1000 USD,Watermelons,1999,284
Import Quantity,t,Watermelons,2000,22336
Import Value,1000 USD,Watermelons,2000,10690
Export Quantity,t,Watermelons,2000,157
Export Value,1000 USD,Watermelons,2000,167
Import Quantity,t,Watermelons,2001,19005
Import Value,1000 USD,Watermelons,2001,8619
Export Quantity,t,Watermelons,2001,210
Export Value,1000 USD,Watermelons,2001,286
Import Quantity,t,Watermelons,2002,25826
Import Value,1000 USD,Watermelons,2002,11155
Export Quantity,t,Watermelons,2002,228
Export Value,1000 USD,Watermelons,2002,231
Import Quantity,t,Watermelons,2003,27235
Import Value,1000 USD,Watermelons,2003,13932
Export Quantity,t,Watermelons,2003,93
Export Value,1000 USD,Watermelons,2003,74
Import Quantity,t,Watermelons,2004,32488
Import Value,1000 USD,Watermelons,2004,19419
Export Quantity,t,Watermelons,2004,912
Export Value,1000 USD,Watermelons,2004,817
Import Quantity,t,Watermelons,2005,40557
Import Value,1000 USD,Watermelons,2005,23476
Export Quantity,t,Watermelons,2005,1230
Export Value,1000 USD,Watermelons,2005,793
Import Quantity,t,Watermelons,2006,51391
Import Value,1000 USD,Watermelons,2006,29318
Export Quantity,t,Watermelons,2006,1148
Export Value,1000 USD,Watermelons,2006,972
Import Quantity,t,Watermelons,2007,51817
Import Value,1000 USD,Watermelons,2007,39666
Export Quantity,t,Watermelons,2007,1600
Export Value,1000 USD,Watermelons,2007,1368
Import Quantity,t,Watermelons,2008,49994
Import Value,1000 USD,Watermelons,2008,37445
Export Quantity,t,Watermelons,2008,881
Export Value,1000 USD,Watermelons,2008,732
Import Quantity,t,Watermelons,2009,50820
Import Value,1000 USD,Watermelons,2009,36397
Export Quantity,t,Watermelons,2009,434
Export Value,1000 USD,Watermelons,2009,353
Import Quantity,t,Watermelons,2010,59355
Import Value,1000 USD,Watermelons,2010,41382
Export Quantity,t,Watermelons,2010,1078
Export Value,1000 USD,Watermelons,2010,377
Import Quantity,t,Watermelons,2011,56390
Import Value,1000 USD,Watermelons,2011,41013
Export Quantity,t,Watermelons,2011,934
Export Value,1000 USD,Watermelons,2011,694
Import Quantity,t,Watermelons,2012,64789
Import Value,1000 USD,Watermelons,2012,44123
Export Quantity,t,Watermelons,2012,815
Export Value,1000 USD,Watermelons,2012,943
Import Quantity,t,Watermelons,2013,75162
Import Value,1000 USD,Watermelons,2013,53009
Export Quantity,t,Watermelons,2013,839
Export Value,1000 USD,Watermelons,2013,971
Import Quantity,t,Watermelons,2014,90261.8
Import Value,1000 USD,Watermelons,2014,61011
Export Quantity,t,Watermelons,2014,745.4
Export Value,1000 USD,Watermelons,2014,928
Import Quantity,t,Watermelons,2015,102567.9
Import Value,1000 USD,Watermelons,2015,61834
Export Quantity,t,Watermelons,2015,1003.1
Export Value,1000 USD,Watermelons,2015,1381
Import Quantity,t,Watermelons,2016,120940.78
Import Value,1000 USD,Watermelons,2016,73055
Export Quantity,t,Watermelons,2016,508.63
Export Value,1000 USD,Watermelons,2016,616
Import Quantity,t,Watermelons,2017,125693.45
Import Value,1000 USD,Watermelons,2017,74028
Export Quantity,t,Watermelons,2017,1260.24
Export Value,1000 USD,Watermelons,2017,1271
Import Quantity,t,Watermelons,2018,137219.48
Import Value,1000 USD,Watermelons,2018,92381
Export Quantity,t,Watermelons,2018,2750.93
Export Value,1000 USD,Watermelons,2018,3266
Import Quantity,t,Watermelons,2019,149790.65
Import Value,1000 USD,Watermelons,2019,93341
Export Quantity,t,Watermelons,2019,4049.85
Export Value,1000 USD,Watermelons,2019,4550
Import Quantity,t,Watermelons,2020,153552.74
Import Value,1000 USD,Watermelons,2020,103196
Export Quantity,t,Watermelons,2020,6036.72
Export Value,1000 USD,Watermelons,2020,7092
Import Quantity,t,Watermelons,2021,136126.65
Import Value,1000 USD,Watermelons,2021,88073
Export Quantity,t,Watermelons,2021,1241.56
Export Value,1000 USD,Watermelons,2021,1899
Import Quantity,t,Watermelons,2022,162367.25
Import Value,1000 USD,Watermelons,2022,133332
Export Quantity,t,Watermelons,2022,800.62
Export Value,1000 USD,Watermelons,2022,792
Import Quantity,t,Wheat,1961,3983503
Import Value,1000 USD,Wheat,1961,282630
Export Quantity,t,Wheat,1961,20155
Export Value,1000 USD,Wheat,1961,2244
Import Quantity,t,Wheat,1962,3984500
Import Value,1000 USD,Wheat,1962,291561
Export Quantity,t,Wheat,1962,15350
Export Value,1000 USD,Wheat,1962,1166
Import Quantity,t,Wheat,1963,3998786
Import Value,1000 USD,Wheat,1963,289730
Export Quantity,t,Wheat,1963,135900
Export Value,1000 USD,Wheat,1963,9360
Import Quantity,t,Wheat,1964,3847700
Import Value,1000 USD,Wheat,1964,288580
Export Quantity,t,Wheat,1964,9666
Export Value,1000 USD,Wheat,1964,633
Import Quantity,t,Wheat,1965,4409580
Import Value,1000 USD,Wheat,1965,320522
Export Quantity,t,Wheat,1965,9616
Export Value,1000 USD,Wheat,1965,693
Import Quantity,t,Wheat,1966,4069618
Import Value,1000 USD,Wheat,1966,302044
Export Quantity,t,Wheat,1966,9201
Export Value,1000 USD,Wheat,1966,756
Import Quantity,t,Wheat,1967,3826129
Import Value,1000 USD,Wheat,1967,287031
Export Quantity,t,Wheat,1967,9958
Export Value,1000 USD,Wheat,1967,717
Import Quantity,t,Wheat,1968,4098598
Import Value,1000 USD,Wheat,1968,282757
Export Quantity,t,Wheat,1968,12757
Export Value,1000 USD,Wheat,1968,792
Import Quantity,t,Wheat,1969,4736491
Import Value,1000 USD,Wheat,1969,317542
Export Quantity,t,Wheat,1969,8973
Export Value,1000 USD,Wheat,1969,692
Import Quantity,t,Wheat,1970,4983614
Import Value,1000 USD,Wheat,1970,345502
Export Quantity,t,Wheat,1970,7174
Export Value,1000 USD,Wheat,1970,484
Import Quantity,t,Wheat,1971,4605931
Import Value,1000 USD,Wheat,1971,335894
Export Quantity,t,Wheat,1971,9280
Export Value,1000 USD,Wheat,1971,719
Import Quantity,t,Wheat,1972,4191115
Import Value,1000 USD,Wheat,1972,310143
Export Quantity,t,Wheat,1972,12072
Export Value,1000 USD,Wheat,1972,1113
Import Quantity,t,Wheat,1973,3778939
Import Value,1000 USD,Wheat,1973,414550
Export Quantity,t,Wheat,1973,9975
Export Value,1000 USD,Wheat,1973,1463
Import Quantity,t,Wheat,1974,2856339
Import Value,1000 USD,Wheat,1974,579083
Export Quantity,t,Wheat,1974,2078
Export Value,1000 USD,Wheat,1974,427
Import Quantity,t,Wheat,1975,3626012
Import Value,1000 USD,Wheat,1975,660867
Export Quantity,t,Wheat,1975,216532
Export Value,1000 USD,Wheat,1975,35950
Import Quantity,t,Wheat,1976,3802333
Import Value,1000 USD,Wheat,1976,592229
Export Quantity,t,Wheat,1976,85659
Export Value,1000 USD,Wheat,1976,11985
Import Quantity,t,Wheat,1977,3841242
Import Value,1000 USD,Wheat,1977,588151
Export Quantity,t,Wheat,1977,176256
Export Value,1000 USD,Wheat,1977,33972
Import Quantity,t,Wheat,1978,3086284
Import Value,1000 USD,Wheat,1978,554360
Export Quantity,t,Wheat,1978,264898
Export Value,1000 USD,Wheat,1978,48130
Import Quantity,t,Wheat,1979,2600763
Import Value,1000 USD,Wheat,1979,544344
Export Quantity,t,Wheat,1979,134760
Export Value,1000 USD,Wheat,1979,34786
Import Quantity,t,Wheat,1980,2255670
Import Value,1000 USD,Wheat,1980,541042
Export Quantity,t,Wheat,1980,1054725
Export Value,1000 USD,Wheat,1980,259572
Import Quantity,t,Wheat,1981,1771617
Import Value,1000 USD,Wheat,1981,422201
Export Quantity,t,Wheat,1981,1510880
Export Value,1000 USD,Wheat,1981,340949
Import Quantity,t,Wheat,1982,1554003
Import Value,1000 USD,Wheat,1982,318505
Export Quantity,t,Wheat,1982,2354489
Export Value,1000 USD,Wheat,1982,486867
Import Quantity,t,Wheat,1983,1276305
Import Value,1000 USD,Wheat,1983,264839
Export Quantity,t,Wheat,1983,1324132
Export Value,1000 USD,Wheat,1983,252040
Import Quantity,t,Wheat,1984,1136331
Import Value,1000 USD,Wheat,1984,227402
Export Quantity,t,Wheat,1984,2175360
Export Value,1000 USD,Wheat,1984,346613
Import Quantity,t,Wheat,1985,1609223
Import Value,1000 USD,Wheat,1985,297498
Export Quantity,t,Wheat,1985,1886228
Export Value,1000 USD,Wheat,1985,282191
Import Quantity,t,Wheat,1986,1710812
Import Value,1000 USD,Wheat,1986,347245
Export Quantity,t,Wheat,1986,3987244
Export Value,1000 USD,Wheat,1986,663900
Import Quantity,t,Wheat,1987,1718028
Import Value,1000 USD,Wheat,1987,366280
Export Quantity,t,Wheat,1987,4121589
Export Value,1000 USD,Wheat,1987,511595
Import Quantity,t,Wheat,1988,1636596
Import Value,1000 USD,Wheat,1988,393693
Export Quantity,t,Wheat,1988,1927336
Export Value,1000 USD,Wheat,1988,291025
Import Quantity,t,Wheat,1989,852072
Import Value,1000 USD,Wheat,1989,202026
Export Quantity,t,Wheat,1989,3278348
Export Value,1000 USD,Wheat,1989,533971
Import Quantity,t,Wheat,1990,871835
Import Value,1000 USD,Wheat,1990,193823
Export Quantity,t,Wheat,1990,4459887
Export Value,1000 USD,Wheat,1990,759621
Import Quantity,t,Wheat,1991,743272
Import Value,1000 USD,Wheat,1991,170044
Export Quantity,t,Wheat,1991,4024325
Export Value,1000 USD,Wheat,1991,757584
Import Quantity,t,Wheat,1992,1273810
Import Value,1000 USD,Wheat,1992,311583
Export Quantity,t,Wheat,1992,3975266
Export Value,1000 USD,Wheat,1992,775600
Import Quantity,t,Wheat,1993,1635031
Import Value,1000 USD,Wheat,1993,364532
Export Quantity,t,Wheat,1993,3897550
Export Value,1000 USD,Wheat,1993,643206
Import Quantity,t,Wheat,1994,1118903
Import Value,1000 USD,Wheat,1994,245054
Export Quantity,t,Wheat,1994,3494053
Export Value,1000 USD,Wheat,1994,533395
Import Quantity,t,Wheat,1995,879552
Import Value,1000 USD,Wheat,1995,200108
Export Quantity,t,Wheat,1995,2669090
Export Value,1000 USD,Wheat,1995,482524
Import Quantity,t,Wheat,1996,667908
Import Value,1000 USD,Wheat,1996,155382
Export Quantity,t,Wheat,1996,3674553
Export Value,1000 USD,Wheat,1996,674619
Import Quantity,t,Wheat,1997,1102422
Import Value,1000 USD,Wheat,1997,222716
Export Quantity,t,Wheat,1997,3645254
Export Value,1000 USD,Wheat,1997,574907
Import Quantity,t,Wheat,1998,1248980
Import Value,1000 USD,Wheat,1998,236614
Export Quantity,t,Wheat,1998,4213126
Export Value,1000 USD,Wheat,1998,581744
Import Quantity,t,Wheat,1999,1186700
Import Value,1000 USD,Wheat,1999,207928
Export Quantity,t,Wheat,1999,2853089
Export Value,1000 USD,Wheat,1999,390162
Import Quantity,t,Wheat,2000,1160786
Import Value,1000 USD,Wheat,2000,192267
Export Quantity,t,Wheat,2000,3526823
Export Value,1000 USD,Wheat,2000,417621
Import Quantity,t,Wheat,2001,1300043
Import Value,1000 USD,Wheat,2001,209281
Export Quantity,t,Wheat,2001,1626114
Export Value,1000 USD,Wheat,2001,190918
Import Quantity,t,Wheat,2002,1279177
Import Value,1000 USD,Wheat,2002,209725
Export Quantity,t,Wheat,2002,1624012
Export Value,1000 USD,Wheat,2002,177813
Import Quantity,t,Wheat,2003,973113
Import Value,1000 USD,Wheat,2003,191379
Export Quantity,t,Wheat,2003,3657581
Export Value,1000 USD,Wheat,2003,477356
Import Quantity,t,Wheat,2004,774718
Import Value,1000 USD,Wheat,2004,170830
Export Quantity,t,Wheat,2004,2523344
Export Value,1000 USD,Wheat,2004,377913
Import Quantity,t,Wheat,2005,1195425
Import Value,1000 USD,Wheat,2005,245072
Export Quantity,t,Wheat,2005,2494775
Export Value,1000 USD,Wheat,2005,361819
Import Quantity,t,Wheat,2006,1018623
Import Value,1000 USD,Wheat,2006,243535
Export Quantity,t,Wheat,2006,2116509
Export Value,1000 USD,Wheat,2006,352346
Import Quantity,t,Wheat,2007,1239050
Import Value,1000 USD,Wheat,2007,413421
Export Quantity,t,Wheat,2007,1911502
Export Value,1000 USD,Wheat,2007,463602
Import Quantity,t,Wheat,2008,1248302
Import Value,1000 USD,Wheat,2008,593735
Export Quantity,t,Wheat,2008,2765721
Export Value,1000 USD,Wheat,2008,740358
Import Quantity,t,Wheat,2009,1390207
Import Value,1000 USD,Wheat,2009,401616
Export Quantity,t,Wheat,2009,2533103
Export Value,1000 USD,Wheat,2009,475356
Import Quantity,t,Wheat,2010,1110861
Import Value,1000 USD,Wheat,2010,309972
Export Quantity,t,Wheat,2010,3334768
Export Value,1000 USD,Wheat,2010,702867
Import Quantity,t,Wheat,2011,901511
Import Value,1000 USD,Wheat,2011,363742
Export Quantity,t,Wheat,2011,2287100
Export Value,1000 USD,Wheat,2011,663553
Import Quantity,t,Wheat,2012,1784946
Import Value,1000 USD,Wheat,2012,640059
Export Quantity,t,Wheat,2012,1503413
Export Value,1000 USD,Wheat,2012,425351
Import Quantity,t,Wheat,2013,2963404
Import Value,1000 USD,Wheat,2013,1031146
Export Quantity,t,Wheat,2013,447822
Export Value,1000 USD,Wheat,2013,134830
Import Quantity,t,Wheat,2014,1815288.68
Import Value,1000 USD,Wheat,2014,567753
Export Quantity,t,Wheat,2014,1142846.09
Export Value,1000 USD,Wheat,2014,274244
Import Quantity,t,Wheat,2015,1537798.51
Import Value,1000 USD,Wheat,2015,390578
Export Quantity,t,Wheat,2015,2000561.8
Export Value,1000 USD,Wheat,2015,404063
Import Quantity,t,Wheat,2016,1472282.7
Import Value,1000 USD,Wheat,2016,324885
Export Quantity,t,Wheat,2016,2912752.8
Export Value,1000 USD,Wheat,2016,520969
Import Quantity,t,Wheat,2017,1868861.25
Import Value,1000 USD,Wheat,2017,436214
Export Quantity,t,Wheat,2017,644186.25
Export Value,1000 USD,Wheat,2017,132635
Import Quantity,t,Wheat,2018,2148066.02
Import Value,1000 USD,Wheat,2018,535367
Export Quantity,t,Wheat,2018,352916.15
Export Value,1000 USD,Wheat,2018,83009
Import Quantity,t,Wheat,2019,1210183.68
Import Value,1000 USD,Wheat,2019,312207
Export Quantity,t,Wheat,2019,1023644.52
Export Value,1000 USD,Wheat,2019,210054
Import Quantity,t,Wheat,2020,2133002.46
Import Value,1000 USD,Wheat,2020,533541
Export Quantity,t,Wheat,2020,520081.74
Export Value,1000 USD,Wheat,2020,118926
Import Quantity,t,Wheat,2021,2059943.94
Import Value,1000 USD,Wheat,2021,648362
Export Quantity,t,Wheat,2021,294468.6
Export Value,1000 USD,Wheat,2021,87977
Import Quantity,t,Wheat,2022,1634296.02
Import Value,1000 USD,Wheat,2022,688306
Export Quantity,t,Wheat,2022,864647.15
Export Value,1000 USD,Wheat,2022,310759
Import Quantity,t,Wine,1961,100307
Import Value,1000 USD,Wine,1961,65441
Export Quantity,t,Wine,1961,4481
Export Value,1000 USD,Wine,1961,5686
Import Quantity,t,Wine,1962,93560
Import Value,1000 USD,Wine,1962,63247
Export Quantity,t,Wine,1962,4535
Export Value,1000 USD,Wine,1962,5847
Import Quantity,t,Wine,1963,108129
Import Value,1000 USD,Wine,1963,71813
Export Quantity,t,Wine,1963,4702
Export Value,1000 USD,Wine,1963,6272
Import Quantity,t,Wine,1964,122891
Import Value,1000 USD,Wine,1964,80367
Export Quantity,t,Wine,1964,5470
Export Value,1000 USD,Wine,1964,7741
Import Quantity,t,Wine,1965,122055
Import Value,1000 USD,Wine,1965,73803
Export Quantity,t,Wine,1965,5841
Export Value,1000 USD,Wine,1965,9571
Import Quantity,t,Wine,1966,123922
Import Value,1000 USD,Wine,1966,76728
Export Quantity,t,Wine,1966,5925
Export Value,1000 USD,Wine,1966,8723
Import Quantity,t,Wine,1967,142389
Import Value,1000 USD,Wine,1967,89299
Export Quantity,t,Wine,1967,5686
Export Value,1000 USD,Wine,1967,8443
Import Quantity,t,Wine,1968,165649
Import Value,1000 USD,Wine,1968,96794
Export Quantity,t,Wine,1968,7010
Export Value,1000 USD,Wine,1968,10744
Import Quantity,t,Wine,1969,169378
Import Value,1000 USD,Wine,1969,84072
Export Quantity,t,Wine,1969,7583
Export Value,1000 USD,Wine,1969,12105
Import Quantity,t,Wine,1970,158435
Import Value,1000 USD,Wine,1970,91803
Export Quantity,t,Wine,1970,7812
Export Value,1000 USD,Wine,1970,14266
Import Quantity,t,Wine,1971,196672
Import Value,1000 USD,Wine,1971,117660
Export Quantity,t,Wine,1971,9452
Export Value,1000 USD,Wine,1971,17417
Import Quantity,t,Wine,1972,234214
Import Value,1000 USD,Wine,1972,174354
Export Quantity,t,Wine,1972,9454
Export Value,1000 USD,Wine,1972,18340
Import Quantity,t,Wine,1973,320388
Import Value,1000 USD,Wine,1973,327082
Export Quantity,t,Wine,1973,11266
Export Value,1000 USD,Wine,1973,23216
Import Quantity,t,Wine,1974,296740
Import Value,1000 USD,Wine,1974,292948
Export Quantity,t,Wine,1974,12980
Export Value,1000 USD,Wine,1974,28456
Import Quantity,t,Wine,1975,266418
Import Value,1000 USD,Wine,1975,248024
Export Quantity,t,Wine,1975,12516
Export Value,1000 USD,Wine,1975,30939
Import Quantity,t,Wine,1976,273501
Import Value,1000 USD,Wine,1976,238849
Export Quantity,t,Wine,1976,13631
Export Value,1000 USD,Wine,1976,31670
Import Quantity,t,Wine,1977,318043
Import Value,1000 USD,Wine,1977,306975
Export Quantity,t,Wine,1977,15108
Export Value,1000 USD,Wine,1977,40275
Import Quantity,t,Wine,1978,328451
Import Value,1000 USD,Wine,1978,410028
Export Quantity,t,Wine,1978,21602
Export Value,1000 USD,Wine,1978,51393
Import Quantity,t,Wine,1979,410266
Import Value,1000 USD,Wine,1979,614075
Export Quantity,t,Wine,1979,22235
Export Value,1000 USD,Wine,1979,54873
Import Quantity,t,Wine,1980,351692
Import Value,1000 USD,Wine,1980,607565
Export Quantity,t,Wine,1980,17528
Export Value,1000 USD,Wine,1980,56424
Import Quantity,t,Wine,1981,409662
Import Value,1000 USD,Wine,1981,600566
Export Quantity,t,Wine,1981,13934
Export Value,1000 USD,Wine,1981,50663
Import Quantity,t,Wine,1982,405034
Import Value,1000 USD,Wine,1982,545722
Export Quantity,t,Wine,1982,12605
Export Value,1000 USD,Wine,1982,50306
Import Quantity,t,Wine,1983,445290
Import Value,1000 USD,Wine,1983,625996
Export Quantity,t,Wine,1983,5227
Export Value,1000 USD,Wine,1983,20221
Import Quantity,t,Wine,1984,509610
Import Value,1000 USD,Wine,1984,641416
Export Quantity,t,Wine,1984,6916
Export Value,1000 USD,Wine,1984,24986
Import Quantity,t,Wine,1985,537620
Import Value,1000 USD,Wine,1985,744343
Export Quantity,t,Wine,1985,7901
Export Value,1000 USD,Wine,1985,28778
Import Quantity,t,Wine,1986,558427
Import Value,1000 USD,Wine,1986,996953
Export Quantity,t,Wine,1986,5469
Export Value,1000 USD,Wine,1986,31286
Import Quantity,t,Wine,1987,605406
Import Value,1000 USD,Wine,1987,1185671
Export Quantity,t,Wine,1987,5449
Export Value,1000 USD,Wine,1987,40631
Import Quantity,t,Wine,1988,614377
Import Value,1000 USD,Wine,1988,1326351
Export Quantity,t,Wine,1988,5777
Export Value,1000 USD,Wine,1988,38045
Import Quantity,t,Wine,1989,626934
Import Value,1000 USD,Wine,1989,1351686
Export Quantity,t,Wine,1989,7262
Export Value,1000 USD,Wine,1989,45480
Import Quantity,t,Wine,1990,639508
Import Value,1000 USD,Wine,1990,1682325
Export Quantity,t,Wine,1990,6636
Export Value,1000 USD,Wine,1990,60949
Import Quantity,t,Wine,1991,619795
Import Value,1000 USD,Wine,1991,1543183
Export Quantity,t,Wine,1991,5114
Export Value,1000 USD,Wine,1991,49057
Import Quantity,t,Wine,1992,638850
Import Value,1000 USD,Wine,1992,1599437
Export Quantity,t,Wine,1992,5799
Export Value,1000 USD,Wine,1992,57584
Import Quantity,t,Wine,1993,653560
Import Value,1000 USD,Wine,1993,1448000
Export Quantity,t,Wine,1993,4863
Export Value,1000 USD,Wine,1993,46183
Import Quantity,t,Wine,1994,741796
Import Value,1000 USD,Wine,1994,1692764
Export Quantity,t,Wine,1994,4990
Export Value,1000 USD,Wine,1994,34548
Import Quantity,t,Wine,1995,639415
Import Value,1000 USD,Wine,1995,1697965
Export Quantity,t,Wine,1995,10908
Export Value,1000 USD,Wine,1995,45546
Import Quantity,t,Wine,1996,701246
Import Value,1000 USD,Wine,1996,2025305
Export Quantity,t,Wine,1996,21454
Export Value,1000 USD,Wine,1996,75887
Import Quantity,t,Wine,1997,841948
Import Value,1000 USD,Wine,1997,2409473
Export Quantity,t,Wine,1997,28954
Export Value,1000 USD,Wine,1997,144995
Import Quantity,t,Wine,1998,857286
Import Value,1000 USD,Wine,1998,2869234
Export Quantity,t,Wine,1998,30780
Export Value,1000 USD,Wine,1998,159571
Import Quantity,t,Wine,1999,896301
Import Value,1000 USD,Wine,1999,3101205
Export Quantity,t,Wine,1999,22050
Export Value,1000 USD,Wine,1999,161305
Import Quantity,t,Wine,2000,887803.1
Import Value,1000 USD,Wine,2000,2544236
Export Quantity,t,Wine,2000,19490.28
Export Value,1000 USD,Wine,2000,156481
Import Quantity,t,Wine,2001,994339
Import Value,1000 USD,Wine,2001,2773622
Export Quantity,t,Wine,2001,16401
Export Value,1000 USD,Wine,2001,154138
Import Quantity,t,Wine,2002,1027038
Import Value,1000 USD,Wine,2002,3026437
Export Quantity,t,Wine,2002,23738
Export Value,1000 USD,Wine,2002,184490
Import Quantity,t,Wine,2003,1133991
Import Value,1000 USD,Wine,2003,3535175
Export Quantity,t,Wine,2003,21857
Export Value,1000 USD,Wine,2003,217530
Import Quantity,t,Wine,2004,1297578
Import Value,1000 USD,Wine,2004,4248918
Export Quantity,t,Wine,2004,26170
Export Value,1000 USD,Wine,2004,208449
Import Quantity,t,Wine,2005,1315753
Import Value,1000 USD,Wine,2005,4137027
Export Quantity,t,Wine,2005,37479
Export Value,1000 USD,Wine,2005,229747
Import Quantity,t,Wine,2006,1184626
Import Value,1000 USD,Wine,2006,4139239
Export Quantity,t,Wine,2006,42930
Export Value,1000 USD,Wine,2006,301243
Import Quantity,t,Wine,2007,1178888
Import Value,1000 USD,Wine,2007,5010178
Export Quantity,t,Wine,2007,45130
Export Value,1000 USD,Wine,2007,382942
Import Quantity,t,Wine,2008,1080247
Import Value,1000 USD,Wine,2008,5149419
Export Quantity,t,Wine,2008,36650
Export Value,1000 USD,Wine,2008,413269
Import Quantity,t,Wine,2009,1102908
Import Value,1000 USD,Wine,2009,4315072
Export Quantity,t,Wine,2009,43815
Export Value,1000 USD,Wine,2009,490072
Import Quantity,t,Wine,2010,1253093
Import Value,1000 USD,Wine,2010,4318981
Export Quantity,t,Wine,2010,73856
Export Value,1000 USD,Wine,2010,645353
Import Quantity,t,Wine,2011,1321398
Import Value,1000 USD,Wine,2011,4781924
Export Quantity,t,Wine,2011,68077
Export Value,1000 USD,Wine,2011,855714
Import Quantity,t,Wine,2012,1304406
Import Value,1000 USD,Wine,2012,5011885
Export Quantity,t,Wine,2012,79291
Export Value,1000 USD,Wine,2012,692436
Import Quantity,t,Wine,2013,1270247
Import Value,1000 USD,Wine,2013,4808152
Export Quantity,t,Wine,2013,100593
Export Value,1000 USD,Wine,2013,682306
Import Quantity,t,Wine,2014,1390953.39
Import Value,1000 USD,Wine,2014,4780508
Export Quantity,t,Wine,2014,110832.36
Export Value,1000 USD,Wine,2014,724187
Import Quantity,t,Wine,2015,1434963.22
Import Value,1000 USD,Wine,2015,4347343
Export Quantity,t,Wine,2015,105370.88
Export Value,1000 USD,Wine,2015,654710
Import Quantity,t,Wine,2016,1414523.02
Import Value,1000 USD,Wine,2016,3872508
Export Quantity,t,Wine,2016,91592.53
Export Value,1000 USD,Wine,2016,642789
Import Quantity,t,Wine,2017,1396789.92
Import Value,1000 USD,Wine,2017,3916814
Export Quantity,t,Wine,2017,109658.16
Export Value,1000 USD,Wine,2017,713252
Import Quantity,t,Wine,2018,1352035.36
Import Value,1000 USD,Wine,2018,4173791
Export Quantity,t,Wine,2018,127399.1
Export Value,1000 USD,Wine,2018,810933
Import Quantity,t,Wine,2019,1365023.56
Import Value,1000 USD,Wine,2019,4162432
Export Quantity,t,Wine,2019,108216.25
Export Value,1000 USD,Wine,2019,815165
Import Quantity,t,Wine,2020,1456460.47
Import Value,1000 USD,Wine,2020,4439425
Export Quantity,t,Wine,2020,94483.59
Export Value,1000 USD,Wine,2020,672380
Import Quantity,t,Wine,2021,1350148.16
Import Value,1000 USD,Wine,2021,4826113
Export Quantity,t,Wine,2021,37470.24
Export Value,1000 USD,Wine,2021,641506
Import Quantity,t,Wine,2022,1302429.36
Import Value,1000 USD,Wine,2022,5027442
Export Quantity,t,Wine,2022,33732.47
Export Value,1000 USD,Wine,2022,680935
Import Quantity,t,Yoghurt,1961,0
Import Value,1000 USD,Yoghurt,1961,0
Export Quantity,t,Yoghurt,1961,0
Export Value,1000 USD,Yoghurt,1961,0
Import Quantity,t,Yoghurt,1962,0
Import Value,1000 USD,Yoghurt,1962,0
Export Quantity,t,Yoghurt,1962,0
Export Value,1000 USD,Yoghurt,1962,0
Import Quantity,t,Yoghurt,1963,0
Import Value,1000 USD,Yoghurt,1963,0
Export Quantity,t,Yoghurt,1963,0
Export Value,1000 USD,Yoghurt,1963,0
Import Quantity,t,Yoghurt,1964,0
Import Value,1000 USD,Yoghurt,1964,0
Export Quantity,t,Yoghurt,1964,0
Export Value,1000 USD,Yoghurt,1964,0
Import Quantity,t,Yoghurt,1965,0
Import Value,1000 USD,Yoghurt,1965,0
Export Quantity,t,Yoghurt,1965,0
Export Value,1000 USD,Yoghurt,1965,0
Import Quantity,t,Yoghurt,1966,0
Import Value,1000 USD,Yoghurt,1966,0
Export Quantity,t,Yoghurt,1966,0
Export Value,1000 USD,Yoghurt,1966,0
Import Quantity,t,Yoghurt,1967,0
Import Value,1000 USD,Yoghurt,1967,0
Export Quantity,t,Yoghurt,1967,0
Export Value,1000 USD,Yoghurt,1967,0
Import Quantity,t,Yoghurt,1968,0
Import Value,1000 USD,Yoghurt,1968,0
Export Quantity,t,Yoghurt,1968,0
Export Value,1000 USD,Yoghurt,1968,0
Import Quantity,t,Yoghurt,1969,0
Import Value,1000 USD,Yoghurt,1969,0
Export Quantity,t,Yoghurt,1969,0
Export Value,1000 USD,Yoghurt,1969,0
Import Quantity,t,Yoghurt,1970,0
Import Value,1000 USD,Yoghurt,1970,0
Export Quantity,t,Yoghurt,1970,0
Export Value,1000 USD,Yoghurt,1970,0
Import Quantity,t,Yoghurt,1971,0
Import Value,1000 USD,Yoghurt,1971,0
Export Quantity,t,Yoghurt,1971,0
Export Value,1000 USD,Yoghurt,1971,0
Import Quantity,t,Yoghurt,1972,0
Import Value,1000 USD,Yoghurt,1972,0
Export Quantity,t,Yoghurt,1972,0
Export Value,1000 USD,Yoghurt,1972,0
Import Quantity,t,Yoghurt,1973,618
Import Value,1000 USD,Yoghurt,1973,236
Export Quantity,t,Yoghurt,1973,53
Export Value,1000 USD,Yoghurt,1973,5
Import Quantity,t,Yoghurt,1974,497
Import Value,1000 USD,Yoghurt,1974,201
Export Quantity,t,Yoghurt,1974,5
Export Value,1000 USD,Yoghurt,1974,2
Import Quantity,t,Yoghurt,1975,132
Import Value,1000 USD,Yoghurt,1975,118
Export Quantity,t,Yoghurt,1975,3
Export Value,1000 USD,Yoghurt,1975,13
Import Quantity,t,Yoghurt,1976,20
Import Value,1000 USD,Yoghurt,1976,15
Export Quantity,t,Yoghurt,1976,0
Export Value,1000 USD,Yoghurt,1976,0
Import Quantity,t,Yoghurt,1977,0
Import Value,1000 USD,Yoghurt,1977,0
Export Quantity,t,Yoghurt,1977,57
Export Value,1000 USD,Yoghurt,1977,12
Import Quantity,t,Yoghurt,1978,0
Import Value,1000 USD,Yoghurt,1978,0
Export Quantity,t,Yoghurt,1978,260
Export Value,1000 USD,Yoghurt,1978,27
Import Quantity,t,Yoghurt,1979,38
Import Value,1000 USD,Yoghurt,1979,42
Export Quantity,t,Yoghurt,1979,197
Export Value,1000 USD,Yoghurt,1979,42
Import Quantity,t,Yoghurt,1980,7
Import Value,1000 USD,Yoghurt,1980,16
Export Quantity,t,Yoghurt,1980,622
Export Value,1000 USD,Yoghurt,1980,140
Import Quantity,t,Yoghurt,1981,89
Import Value,1000 USD,Yoghurt,1981,87
Export Quantity,t,Yoghurt,1981,644
Export Value,1000 USD,Yoghurt,1981,203
Import Quantity,t,Yoghurt,1982,79
Import Value,1000 USD,Yoghurt,1982,109
Export Quantity,t,Yoghurt,1982,504
Export Value,1000 USD,Yoghurt,1982,221
Import Quantity,t,Yoghurt,1983,107
Import Value,1000 USD,Yoghurt,1983,155
Export Quantity,t,Yoghurt,1983,516
Export Value,1000 USD,Yoghurt,1983,179
Import Quantity,t,Yoghurt,1984,252
Import Value,1000 USD,Yoghurt,1984,297
Export Quantity,t,Yoghurt,1984,1700
Export Value,1000 USD,Yoghurt,1984,267
Import Quantity,t,Yoghurt,1985,957
Import Value,1000 USD,Yoghurt,1985,834
Export Quantity,t,Yoghurt,1985,2273
Export Value,1000 USD,Yoghurt,1985,407
Import Quantity,t,Yoghurt,1986,1378
Import Value,1000 USD,Yoghurt,1986,1767
Export Quantity,t,Yoghurt,1986,2445
Export Value,1000 USD,Yoghurt,1986,203
Import Quantity,t,Yoghurt,1987,1239
Import Value,1000 USD,Yoghurt,1987,1883
Export Quantity,t,Yoghurt,1987,5103
Export Value,1000 USD,Yoghurt,1987,268
Import Quantity,t,Yoghurt,1988,0
Import Value,1000 USD,Yoghurt,1988,0
Export Quantity,t,Yoghurt,1988,0
Export Value,1000 USD,Yoghurt,1988,0
Import Quantity,t,Yoghurt,1989,0
Import Value,1000 USD,Yoghurt,1989,0
Export Quantity,t,Yoghurt,1989,0
Export Value,1000 USD,Yoghurt,1989,0
Import Quantity,t,Yoghurt,1990,0
Import Value,1000 USD,Yoghurt,1990,0
Export Quantity,t,Yoghurt,1990,0
Export Value,1000 USD,Yoghurt,1990,0
Import Quantity,t,Yoghurt,1991,0
Import Value,1000 USD,Yoghurt,1991,0
Export Quantity,t,Yoghurt,1991,0
Export Value,1000 USD,Yoghurt,1991,0
Import Quantity,t,Yoghurt,1992,0
Import Value,1000 USD,Yoghurt,1992,0
Export Quantity,t,Yoghurt,1992,0
Export Value,1000 USD,Yoghurt,1992,0
Import Quantity,t,Yoghurt,1993,0
Import Value,1000 USD,Yoghurt,1993,0
Export Quantity,t,Yoghurt,1993,0
Export Value,1000 USD,Yoghurt,1993,0
Import Quantity,t,Yoghurt,1994,0
Import Value,1000 USD,Yoghurt,1994,0
Export Quantity,t,Yoghurt,1994,0
Export Value,1000 USD,Yoghurt,1994,0
Import Quantity,t,Yoghurt,1995,0
Import Value,1000 USD,Yoghurt,1995,0
Export Quantity,t,Yoghurt,1995,0
Export Value,1000 USD,Yoghurt,1995,0
Import Quantity,t,Yoghurt,1996,0
Import Value,1000 USD,Yoghurt,1996,0
Export Quantity,t,Yoghurt,1996,0
Export Value,1000 USD,Yoghurt,1996,0
Import Quantity,t,Yoghurt,1997,0
Import Value,1000 USD,Yoghurt,1997,0
Export Quantity,t,Yoghurt,1997,0
Export Value,1000 USD,Yoghurt,1997,0
Import Quantity,t,Yoghurt,1998,0
Import Value,1000 USD,Yoghurt,1998,0
Export Quantity,t,Yoghurt,1998,0
Export Value,1000 USD,Yoghurt,1998,0
Import Quantity,t,Yoghurt,1999,0
Import Value,1000 USD,Yoghurt,1999,0
Export Quantity,t,Yoghurt,1999,0
Export Value,1000 USD,Yoghurt,1999,0
Import Quantity,t,Yoghurt,2000,0
Import Value,1000 USD,Yoghurt,2000,0
Export Quantity,t,Yoghurt,2000,0
Export Value,1000 USD,Yoghurt,2000,0
Import Quantity,t,Yoghurt,2001,0
Import Value,1000 USD,Yoghurt,2001,0
Export Quantity,t,Yoghurt,2001,0
Export Value,1000 USD,Yoghurt,2001,0
Import Quantity,t,Yoghurt,2002,0
Import Value,1000 USD,Yoghurt,2002,0
Export Quantity,t,Yoghurt,2002,0
Export Value,1000 USD,Yoghurt,2002,0
Import Quantity,t,Yoghurt,2003,0
Import Value,1000 USD,Yoghurt,2003,0
Export Quantity,t,Yoghurt,2003,0
Export Value,1000 USD,Yoghurt,2003,0
Import Quantity,t,Yoghurt,2004,0
Import Value,1000 USD,Yoghurt,2004,0
Export Quantity,t,Yoghurt,2004,0
Export Value,1000 USD,Yoghurt,2004,0
Import Quantity,t,Yoghurt,2005,0
Import Value,1000 USD,Yoghurt,2005,0
Export Quantity,t,Yoghurt,2005,0
Export Value,1000 USD,Yoghurt,2005,0
Import Quantity,t,Yoghurt,2006,0
Import Value,1000 USD,Yoghurt,2006,0
Export Quantity,t,Yoghurt,2006,0
Export Value,1000 USD,Yoghurt,2006,0
Import Quantity,t,Yoghurt,2007,0
Import Value,1000 USD,Yoghurt,2007,0
Export Quantity,t,Yoghurt,2007,0
Export Value,1000 USD,Yoghurt,2007,0
Import Quantity,t,Yoghurt,2008,0
Import Value,1000 USD,Yoghurt,2008,0
Export Quantity,t,Yoghurt,2008,0
Export Value,1000 USD,Yoghurt,2008,0
Import Quantity,t,Yoghurt,2009,0
Import Value,1000 USD,Yoghurt,2009,0
Export Quantity,t,Yoghurt,2009,0
Export Value,1000 USD,Yoghurt,2009,0
Import Quantity,t,Yoghurt,2010,0
Import Value,1000 USD,Yoghurt,2010,0
Export Quantity,t,Yoghurt,2010,0
Export Value,1000 USD,Yoghurt,2010,0
Import Quantity,t,Yoghurt,2011,0
Import Value,1000 USD,Yoghurt,2011,0
Export Quantity,t,Yoghurt,2011,0
Export Value,1000 USD,Yoghurt,2011,0
Import Quantity,t,Yoghurt,2012,0
Import Value,1000 USD,Yoghurt,2012,0
Export Quantity,t,Yoghurt,2012,0
Export Value,1000 USD,Yoghurt,2012,0
Import Quantity,t,Yoghurt,2013,0
Import Value,1000 USD,Yoghurt,2013,0
Export Quantity,t,Yoghurt,2013,0
Export Value,1000 USD,Yoghurt,2013,0
